{"version":15,"hash":{"type":"Buffer","data":"lQZ+DUEWzT2GKMrdqAsX0zPa+nug2zr040+ZRHADZ1yhOEurpiNAKIzZ32tz20q7j3kyDLPYJ+dX1SVuDSBolMzOLHSmz8xqq3qdOd+B+IFNaUonqp1o9SV9qi+5fHA4gFhArsTGz7F1yEe5+ZpJEqFhNXheyhtNBFrmYirE2dk="},"indexValueMap":{"B9v5zhXXCGVKVYw5CXlqeLiQimqE7z0knb/VDJ4XmDk=":{"valueMac":{"type":"Buffer","data":"v6i0yTWsOFdeMOYoImt62CULj6+uD0eZhkzqKTg822g="}},"D8hHjvSOBQ3ClMuIuvbvmShcPOOk8msPkJnfhA0Q6Zs=":{"valueMac":{"type":"Buffer","data":"n3FWxF0HPnxlUbtiCp2/L1yGJm7uBq5dkfT0xxocK3A="}},"HC7JAWuILVicLFGCHGS80GZ/TBSQLk29i+R/o6j4sAI=":{"valueMac":{"type":"Buffer","data":"0U4pvhVKjynVGnckOIIVhChFFZSaMmE2yEacV2MgCA0="}},"LUHlnKLmp9dvUt0pmwJnxmC20LZstP6DtH36D2Y2t5Y=":{"valueMac":{"type":"Buffer","data":"0EiGt8GxoooIgu733Z00Hk1y/WZxjOGGaUQhY9WAcNA="}},"NIj6xBhSyEzF6z0NTsFJa859n9E0I1sPTCcZu3CWzo8=":{"valueMac":{"type":"Buffer","data":"MCbNWWSHmPPZwcZJHInlhlbkGE2Ss23PMFTh+UYSdS8="}},"TmoUoGQKrq/EdN+u5nt4blDhTPrUV+M8Fbu5GM0n3ZA=":{"valueMac":{"type":"Buffer","data":"atz6DED+CFmt0QexNRyBvxt1I+6NC/ULmU1m7RkgYVI="}},"UWvbzFeraT7J7DwJAYSiLxurNdYoQZXyVJKVptYUqpM=":{"valueMac":{"type":"Buffer","data":"jnrhuQZj7BBpVASnkGyxk6N9VzUYRoOAn4GGh+idkjo="}},"YCS9AAtQ+CMpO/CHq0t2B9YzpWU5rGSJJ3+uYdVRys8=":{"valueMac":{"type":"Buffer","data":"8L47RSJaZQG+G5r8rjv0H3fHhyx3Ki9LAUwV4bKIzf0="}},"aKu3iX8b+3IwPBsBm90W2MOo7b7N8dpwYbsBKK6fVAk=":{"valueMac":{"type":"Buffer","data":"wmLi2ES+s9if6uvtkHE6Gt+Qb3VXKHKw5AItirgn27g="}},"daXEeWSCcmo4H/zV9I3abj4/dspunL7ION/nopTLC4Y=":{"valueMac":{"type":"Buffer","data":"6L0B1mybzrD2C9f3BDpyQOn5Fz4EUpld0KvGP9VgoUU="}},"dxwdiSNqKxUMvaUZ7qw+GPZt5n7zpQdT+BqTUD8SJkU=":{"valueMac":{"type":"Buffer","data":"XJBvgSTAYKSfB3aOLPb0r7nRjx5mhFOTVw7jrMLLC/E="}},"htA/neH++7tallri7cvQia5OJB4O07GwI4t8QBFnmDc=":{"valueMac":{"type":"Buffer","data":"Xm+Gj+ptyXUqwoNuCoLMPWwlWZAVlYO5WeQ7lsu3mjo="}},"zfRDfbyxsbm0EuT90zJ+C4A2O6K2sXBiz9/hcFM57Rw=":{"valueMac":{"type":"Buffer","data":"dsnJDxMg5wyFSZyYQZQ9dlGnBtGx4yCgU8rXRtjYwiE="}},"0JVSCeMzy/wVLGIFu3xYzorWD/IcarElugTUwbdz6+I=":{"valueMac":{"type":"Buffer","data":"tMMseJrqfzq6BDSw1u7evaQpN38zidT/uiJMl1syncg="}},"4T81C2Z0jxoo3b/WIl//tjXzSfQJI7k15zzZAXDzVE4=":{"valueMac":{"type":"Buffer","data":"yTBpyYvKGbIRdnltVe7h1iKedO/8BG/OFpFdN93CUd8="}},"4U3qqJm/hrmrfGdPxbP8xlv+d8QpfXr28T5VXuc97r8=":{"valueMac":{"type":"Buffer","data":"u9+7ab5AOqJbGwZe+OJ7QX4oSQQtXa1JnVkbRRrZ5V8="}}}}