{"version":3,"hash":{"type":"Buffer","data":"iP/LOVKIJ9mLg+hc+Tlb4daRPAJhCl5Hcr+RXybGPa4ohvPSnn78mRJmA8Rqwdu9N0SRnXpMXvrIO66+Tl03pH8DY6fRidpBU7xUGT5IKs01apKj6reGMT5bzt5PAhmndg+pigLKdxnDDzhWUE+Srp89jLWqY5UcLszi/6gJ+7s="},"indexValueMap":{"PhfYa9IetKnKljWOLZYtSf+2rDcejfL9aAifr/8iBko=":{"valueMac":{"type":"Buffer","data":"DINJzqBjSq6NlyDJr88nogE1IDfLwAFnb4+PMUjtAFg="}},"GBLW5g91WVHcIWYZbp7WMw0aQlONr0rF3/ZaaZTFwWQ=":{"valueMac":{"type":"Buffer","data":"Uxt+jMGq0PZJkSs8uX7L4AENRGNKnpxQb4Ts6yyV4eE="}},"LNjFpqmH79HJa4IZm5DBnT6V+RK4Xt/eEu9XnCimEX4=":{"valueMac":{"type":"Buffer","data":"hIr0cMjp+NWOB6WdNQYvbt8V0QEslHG2OxXNAXnyAsg="}}}}