{"noiseKey":{"private":{"type":"Buffer","data":"aLTbaVG5dHS07oZwnKQYwqVXxN1CE9J31ynjVo7h/GM="},"public":{"type":"Buffer","data":"htfGTiL4T+uLtNWxKWTfV865fIioLCE+rMP7QodWuW0="}},"pairingEphemeralKeyPair":{"private":{"type":"Buffer","data":"IO51+WCx6YovE3wdFodGkh687pVnK2DxP3ZctDkR6kA="},"public":{"type":"Buffer","data":"72ah7+JN/gk1tqNAd4VwX6YwPGW1iMb8wL67MVP1pEg="}},"signedIdentityKey":{"private":{"type":"Buffer","data":"MHxXBNH+7Ef1l2jxXbWPzMZkQAP+fFmZAWqSOj5wNV4="},"public":{"type":"Buffer","data":"m/atZdJb6XAXRSLXhvjQy9ZNThGSlt8J6/X97YJ0RBI="}},"signedPreKey":{"keyPair":{"private":{"type":"Buffer","data":"sBWpxsMTxW3PrhMVhV9pw3nt3kK1AQ3ODsoPMqyrQmg="},"public":{"type":"Buffer","data":"FLCxwk7bFL2PGtQhGqFxg2eHOaywjwq1gCCFkCwwjxU="}},"signature":{"type":"Buffer","data":"QR1ghhpxNouJ+JyqkD+kvbGwWFddLGSeAH4DP3ls5BDhTSufv2MkOBsNy44/41fl73grfh2/o8+/jRS8BtmPBQ=="},"keyId":1},"registrationId":30,"advSecretKey":"cMl2tbbQboVR1MqpJ0DYM8rJLC8W2gILZcwTk2u0ukM=","processedHistoryMessages":[{"key":{"remoteJid":"6289519746316@s.whatsapp.net","fromMe":true,"id":"BC84F73BFD10F77F546C27C3CD815EC3"},"messageTimestamp":1734398499},{"key":{"remoteJid":"6289519746316@s.whatsapp.net","fromMe":true,"id":"7066690B7D691B3C70E7B6114D23A4B7"},"messageTimestamp":1734398499},{"key":{"remoteJid":"6289519746316@s.whatsapp.net","fromMe":true,"id":"28A93F0EBBF17575C9452C34AC26B27B"},"messageTimestamp":1734398577},{"key":{"remoteJid":"6289519746316@s.whatsapp.net","fromMe":true,"id":"F5A2F9AF3C40AFC2AF04B42CF99C3F6D"},"messageTimestamp":1734398610},{"key":{"remoteJid":"6289519746316@s.whatsapp.net","fromMe":true,"id":"2C60BB25CEE9444A897CE6935147E397"},"messageTimestamp":1734398665},{"key":{"remoteJid":"6289519746316@s.whatsapp.net","fromMe":true,"id":"79397154DAC99B3EBBE06DEEA76ABB39"},"messageTimestamp":1734398674},{"key":{"remoteJid":"6289519746316@s.whatsapp.net","fromMe":true,"id":"2F99AB32A159320D625B69405D5D93B6"},"messageTimestamp":1734398674}],"nextPreKeyId":31,"firstUnuploadedPreKeyId":31,"accountSyncCounter":1,"accountSettings":{"unarchiveChats":false},"registered":true,"pairingCode":"JAP2VP2L","me":{"id":"6289519746316:90@s.whatsapp.net","lid":"60520887517358:90@lid","name":"BOT☠️"},"account":{"details":"CI24qzgQ/qODuwYYBSAAKAA=","accountSignatureKey":"XrZxm9agiUfeFKygKYaz4FF7Ui68W7EyWM0xBh1QFDs=","accountSignature":"kNKtz9HwrkDGvL7S4bTz2pGwmAts7vZUN4uU8nCcFLibm1Lk/j1brNVsqt870cCpPTJyrH9k70EV73Q6086nAg==","deviceSignature":"Oj3+Fg1mx/xz86IT+dB7cTVdwrfZVWTEP1S5Z7Z22yeKH1oJVoEQ1V0RRxvaG80n10135HAcbt4jOiYnlMxoDw=="},"signalIdentities":[{"identifier":{"name":"6289519746316:90@s.whatsapp.net","deviceId":0},"identifierKey":{"type":"Buffer","data":"BV62cZvWoIlH3hSsoCmGs+BRe1IuvFuxMljNMQYdUBQ7"}}],"platform":"android","routingInfo":{"type":"Buffer","data":"CAsIEg=="},"lastAccountSyncTimestamp":1734398466,"lastPropHash":"iEaZ1","myAppStateKeyId":"AAAAANqT"}