{"_sessions":{"BbGH08zVkkgAIKgEYw/vHbhLYWLkm1hSLGg1Y8D4RV9i":{"registrationId":104658290,"currentRatchet":{"ephemeralKeyPair":{"pubKey":"BTxbPyxn9wr1DjxRKDUKTOnGuMw3KZpAFPcKNCZ9YDsk","privKey":"KJWPvf9e0zKv6ouaogQBQRxCyOr6W3IpFr4O7QKoFXc="},"lastRemoteEphemeralKey":"Bd5FZ8T8FzJshyreBW1Tj0gjewL51EypuYGwpxbEGbAb","previousCounter":0,"rootKey":"tzc4SvSCz3ud/yU3t2vq8vXt5wsp2BzNBIrePiIvBYo="},"indexInfo":{"baseKey":"BbGH08zVkkgAIKgEYw/vHbhLYWLkm1hSLGg1Y8D4RV9i","baseKeyType":1,"closed":-1,"used":1734398773265,"created":1734398773265,"remoteIdentityKey":"BSNmbBhMbcEn94XBDAAaCVfz/hXpoOEWnvniQIo/v90I"},"_chains":{"BTxbPyxn9wr1DjxRKDUKTOnGuMw3KZpAFPcKNCZ9YDsk":{"chainKey":{"counter":0,"key":"aY9M+WsNdQYrUZ5vLVhd8nAPR+X0ZMqrt5YVZ2HyVrc="},"chainType":1,"messageKeys":{}}},"pendingPreKey":{"signedKeyId":9,"baseKey":"BbGH08zVkkgAIKgEYw/vHbhLYWLkm1hSLGg1Y8D4RV9i","preKeyId":11949376}}},"version":"v1"}