{"_sessions":{"BSPTjlLj7H/uTOdGZXBZBmhOmQcCsnbffY6aGtQgv8hU":{"registrationId":30377521,"currentRatchet":{"ephemeralKeyPair":{"pubKey":"BcmCR0dMG6vXohnFRfCI6jEKUyliwKEWQvfq3IdasJoY","privKey":"cHkWjwqHFbbMeJ6mdWWscHPR+xSpIM91aj44Ephvr0w="},"lastRemoteEphemeralKey":"BVaWF87aZZAstTSHPJiWDUmvRlXPsObMETyPby1XVJ84","previousCounter":0,"rootKey":"HM8zxxEVji7rH7VcwGef/gX4hzK9eDyeAVOgLxG5IEY="},"indexInfo":{"baseKey":"BSPTjlLj7H/uTOdGZXBZBmhOmQcCsnbffY6aGtQgv8hU","baseKeyType":1,"closed":-1,"used":1734398773014,"created":1734398773014,"remoteIdentityKey":"BaxKXxvo9YtVTTdWp9cUa7oAjLFbkZfsKGUfg/UBoyhe"},"_chains":{"BcmCR0dMG6vXohnFRfCI6jEKUyliwKEWQvfq3IdasJoY":{"chainKey":{"counter":0,"key":"AvZBCyUG/zhI0VTgq+v6jYWPK5SM4sCiqfR8S4yJbJU="},"chainType":1,"messageKeys":{}}},"pendingPreKey":{"signedKeyId":7,"baseKey":"BSPTjlLj7H/uTOdGZXBZBmhOmQcCsnbffY6aGtQgv8hU","preKeyId":9723948}}},"version":"v1"}