{"_sessions":{"BR8f1xKVX41ICsimK9F/fDqNFG35yuzvREBjolBlQYtF":{"registrationId":2734372,"currentRatchet":{"ephemeralKeyPair":{"pubKey":"BdjA898pufCDP0GST9C/ykAF0yU37+al4waZ9RyonLg2","privKey":"4ADoTy+lk5TVfOBLeCLG3O4MoYhggAz/chMQVOHAKl4="},"lastRemoteEphemeralKey":"BcOqOb4phd6sN+O35xZRJ/gvo1RcuSfd2M4urVJ013cb","previousCounter":0,"rootKey":"w1NNGjYPa0PRKkQWZ83GUMzhOeMVGJJ1v/cG9t04Hxg="},"indexInfo":{"baseKey":"BR8f1xKVX41ICsimK9F/fDqNFG35yuzvREBjolBlQYtF","baseKeyType":1,"closed":-1,"used":1734398780396,"created":1734398780396,"remoteIdentityKey":"BbwbaQbw8giFql7IdGtZq/qxhCH0/PlqLRBLwnmldWwz"},"_chains":{"BdjA898pufCDP0GST9C/ykAF0yU37+al4waZ9RyonLg2":{"chainKey":{"counter":0,"key":"B4EipLPMdvkAF6XPEcQRMDD8XWbojXV9ZyQMXbLVGYI="},"chainType":1,"messageKeys":{}}},"pendingPreKey":{"signedKeyId":1,"baseKey":"BR8f1xKVX41ICsimK9F/fDqNFG35yuzvREBjolBlQYtF","preKeyId":4588525}}},"version":"v1"}