{"_sessions":{"Ba1MeO0O42aPpqmb6dIW08eI6uHNMMQyTiB93zWCrfw5":{"registrationId":1432189222,"currentRatchet":{"ephemeralKeyPair":{"pubKey":"BXJc3b7MaIOB2qbE1mHXAoN+hkh29Hhyu47r2Wb1ezdG","privKey":"yNMZMAPH9yV9elr1ncyIvJesVM+9EWDAlTtdG7z4zXU="},"lastRemoteEphemeralKey":"BUlX9yrOUBA0fb0IOEMWchSE7HjENVjD3UvfIy7ZyXgQ","previousCounter":0,"rootKey":"ZwAsVTjxqivFgzRLMQ3andxW6wD87DvRrEV38hMBOi8="},"indexInfo":{"baseKey":"Ba1MeO0O42aPpqmb6dIW08eI6uHNMMQyTiB93zWCrfw5","baseKeyType":1,"closed":-1,"used":1734398778265,"created":1734398778265,"remoteIdentityKey":"BQXRvpRiVfBn3xPkTbQzQ0vsM1t6OEIYyYb4WKbEO5Ip"},"_chains":{"BXJc3b7MaIOB2qbE1mHXAoN+hkh29Hhyu47r2Wb1ezdG":{"chainKey":{"counter":0,"key":"rUZdJLSLwVFW83X8NN7nuvXr0fn3XyOn0RO0YiFeIuI="},"chainType":1,"messageKeys":{}}},"pendingPreKey":{"signedKeyId":34,"baseKey":"Ba1MeO0O42aPpqmb6dIW08eI6uHNMMQyTiB93zWCrfw5","preKeyId":10978463}}},"version":"v1"}