{"_sessions":{"BVlK3Vn4+qZeyfTM0GpcZlxXYO7KylXfeixcCyhRRqhT":{"registrationId":1683555311,"currentRatchet":{"ephemeralKeyPair":{"pubKey":"BZAXpNOc/CSlxZ7Diq3qWMJSMjfyFMkFsLl7H2ovBpla","privKey":"uJx/+X6dvQskhtfEOMkWZiDDottnxUWO2ZZ0nl6MsUc="},"lastRemoteEphemeralKey":"Bb4hrq91fY61ZfkExQLZj+XBdhvBZyl+0al2wnNeq647","previousCounter":0,"rootKey":"N/6oWUeFv5zJOB7Irfja3vqb2Meo70fOsa1tx+OECyw="},"indexInfo":{"baseKey":"BVlK3Vn4+qZeyfTM0GpcZlxXYO7KylXfeixcCyhRRqhT","baseKeyType":1,"closed":-1,"used":1734398773259,"created":1734398773259,"remoteIdentityKey":"BeVeD2Snhljrc/Gg72NMR5QjeDVSbWRm4XCAo+KVdX9Y"},"_chains":{"BZAXpNOc/CSlxZ7Diq3qWMJSMjfyFMkFsLl7H2ovBpla":{"chainKey":{"counter":0,"key":"CGTs9kuAZ8yxUc8z8bj4gnxIz0kjySOV5l8+bRP9pEA="},"chainType":1,"messageKeys":{}}},"pendingPreKey":{"signedKeyId":0,"baseKey":"BVlK3Vn4+qZeyfTM0GpcZlxXYO7KylXfeixcCyhRRqhT"}}},"version":"v1"}