{"_sessions":{"BfY6z7BJx/XRuDNd7q4RpgNzZPjenlNBmR7hMtVbivUo":{"registrationId":901459032,"currentRatchet":{"ephemeralKeyPair":{"pubKey":"BeNxjOftlXkHmpqAZfeG73R9qzIaJLW18+vwOhz8D8hW","privKey":"KNgr3otMVBIIJx0EylXkkv6Ytrxyexi2lYGwWg0EJUI="},"lastRemoteEphemeralKey":"Bb/RPT2iceykvVQgUUHxvsJrc5SVtjbD58RANbNxuJ5o","previousCounter":0,"rootKey":"T/+xk7ElG/Bi470XaYfBlH7jvkfsGEJc+aZTv7Uk/6Q="},"indexInfo":{"baseKey":"BfY6z7BJx/XRuDNd7q4RpgNzZPjenlNBmR7hMtVbivUo","baseKeyType":1,"closed":-1,"used":1734398775701,"created":1734398775701,"remoteIdentityKey":"BXJUAVuT3VW3lCKRe/nXvT8dssrCBGcNd42T3ktiLsZ0"},"_chains":{"BeNxjOftlXkHmpqAZfeG73R9qzIaJLW18+vwOhz8D8hW":{"chainKey":{"counter":0,"key":"b6+bsIbUPm5sW/F3by8TjIikqsWbkrCubS6O+S7Dc7o="},"chainType":1,"messageKeys":{}}},"pendingPreKey":{"signedKeyId":21,"baseKey":"BfY6z7BJx/XRuDNd7q4RpgNzZPjenlNBmR7hMtVbivUo"}}},"version":"v1"}