{"_sessions":{"BSF2p7xgAjLB8GYfB43Ml0ceiiW3nErmx5Zria/8dSRM":{"registrationId":1840577513,"currentRatchet":{"ephemeralKeyPair":{"pubKey":"BSMD+/qUz62iB+LCt9YplXIF0nylLSvoMV34YxQVmvNK","privKey":"0ETL1uTNc4QRq/S0s9aYr9j4Nq4RmKhWwqLDKyhMaXY="},"lastRemoteEphemeralKey":"BYC7EsK/mjkyVYxjp4YTxIYXP63m1qYy+5GVG7PU8yhw","previousCounter":0,"rootKey":"JR7P6NNgF6ZAmmY4fk9RlaQWZjgmjYCJubRfV2O0uhk="},"indexInfo":{"baseKey":"BSF2p7xgAjLB8GYfB43Ml0ceiiW3nErmx5Zria/8dSRM","baseKeyType":1,"closed":-1,"used":1734398773199,"created":1734398773199,"remoteIdentityKey":"BX0vmO4d+5jsu07qVJMIJJrLnx3wFgAF+4KjvHZaARF6"},"_chains":{"BSMD+/qUz62iB+LCt9YplXIF0nylLSvoMV34YxQVmvNK":{"chainKey":{"counter":0,"key":"3BvEzK/kKpeO+v+Gi2SgfyKxbqbjN7Wv4WWCRaKqQ8k="},"chainType":1,"messageKeys":{}}},"pendingPreKey":{"signedKeyId":7,"baseKey":"BSF2p7xgAjLB8GYfB43Ml0ceiiW3nErmx5Zria/8dSRM","preKeyId":467300}}},"version":"v1"}