{"_sessions":{"BZO5Mt3lPlFbbgshn63B2k4CbU3CcGMtt5SFFbEX7TR/":{"registrationId":15966,"currentRatchet":{"ephemeralKeyPair":{"pubKey":"BeE57hc20SqGfdn07odwFk7ZRy9zmb2FMwVT/77N21F0","privKey":"qPoBq+j8bClup9fMNMxqo7GXnFyXQ2RJiX5NYgJUrG8="},"lastRemoteEphemeralKey":"BXyNas5U7PtRjbjiTcdysNDTz+I1MDgX3Kp/uUqxVxAL","previousCounter":0,"rootKey":"RUePbhF7EQdG87wwZ+2ThAlfJ+h5hI/h1mq7iFC9bHs="},"indexInfo":{"baseKey":"BZO5Mt3lPlFbbgshn63B2k4CbU3CcGMtt5SFFbEX7TR/","baseKeyType":1,"closed":-1,"used":1734398771284,"created":1734398771284,"remoteIdentityKey":"BWn78CAGW9HHo6rko4jo4MLm3+N3eQmoSyEM6IsEirB7"},"_chains":{"BeE57hc20SqGfdn07odwFk7ZRy9zmb2FMwVT/77N21F0":{"chainKey":{"counter":0,"key":"dd2BeQTnl/wvlinvZdF0xcS0tARmzyB9KhjGPV1yFmQ="},"chainType":1,"messageKeys":{}}},"pendingPreKey":{"signedKeyId":1,"baseKey":"BZO5Mt3lPlFbbgshn63B2k4CbU3CcGMtt5SFFbEX7TR/"}}},"version":"v1"}