{"_sessions":{"BZVOA1+6y9DLdWv0zjw4A/gVxXuhzOWWt5mcqO5OItV7":{"registrationId":502036057,"currentRatchet":{"ephemeralKeyPair":{"pubKey":"BXJYVcKzRpwA/9U4958E3JcerWhpkl2Ukkn3oEzafNky","privKey":"eCYE1BrwKMXh8Dx48G/Cw/uDisPCZXJOKqfUyTN0+HU="},"lastRemoteEphemeralKey":"Bb4NMDljimd1iOvMhyzu94XYhFp55LI7FPwPmbmwK7cz","previousCounter":0,"rootKey":"cySyP/SYj2CjEPmdNFcLqGTmvUJmIYOG+sqG2+lYSOo="},"indexInfo":{"baseKey":"BZVOA1+6y9DLdWv0zjw4A/gVxXuhzOWWt5mcqO5OItV7","baseKeyType":1,"closed":-1,"used":1734398778169,"created":1734398778169,"remoteIdentityKey":"BWwHtm1aIE9utFPaRtAk75E9PBy+Pi8WABxvCtTTiN4Y"},"_chains":{"BXJYVcKzRpwA/9U4958E3JcerWhpkl2Ukkn3oEzafNky":{"chainKey":{"counter":0,"key":"1ZEMrtqfHW5t3aM/UE/+Cpwi9BJU2UnbycV25rg7qIA="},"chainType":1,"messageKeys":{}}},"pendingPreKey":{"signedKeyId":5,"baseKey":"BZVOA1+6y9DLdWv0zjw4A/gVxXuhzOWWt5mcqO5OItV7","preKeyId":10096339}}},"version":"v1"}