{"_sessions":{"BXCT5tsfnFp+oXCfezvokDE4/Ue1XMGPrnjoHd1g0FFu":{"registrationId":577695406,"currentRatchet":{"ephemeralKeyPair":{"pubKey":"BUG9fgDzSSbwdENCCtXc3XMwbYSQqI2N2mLoH+PvHHxl","privKey":"cN9+lSXAjut1Si3YFfSCON8equEPOMxsi0bi9eY5mnU="},"lastRemoteEphemeralKey":"BSvbSQ2u/Elg/Ty8lXQZkEhWAAwlmtT9P3aegl44lj9P","previousCounter":0,"rootKey":"AcVdKuOR6zylej0DPY4WwaCRIWCejibTvYjoIvxZGP4="},"indexInfo":{"baseKey":"BXCT5tsfnFp+oXCfezvokDE4/Ue1XMGPrnjoHd1g0FFu","baseKeyType":1,"closed":-1,"used":1734398780494,"created":1734398780494,"remoteIdentityKey":"BQAVdxYesC7teqItuMQ4xOSi8P9HOzWL6ubmWT3MkZp4"},"_chains":{"BUG9fgDzSSbwdENCCtXc3XMwbYSQqI2N2mLoH+PvHHxl":{"chainKey":{"counter":0,"key":"vK87UubxwAd7A7JViuwn+VVjhnkYUaL2pnXiqNcmUpA="},"chainType":1,"messageKeys":{}}},"pendingPreKey":{"signedKeyId":30,"baseKey":"BXCT5tsfnFp+oXCfezvokDE4/Ue1XMGPrnjoHd1g0FFu","preKeyId":4030756}}},"version":"v1"}