{"_sessions":{"BaXQF73GGdcBFC3E+AqxcO+/z5j59uRJrgISfqlc4ioB":{"registrationId":2007498750,"currentRatchet":{"ephemeralKeyPair":{"pubKey":"BekGQkBa80J1WIy89JAY6KpJMKtXqMRqXi22jVRMPBNz","privKey":"EI34Amboe6/pPL+UBIQxyUkujbe9Fg6fLl2XuLvNTEs="},"lastRemoteEphemeralKey":"BX+OfgepSb5IXk38uQst4rIozIfotdxhzRSg3eThoVJe","previousCounter":0,"rootKey":"AKMBgowd53y0cBGx71hxFr7qqo53yoDwsJnFJ84w3b0="},"indexInfo":{"baseKey":"BaXQF73GGdcBFC3E+AqxcO+/z5j59uRJrgISfqlc4ioB","baseKeyType":1,"closed":-1,"used":1734398771400,"created":1734398771400,"remoteIdentityKey":"BeaXU4lnKSBlh8UfAF1WfGJaGniP2T1hCdW2ZAMw4Yxq"},"_chains":{"BekGQkBa80J1WIy89JAY6KpJMKtXqMRqXi22jVRMPBNz":{"chainKey":{"counter":0,"key":"MgBAxsN+UrdB9DquZurK6d806wYYbqBqn8tp7Fkz2C4="},"chainType":1,"messageKeys":{}}},"pendingPreKey":{"signedKeyId":44,"baseKey":"BaXQF73GGdcBFC3E+AqxcO+/z5j59uRJrgISfqlc4ioB","preKeyId":13661721}}},"version":"v1"}