{"_sessions":{"BRDPWjJ79lpJ+R8pNndJ9pC9X3zpv1Yn1m2q/1Kn/6wE":{"registrationId":513065297,"currentRatchet":{"ephemeralKeyPair":{"pubKey":"BXlkbElAVlYhX5E2pJHXlwchfSxgpVKOCCRV94L4OpcF","privKey":"GFXMDtaRbUtx90HwuWpNJ8URAvoimUMj/g62vZTq/Gg="},"lastRemoteEphemeralKey":"BSb0znwBnbvcxxGL4PCnYStb9rA+iWEIjx21HYqfrHkc","previousCounter":0,"rootKey":"qjNMaHmrajauQ+QdQM7T66kG7qqcO9twdMy7gs6tIoc="},"indexInfo":{"baseKey":"BRDPWjJ79lpJ+R8pNndJ9pC9X3zpv1Yn1m2q/1Kn/6wE","baseKeyType":1,"closed":-1,"used":1734398780511,"created":1734398780511,"remoteIdentityKey":"BWAX5iZDZriuhUdYhvtxVvjwfs4ZrhkbrZURUilbGJs4"},"_chains":{"BXlkbElAVlYhX5E2pJHXlwchfSxgpVKOCCRV94L4OpcF":{"chainKey":{"counter":0,"key":"Oglr+399sKiZLfyuobQyceLEQszPbmfNlwT5107O2uk="},"chainType":1,"messageKeys":{}}},"pendingPreKey":{"signedKeyId":4,"baseKey":"BRDPWjJ79lpJ+R8pNndJ9pC9X3zpv1Yn1m2q/1Kn/6wE","preKeyId":13400076}}},"version":"v1"}