{"_sessions":{"BTZAxKY0FNZbfsuJgD7IwmhjGrB+xS1WykkGI19YzdkT":{"registrationId":1591469550,"currentRatchet":{"ephemeralKeyPair":{"pubKey":"BcTcddy/RKO+g95cMeMeIJnD69DsmP6l+i8mwMexKt8Z","privKey":"8FaEAZDE2A5oBKX3e7S1r5BxoZX1p3/fRBj1Q5hvNUQ="},"lastRemoteEphemeralKey":"BVenNNEUCVa99q9yDwK9O9yPcPpBvDtwvlJ6kwfyuNBB","previousCounter":0,"rootKey":"sG7nQ1HdogbkBflKfJ96QctyXmTm3fqmyx7wEh1W1a8="},"indexInfo":{"baseKey":"BTZAxKY0FNZbfsuJgD7IwmhjGrB+xS1WykkGI19YzdkT","baseKeyType":1,"closed":-1,"used":1734398771429,"created":1734398771429,"remoteIdentityKey":"BTHC1aj6cbqH/LMHld+Ba98sz6N+mR4gnXnNaKicGrFN"},"_chains":{"BcTcddy/RKO+g95cMeMeIJnD69DsmP6l+i8mwMexKt8Z":{"chainKey":{"counter":0,"key":"AVews2BH60H0Swz1UGPQKeB8MjBdOqQaQwRh/1YWFeQ="},"chainType":1,"messageKeys":{}}},"pendingPreKey":{"signedKeyId":0,"baseKey":"BTZAxKY0FNZbfsuJgD7IwmhjGrB+xS1WykkGI19YzdkT","preKeyId":6884933}}},"version":"v1"}