{"_sessions":{"BexuiC6M17YlZN2Zlrgec7Hf0p0ZOPIPtKmeqjqd8fQJ":{"registrationId":123,"currentRatchet":{"ephemeralKeyPair":{"pubKey":"BakhvC30U5sRhyIsN4NWi1EuhOZGWdWY8D2CHJUuBDoS","privKey":"UCfXPN0bI1J9dnAIj+S6o3JneRpzPcKkQsO4ZaXOZX4="},"lastRemoteEphemeralKey":"BWBGGnyoz5eQFHdw/Donb/unD+Lc+IZ2O+ZHhVIA5x4e","previousCounter":0,"rootKey":"XsspoPDm7NzSBfDpRbUseQfCYZcr/ilUlAUGhwJ6aLk="},"indexInfo":{"baseKey":"BexuiC6M17YlZN2Zlrgec7Hf0p0ZOPIPtKmeqjqd8fQJ","baseKeyType":1,"closed":-1,"used":1734398468009,"created":1734398468009,"remoteIdentityKey":"BRByhAiITxN5Kf++raxIPo/pj+vkOdzWBPMkU/WgQwJ2"},"_chains":{"BakhvC30U5sRhyIsN4NWi1EuhOZGWdWY8D2CHJUuBDoS":{"chainKey":{"counter":0,"key":"pYI0IZHZolKdbEIg1xgMNSDxtw0D11kmOlykss5baoQ="},"chainType":1,"messageKeys":{}}},"pendingPreKey":{"signedKeyId":1,"baseKey":"BexuiC6M17YlZN2Zlrgec7Hf0p0ZOPIPtKmeqjqd8fQJ"}}},"version":"v1"}