{"_sessions":{"BSSQ0dyb4O+YNyK//QRdpRqZtwSaDL9zsmZ2+V8BbfRT":{"registrationId":455772903,"currentRatchet":{"ephemeralKeyPair":{"pubKey":"BeTDJGvY/W/5NkTxZV0GBgO0qg3azjV8EwVILBd6OQpI","privKey":"CLLMQHWjjHzeVPjnnQIx7o1GuUIy244CEE+Uxulcwmw="},"lastRemoteEphemeralKey":"BVhfWzdOuj44YjTnBRv945kXsO22W+e1iW+0brSouCoJ","previousCounter":0,"rootKey":"cv6tDmAOhvn+YFEvvdySPFY95dimMN/+DMLWsNShsOA="},"indexInfo":{"baseKey":"BSSQ0dyb4O+YNyK//QRdpRqZtwSaDL9zsmZ2+V8BbfRT","baseKeyType":1,"closed":-1,"used":1734398780418,"created":1734398780418,"remoteIdentityKey":"BbWd8CAadl1BdCzLCrNnm+THsoZoP/YCfDJXmJZ5DfJy"},"_chains":{"BeTDJGvY/W/5NkTxZV0GBgO0qg3azjV8EwVILBd6OQpI":{"chainKey":{"counter":0,"key":"jlMXom5pE3o9BTpA5Qoa2jDDgTX4PWLDD3b5PdEveXw="},"chainType":1,"messageKeys":{}}},"pendingPreKey":{"signedKeyId":6,"baseKey":"BSSQ0dyb4O+YNyK//QRdpRqZtwSaDL9zsmZ2+V8BbfRT"}}},"version":"v1"}