{"_sessions":{"BX09xZLe6TnUQp3IVAsSzoZ8nDPQ+sEXgg9aqcLyDM0E":{"registrationId":128447637,"currentRatchet":{"ephemeralKeyPair":{"pubKey":"BdiaZEVGkzeZP+SK7AiWjzMKq15qb8cAbF1i1XZpqfdO","privKey":"AP/D9+ohC4RoXdDTpfsTYKcaXrxZGRdkXYxp+pOXnFM="},"lastRemoteEphemeralKey":"Bf6NQNEWTAD0GuC2URQERkpMVJPSmwxesQe+1JbhPnI4","previousCounter":0,"rootKey":"DecyZsL7LD7OERvD41k3A9cN6J7b0U+MciQHWJGfXjE="},"indexInfo":{"baseKey":"BX09xZLe6TnUQp3IVAsSzoZ8nDPQ+sEXgg9aqcLyDM0E","baseKeyType":1,"closed":-1,"used":1734398773207,"created":1734398773207,"remoteIdentityKey":"BYNiMjC3MAz6fQqPWMPOupDLnoqBOfLvhepBZY32AlVY"},"_chains":{"BdiaZEVGkzeZP+SK7AiWjzMKq15qb8cAbF1i1XZpqfdO":{"chainKey":{"counter":0,"key":"0KrR7MnQ5PtCnpfv7iBNvbn/lnSOu6W8DtAGzFBEftU="},"chainType":1,"messageKeys":{}}},"pendingPreKey":{"signedKeyId":4,"baseKey":"BX09xZLe6TnUQp3IVAsSzoZ8nDPQ+sEXgg9aqcLyDM0E","preKeyId":4226351}}},"version":"v1"}