{"_sessions":{"BTCP0tsL92yS2SsRiwIduyOHf6FJlvg8ndXZ378/81Yn":{"registrationId":1170064357,"currentRatchet":{"ephemeralKeyPair":{"pubKey":"BRsH1yPNt8D1sbwdpwmMnIP1xoTjfxYDPEam7fssk/k9","privKey":"yJ3nG4tUUT1Z4w/6pAviS1PwdtE+Px12hMTTcpdkQ3k="},"lastRemoteEphemeralKey":"BUWdOdTyzzUoUGd5qmH4W0pSylHwSrmAA9bedY1o5TgK","previousCounter":0,"rootKey":"dec1T0Cgl80KyLp3IAgBKTiYoSMm0nIGvEBYAc+XQmQ="},"indexInfo":{"baseKey":"BTCP0tsL92yS2SsRiwIduyOHf6FJlvg8ndXZ378/81Yn","baseKeyType":1,"closed":-1,"used":1734398775604,"created":1734398775604,"remoteIdentityKey":"BUUQNNHrrMRr3luDOO8OFBncPk4hKW/RGnKD9OzzdRc9"},"_chains":{"BRsH1yPNt8D1sbwdpwmMnIP1xoTjfxYDPEam7fssk/k9":{"chainKey":{"counter":0,"key":"e+7sdtoFRS/gwphhCKsPhvC6JxSpBbzEkS1x9xABvZA="},"chainType":1,"messageKeys":{}}},"pendingPreKey":{"signedKeyId":0,"baseKey":"BTCP0tsL92yS2SsRiwIduyOHf6FJlvg8ndXZ378/81Yn","preKeyId":4120280}}},"version":"v1"}