{"_sessions":{"BU6j1Zi5iQAi4eQd2CXXA8YOqrHZ45f76YEXx6QC7nAU":{"registrationId":2138183589,"currentRatchet":{"ephemeralKeyPair":{"pubKey":"BatryZ4F2a82dLQ2RhTa1RD10vE21EBAwoiSNfoQ/Q1H","privKey":"0AwndYPAGBL3C95hCTRkkSFuPg26HripQS36pRm7O0k="},"lastRemoteEphemeralKey":"Be9PMQb4gq/ein1Gqj9s0iT4bu36P4ktvBQ++UbF3B4J","previousCounter":0,"rootKey":"LPjKdv+8+nxpGgCsE0KrZQn6l7ES8grdpQy4iluA0tE="},"indexInfo":{"baseKey":"BU6j1Zi5iQAi4eQd2CXXA8YOqrHZ45f76YEXx6QC7nAU","baseKeyType":1,"closed":-1,"used":1734398778297,"created":1734398778297,"remoteIdentityKey":"Bel8yNEWm9pVwHvGaKR1/IS/gn1a+dreXQY2w6oxkDQI"},"_chains":{"BatryZ4F2a82dLQ2RhTa1RD10vE21EBAwoiSNfoQ/Q1H":{"chainKey":{"counter":0,"key":"1V/UYqWXjF6cSJEbhS+cYAqcpDEHN78kDjQjYpLDi7g="},"chainType":1,"messageKeys":{}}},"pendingPreKey":{"signedKeyId":1,"baseKey":"BU6j1Zi5iQAi4eQd2CXXA8YOqrHZ45f76YEXx6QC7nAU"}}},"version":"v1"}