{"_sessions":{"BZR8rIFyTlE4N/HgRDCVae0llEmsscbcqtNIguAXDshq":{"registrationId":352650111,"currentRatchet":{"ephemeralKeyPair":{"pubKey":"BaDNHIcbtyDEcBwpnkJykDDdxxwcU674dawtUCkCmywZ","privKey":"oM5gep+sx3bb26W7OWXgwAhENlDecrlnjqOzh7m11U0="},"lastRemoteEphemeralKey":"BWyKB/9j3rcD/jR2tbYmpQY8UtpFZmSuC/TUnLjNNMID","previousCounter":0,"rootKey":"yMmG5gVhfY+fzYwk+CPGATiAIEBQJP5uq36aYGBEHjQ="},"indexInfo":{"baseKey":"BZR8rIFyTlE4N/HgRDCVae0llEmsscbcqtNIguAXDshq","baseKeyType":1,"closed":-1,"used":1734398773305,"created":1734398773305,"remoteIdentityKey":"BQr10F+6ZVmpntxw3yrL0d7QOOC7yS05rliZpHDkmDxj"},"_chains":{"BaDNHIcbtyDEcBwpnkJykDDdxxwcU674dawtUCkCmywZ":{"chainKey":{"counter":0,"key":"8nC4IuWqecoB86xQuhu6NX7bI9sC+QYP923I97eyFCk="},"chainType":1,"messageKeys":{}}},"pendingPreKey":{"signedKeyId":7,"baseKey":"BZR8rIFyTlE4N/HgRDCVae0llEmsscbcqtNIguAXDshq","preKeyId":14366824}}},"version":"v1"}