{"_sessions":{"BWtsQlu4OqszPRwnElANOp8PgpbOXpBt+fTplFy6CGU/":{"registrationId":2765,"currentRatchet":{"ephemeralKeyPair":{"pubKey":"BcC4ga3fci49o2h+GGyhtAPsZdCQyB0rCjiHWrTfBt9e","privKey":"wDd5zn0FCx/wB8WfPQEAb9rebaZvEZYfjdYMSvcKG3k="},"lastRemoteEphemeralKey":"BThN3T7R9EdUpVEAvjkp1dXQZaEjeJFwwTff8h5ToJQ1","previousCounter":0,"rootKey":"3g4EiKVA6xN8vtSDJKj2an1o69ppEkg1iZkBIrmY1hg="},"indexInfo":{"baseKey":"BWtsQlu4OqszPRwnElANOp8PgpbOXpBt+fTplFy6CGU/","baseKeyType":1,"closed":-1,"used":1734398771215,"created":1734398771215,"remoteIdentityKey":"BWteoJEMhxo5sbsAvQgG1U52ELibvzfcPgZmlYbrhMND"},"_chains":{"BcC4ga3fci49o2h+GGyhtAPsZdCQyB0rCjiHWrTfBt9e":{"chainKey":{"counter":0,"key":"rZmCF0r0l5pMw+16AEZoYf37zVC/JYtYh5X7V7o/PIs="},"chainType":1,"messageKeys":{}}},"pendingPreKey":{"signedKeyId":1,"baseKey":"BWtsQlu4OqszPRwnElANOp8PgpbOXpBt+fTplFy6CGU/"}}},"version":"v1"}