{"_sessions":{"BWSLqb3XN2DXs/iyRt3EziRZHSiG/MXPTUkQFh1Prhws":{"registrationId":1322827402,"currentRatchet":{"ephemeralKeyPair":{"pubKey":"BXN1TywkQhxyj6Zxn5WL4VQOwxT++InvLn8NITRweFF2","privKey":"eHhCvp7ahYY0hZHkwpgpFBuB1/QWuvKAqeldHAQywX0="},"lastRemoteEphemeralKey":"BbmM5AKzVODq80+fb/9n5Ofv08ARUZkgs7KCF03cUr0M","previousCounter":0,"rootKey":"fOZkLl4QZ3fEbf6UdSm1KMY8TE0vX5fPRpgDrT/iGkM="},"indexInfo":{"baseKey":"BWSLqb3XN2DXs/iyRt3EziRZHSiG/MXPTUkQFh1Prhws","baseKeyType":1,"closed":-1,"used":1734398771437,"created":1734398771437,"remoteIdentityKey":"BR868nQVgmj9LuGAbs9nh6JE41KXa30U/ws0EVexGJQk"},"_chains":{"BXN1TywkQhxyj6Zxn5WL4VQOwxT++InvLn8NITRweFF2":{"chainKey":{"counter":0,"key":"ij9/A/WEywvl4gQII4VL3tQbV9zJbBEnJGn5dqa4pjw="},"chainType":1,"messageKeys":{}}},"pendingPreKey":{"signedKeyId":1,"baseKey":"BWSLqb3XN2DXs/iyRt3EziRZHSiG/MXPTUkQFh1Prhws","preKeyId":12087581}}},"version":"v1"}