{"_sessions":{"BWAKM1A69At22vybZCHwhhGHBxPJefGVDl4nbb1WDKkQ":{"registrationId":1157283759,"currentRatchet":{"ephemeralKeyPair":{"pubKey":"BSftC9hkL4u1z+HsU69t0mdG8QRtXUHTDr4iieVK+qFF","privKey":"IALg4rNICguOtIZCZm6fiSLvHLPqypk8UlQeP3bVkkY="},"lastRemoteEphemeralKey":"BVD719nsVI7W9nCtw5f2zgNQaqdrBPWP07FJEavHmzxP","previousCounter":0,"rootKey":"cFs9NQbvcnr3w/4TD53ZPyzD1jFdLt5GO4yysDmfyik="},"indexInfo":{"baseKey":"BWAKM1A69At22vybZCHwhhGHBxPJefGVDl4nbb1WDKkQ","baseKeyType":1,"closed":-1,"used":1734398771417,"created":1734398771417,"remoteIdentityKey":"BfCKQjsUfOK3+V895wUuX++TqTU7yll4WhcIYUoOm9Rn"},"_chains":{"BSftC9hkL4u1z+HsU69t0mdG8QRtXUHTDr4iieVK+qFF":{"chainKey":{"counter":0,"key":"cX7MM3riut/To2uISpJ5VxcGvtqoo+SdO/cky8hoj3U="},"chainType":1,"messageKeys":{}}},"pendingPreKey":{"signedKeyId":1,"baseKey":"BWAKM1A69At22vybZCHwhhGHBxPJefGVDl4nbb1WDKkQ","preKeyId":2843557}}},"version":"v1"}