{"_sessions":{"BYR1N1rjHKoIscR/faznyP+pv6hr7SqENlVPCcJOwHhi":{"registrationId":448613339,"currentRatchet":{"ephemeralKeyPair":{"pubKey":"BWotop5YsPibIDQE6+6zUEzvh31PHesZMwWb28OsDyMp","privKey":"EGAHomkrBdwEKnyU5f/T4j99XQR/pT7bnX8DZX3u8Ug="},"lastRemoteEphemeralKey":"BRpgisSbJowcRyXmUvtnEpX1I/skruPj8LhiKps66w9i","previousCounter":0,"rootKey":"N/s/KYLuYYCeeaeIeTdXwwCSj7OKrCfwFr7poOc2CCY="},"indexInfo":{"baseKey":"BYR1N1rjHKoIscR/faznyP+pv6hr7SqENlVPCcJOwHhi","baseKeyType":1,"closed":-1,"used":1734398775755,"created":1734398775755,"remoteIdentityKey":"Be9rWfIYc5wzq/aslNHLE2dO2owccpga2NBkuX4GWzgo"},"_chains":{"BWotop5YsPibIDQE6+6zUEzvh31PHesZMwWb28OsDyMp":{"chainKey":{"counter":0,"key":"dn5jhhLAaG6Y6omKTeKYy+aoVQ6oQeUi2XDfwamb4Tw="},"chainType":1,"messageKeys":{}}},"pendingPreKey":{"signedKeyId":23,"baseKey":"BYR1N1rjHKoIscR/faznyP+pv6hr7SqENlVPCcJOwHhi","preKeyId":13036718}}},"version":"v1"}