{"_sessions":{"BQ+RboQPmextAojP8+3/jfcr5vuarjFsJd9KqCidmogF":{"registrationId":277474702,"currentRatchet":{"ephemeralKeyPair":{"pubKey":"BbIAsKp7mO1NEDKsCwixuniYys+G9LZZCxH9yP2dg/hD","privKey":"gN8qeaR7Enyzfhw6KGeA1xUUfgmQ/VPEiidlsluOP0U="},"lastRemoteEphemeralKey":"BbvHoZj3lPqDLmBrQm8+46y44xUbLCikwfYkQx1YVEcu","previousCounter":0,"rootKey":"NglNxtOz/L3Xr8LPoH2e0/gkq76jGypyQSS7CyJiI6o="},"indexInfo":{"baseKey":"BQ+RboQPmextAojP8+3/jfcr5vuarjFsJd9KqCidmogF","baseKeyType":1,"closed":-1,"used":1734398780491,"created":1734398780491,"remoteIdentityKey":"BZe6mBMVU1f8kdOp/lLJsq/pPz1m3FdSORh4tY+VS1xQ"},"_chains":{"BbIAsKp7mO1NEDKsCwixuniYys+G9LZZCxH9yP2dg/hD":{"chainKey":{"counter":0,"key":"sZV7xSzUtsNCqwtDQDven5PeyOP76RO/QoIGz/Smj8E="},"chainType":1,"messageKeys":{}}},"pendingPreKey":{"signedKeyId":3,"baseKey":"BQ+RboQPmextAojP8+3/jfcr5vuarjFsJd9KqCidmogF","preKeyId":14019906}}},"version":"v1"}