{"_sessions":{"BTHvqOfzHD7SNZfdmv0jPg7roCJhjQo0SieoLDMr0Q1p":{"registrationId":205865297,"currentRatchet":{"ephemeralKeyPair":{"pubKey":"BQfFwUm3KuATVzgiEqUsfyjIquyThhDBub3EDm1zakUN","privKey":"aN9PRTZCfgjLmpQR8Rq+oAjTQmNj4exJZXfZrh+jCHY="},"lastRemoteEphemeralKey":"BYatrpxszC//I41LE72+o6MUwfs34fi2V/I9hJaRhzlP","previousCounter":0,"rootKey":"hfB2Sl43kw+rEZExRdjqhQMJoLFD1VUMY4M29qubxP4="},"indexInfo":{"baseKey":"BTHvqOfzHD7SNZfdmv0jPg7roCJhjQo0SieoLDMr0Q1p","baseKeyType":1,"closed":-1,"used":1734398778332,"created":1734398778332,"remoteIdentityKey":"BZpXA471gahfkkEH4bLqissNanrtwbWUsShQRQlIi7Nt"},"_chains":{"BQfFwUm3KuATVzgiEqUsfyjIquyThhDBub3EDm1zakUN":{"chainKey":{"counter":0,"key":"kmgORUcKKYcvhZZ49eARnKA8L3zUwzRRjBc34qqa/9A="},"chainType":1,"messageKeys":{}}},"pendingPreKey":{"signedKeyId":0,"baseKey":"BTHvqOfzHD7SNZfdmv0jPg7roCJhjQo0SieoLDMr0Q1p","preKeyId":2872569}}},"version":"v1"}