{"_sessions":{"BWG/M2IPPpZnoD+ugtgjx0ghfqfbS5IC3P26zLELJMsn":{"registrationId":548506342,"currentRatchet":{"ephemeralKeyPair":{"pubKey":"Ba2/J2rI3O24GG1gPiV2tajSwpsaZVB4MQEGmKAODsMJ","privKey":"WCozb1Jt7PrTocFTDd+sHxhQlOi1W82Scz1ari/FrXQ="},"lastRemoteEphemeralKey":"BVZCV6+P3sOPehKGp2sw7ZbD+agBvsKrRpGqKsmyMWU2","previousCounter":0,"rootKey":"YfbD0M5n3ZqlO7wKmLkOfLZIw5N75bcUVVuJv2Xjevc="},"indexInfo":{"baseKey":"BWG/M2IPPpZnoD+ugtgjx0ghfqfbS5IC3P26zLELJMsn","baseKeyType":1,"closed":-1,"used":1734398775565,"created":1734398775565,"remoteIdentityKey":"BaHYd3nUE981Mzk5ZXI1/lcDvmcHiSAiT4s2M5gs7qxa"},"_chains":{"Ba2/J2rI3O24GG1gPiV2tajSwpsaZVB4MQEGmKAODsMJ":{"chainKey":{"counter":0,"key":"YMDI/ZW2WWFqargCMeeZCKaUF70Ff0NlELICnUCbzug="},"chainType":1,"messageKeys":{}}},"pendingPreKey":{"signedKeyId":42,"baseKey":"BWG/M2IPPpZnoD+ugtgjx0ghfqfbS5IC3P26zLELJMsn","preKeyId":10352474}}},"version":"v1"}