{"_sessions":{"BVmijlJIE6/yxjniwagfWeC1nKaFdQvkNSgWUfkbVvwq":{"registrationId":1281223538,"currentRatchet":{"ephemeralKeyPair":{"pubKey":"BaOSI8wsV53N42XA+TKiaU/nSYbMz9OqSmQwPBcSm/4l","privKey":"IO7TYT/uzlhNVt1azGUC4zP5tWRrgSItrmM1ihzT/1E="},"lastRemoteEphemeralKey":"BR34t8mQDCN4NkFWJjMBzvb+/AQmPRO+p9bKF1B3UAYp","previousCounter":0,"rootKey":"9fRhhCNExUQJYyYrRADpSAsKxpBJdslcjTc6Gx/SHos="},"indexInfo":{"baseKey":"BVmijlJIE6/yxjniwagfWeC1nKaFdQvkNSgWUfkbVvwq","baseKeyType":1,"closed":-1,"used":1734398773165,"created":1734398773165,"remoteIdentityKey":"BVtmSZoxK77NDEnZIgA7YI2kXxKFGo9Q8sfCjD3dx0wY"},"_chains":{"BaOSI8wsV53N42XA+TKiaU/nSYbMz9OqSmQwPBcSm/4l":{"chainKey":{"counter":0,"key":"1fNsTLMvIeMftXsAXXFh2z3BSvQ3rVcTgjyFaufZjiU="},"chainType":1,"messageKeys":{}}},"pendingPreKey":{"signedKeyId":2,"baseKey":"BVmijlJIE6/yxjniwagfWeC1nKaFdQvkNSgWUfkbVvwq","preKeyId":7694198}}},"version":"v1"}