{"_sessions":{"BWdwbnfbBx0GxndKIgj4YgvxX7KOhbLwUcdIAWkQN98w":{"registrationId":1585143450,"currentRatchet":{"ephemeralKeyPair":{"pubKey":"BdCVFZfyH3047hu+/9boT0pWDpEhNUMH9kXVqQRIjuIG","privKey":"kHXgJ7R5+ZSXQ9t2EntoKXvGBR3DRbFKjp5Zh0qhFVM="},"lastRemoteEphemeralKey":"BYW1s7E+DpP2u4+i6Ho8Qs5kcZgKCgo0KXjXqkuGA4QJ","previousCounter":0,"rootKey":"BbAoOdWSEcb9+QYueL8py0h/yHXSsRzPl4UNAgO+Ccs="},"indexInfo":{"baseKey":"BWdwbnfbBx0GxndKIgj4YgvxX7KOhbLwUcdIAWkQN98w","baseKeyType":1,"closed":-1,"used":1734398778222,"created":1734398778222,"remoteIdentityKey":"BXvn1s+gVfP76WzaFm9bw3DmQYrC+orfiaVqNWitWLBY"},"_chains":{"BdCVFZfyH3047hu+/9boT0pWDpEhNUMH9kXVqQRIjuIG":{"chainKey":{"counter":0,"key":"mbmLigIrrIhu7CFszy0DBfZu8EIvsqShxkewmkpOn8o="},"chainType":1,"messageKeys":{}}},"pendingPreKey":{"signedKeyId":5,"baseKey":"BWdwbnfbBx0GxndKIgj4YgvxX7KOhbLwUcdIAWkQN98w","preKeyId":7151885}}},"version":"v1"}