{"_sessions":{"Ba0G58fwEGNTDGwR0yFI/OLisbFgJFABR34CUqOS6r4u":{"registrationId":2091821835,"currentRatchet":{"ephemeralKeyPair":{"pubKey":"BRtudAAgGt2ta7deEEazeRdPyK4rdL4YaOoWvEhH9BJP","privKey":"+In+AtGdLekbtccjWVV77rYAfTM6Mwj0mRIwxdeODG0="},"lastRemoteEphemeralKey":"BTs5R/WWwyll4cEyW62fLF/NZERrTDIieKPRdqbnIUpI","previousCounter":0,"rootKey":"s2FNiApidaDm5HLzAfmASG/3nnCR1j0XlN1A3FSu9a4="},"indexInfo":{"baseKey":"Ba0G58fwEGNTDGwR0yFI/OLisbFgJFABR34CUqOS6r4u","baseKeyType":1,"closed":-1,"used":1734398773248,"created":1734398773248,"remoteIdentityKey":"BYTslEMTgmQrtlCEL7WkE9JHjZXQ6S2jd0nqsk58vX0Q"},"_chains":{"BRtudAAgGt2ta7deEEazeRdPyK4rdL4YaOoWvEhH9BJP":{"chainKey":{"counter":0,"key":"D/1bbSPuOF77ClEpEnrE37tkraaNbP5gcn12l4qiOVw="},"chainType":1,"messageKeys":{}}},"pendingPreKey":{"signedKeyId":1,"baseKey":"Ba0G58fwEGNTDGwR0yFI/OLisbFgJFABR34CUqOS6r4u","preKeyId":2625567}}},"version":"v1"}