{"_sessions":{"BZlohr7ZD3+mx9qQJ9Lb5qCAWC3iW5se/d8JB9fltXlH":{"registrationId":642070602,"currentRatchet":{"ephemeralKeyPair":{"pubKey":"BRhdbSFiP+Y1UT+kOqeWZViN6hz8J2T6zC0FP2yX8uhk","privKey":"kIhtp6Ak949jVP02GCz1brpmKPne7Vw6nu72ZBTpp3g="},"lastRemoteEphemeralKey":"BdUWnfXTtm3wzclEq6Xxh5VHsyhGAFQWsFcIE2YrkNUK","previousCounter":0,"rootKey":"Z/BXcKaES0lMwgXCpcfN+wbYuPeqjzs+0iiwwkm/U4E="},"indexInfo":{"baseKey":"BZlohr7ZD3+mx9qQJ9Lb5qCAWC3iW5se/d8JB9fltXlH","baseKeyType":1,"closed":-1,"used":1734398771325,"created":1734398771325,"remoteIdentityKey":"BSBstgyiSv4sA6PRmyuLSr/U1R3iaaVig7JQxfsabflM"},"_chains":{"BRhdbSFiP+Y1UT+kOqeWZViN6hz8J2T6zC0FP2yX8uhk":{"chainKey":{"counter":0,"key":"7iXdaBnfRRm6pCkEOkQzUfLXCH5oTLvAQB4CJcFiD1I="},"chainType":1,"messageKeys":{}}},"pendingPreKey":{"signedKeyId":0,"baseKey":"BZlohr7ZD3+mx9qQJ9Lb5qCAWC3iW5se/d8JB9fltXlH"}}},"version":"v1"}