{"_sessions":{"Bfv6Klrb/uJtm3fvHund2m510zdYvjRtwaCm+eUJBBYc":{"registrationId":2087696847,"currentRatchet":{"ephemeralKeyPair":{"pubKey":"BVX10ed84cMCMAco+JE5BCUQ61nm1vA1YIYbXJ85FB1s","privKey":"SDYIy3rUl8riGqnzd2Gg1W9toPPEDwUCbHnzF7smk1g="},"lastRemoteEphemeralKey":"BbyRAFuWvUkiI1QwEPoCY2LXkEjFmHyWQ6j3+f8YB+oD","previousCounter":0,"rootKey":"cjgYdy+WXBbb6Am+I4LVSvs6vcFFUuAg8V94lFNjMTg="},"indexInfo":{"baseKey":"Bfv6Klrb/uJtm3fvHund2m510zdYvjRtwaCm+eUJBBYc","baseKeyType":1,"closed":-1,"used":1734398778254,"created":1734398778254,"remoteIdentityKey":"BbRXgactNmx/9O5+Gf5MtU42wxmDrMQME2Gky09RZA1L"},"_chains":{"BVX10ed84cMCMAco+JE5BCUQ61nm1vA1YIYbXJ85FB1s":{"chainKey":{"counter":0,"key":"58H8WcHMp667goLMNDCZdkly7Gx+9vQCMW1cB4I4CNo="},"chainType":1,"messageKeys":{}}},"pendingPreKey":{"signedKeyId":17,"baseKey":"Bfv6Klrb/uJtm3fvHund2m510zdYvjRtwaCm+eUJBBYc","preKeyId":15499637}}},"version":"v1"}