{"_sessions":{"BXLZVOBnmz+/j9h/tHhjLAkvBP+RdofEu1GAWHssd9hf":{"registrationId":493887361,"currentRatchet":{"ephemeralKeyPair":{"pubKey":"BR4tRsZPdFoxCW+87ulf/su74YFocFwpbwNjMmsVIUUB","privKey":"sFa9zAbpMEgqEpicCt4L4rgIvKvYSb2Moz03sRG/GHA="},"lastRemoteEphemeralKey":"BQCvHDOBeUu3tr+bHy8lRVjgxlQlE15mgnKNqhB9Hydu","previousCounter":1,"rootKey":"zwgILj08XA+ycdkVuW2W2CiqxEfb+YEJ9q9YUgO0ovU="},"indexInfo":{"baseKey":"BXLZVOBnmz+/j9h/tHhjLAkvBP+RdofEu1GAWHssd9hf","baseKeyType":1,"closed":-1,"used":1734398600057,"created":1734398566824,"remoteIdentityKey":"BWBM6JXlgnQRgf1LEY69fVlLm9UAzpn2/UbizN02tFU8"},"_chains":{"BQCvHDOBeUu3tr+bHy8lRVjgxlQlE15mgnKNqhB9Hydu":{"chainKey":{"counter":0,"key":"57k61IXrhpnwIRhWW57PanB1IKDzWR23OuKFOymecRw="},"chainType":2,"messageKeys":{}},"BR4tRsZPdFoxCW+87ulf/su74YFocFwpbwNjMmsVIUUB":{"chainKey":{"counter":7,"key":"Ef6oQ0dWevf5p0VYEG5PfgenvsIRi0eztLd4dBByZg4="},"chainType":1,"messageKeys":{}}}}},"version":"v1"}