{"_sessions":{"BZHLSX37d2FrH8RRqb4PZmIeIcRJbBMzKTbstdaDLfNN":{"registrationId":367313157,"currentRatchet":{"ephemeralKeyPair":{"pubKey":"BfiAnzyHxZdvAc/OuDxErGhKZR9L7b+PfXanQLEdEp48","privKey":"CH0/Xdlda2A8WNwptolE1BHgX0jgq89TGPWARLf3R04="},"lastRemoteEphemeralKey":"BWuxVjgCwBKdZYAldZCA3Ou629UXKhfj5RU/zsr87wUv","previousCounter":0,"rootKey":"idNPtI7L04eteNyJDQF/wi1VZZau4Ie4+2cWFPVK83I="},"indexInfo":{"baseKey":"BZHLSX37d2FrH8RRqb4PZmIeIcRJbBMzKTbstdaDLfNN","baseKeyType":1,"closed":-1,"used":1734398771420,"created":1734398771420,"remoteIdentityKey":"BaSMPBL1d2ORnLaLdEnzdFBWUBf+5ag7S61ke9j7nz8z"},"_chains":{"BfiAnzyHxZdvAc/OuDxErGhKZR9L7b+PfXanQLEdEp48":{"chainKey":{"counter":0,"key":"CIxQ8fkOysckypFHib97y46JdqQ/UbV6b34o8hbHuls="},"chainType":1,"messageKeys":{}}},"pendingPreKey":{"signedKeyId":31,"baseKey":"BZHLSX37d2FrH8RRqb4PZmIeIcRJbBMzKTbstdaDLfNN","preKeyId":2955440}}},"version":"v1"}