{"_sessions":{"BfiyF3wMx1uFApUSEe4GWw2Hi+MBpfjWTEcEsG+p2ZoZ":{"registrationId":140198394,"currentRatchet":{"ephemeralKeyPair":{"pubKey":"Bd3O1YhyLjeKQ1IyKzbH0+NYxD6iJjyDkvCkx4MRt6AH","privKey":"SAdk9zDKsZtZ+F83jahmtJTtKzFaQ3IkylbJPgU0Blc="},"lastRemoteEphemeralKey":"BbjljPMm78B091vSrlSHX4kdZqhgCE2DtCgp03iZD7wj","previousCounter":0,"rootKey":"NXp3161UE/p7dJQpg5XT7EqMblwIKE3WT0bhev0MRL4="},"indexInfo":{"baseKey":"BfiyF3wMx1uFApUSEe4GWw2Hi+MBpfjWTEcEsG+p2ZoZ","baseKeyType":1,"closed":-1,"used":1734398775678,"created":1734398775678,"remoteIdentityKey":"Bf7V7cLUnhrI9oCe+E2j62TEcSG8Q/C3xPwRJi6LaEMh"},"_chains":{"Bd3O1YhyLjeKQ1IyKzbH0+NYxD6iJjyDkvCkx4MRt6AH":{"chainKey":{"counter":0,"key":"Fo4U4wyeB2ROpu4NSWklPcO0wUQjt4+yFjUdvlgOfcs="},"chainType":1,"messageKeys":{}}},"pendingPreKey":{"signedKeyId":3,"baseKey":"BfiyF3wMx1uFApUSEe4GWw2Hi+MBpfjWTEcEsG+p2ZoZ","preKeyId":5511323}}},"version":"v1"}