{"_sessions":{"BRoFFVtlnq7zKVpTCl9Om4n49yQKCaJSJeRdao7VugRw":{"registrationId":823161611,"currentRatchet":{"ephemeralKeyPair":{"pubKey":"BQN2v8EYt4CPX9pk5xoMEA1Wt5qKfRd/of/ZgETy5N1l","privKey":"MB0BaKZU3jGybQ5To4t52u97cN/NU0yZ1Syu4roXDEg="},"lastRemoteEphemeralKey":"BSTbUCbS7IrTCDb4Fn6WLlv9pgMTryEx4cBkcWNVhm17","previousCounter":0,"rootKey":"+dIf7cNnMi/FzGlHwt64RQgsDEbrYTCnoYix4LfLGhg="},"indexInfo":{"baseKey":"BRoFFVtlnq7zKVpTCl9Om4n49yQKCaJSJeRdao7VugRw","baseKeyType":1,"closed":-1,"used":1734398778358,"created":1734398778358,"remoteIdentityKey":"BVlScUTEoptKzgP7C5vFc+It04PYyEH4a+nSiHzb6sUT"},"_chains":{"BQN2v8EYt4CPX9pk5xoMEA1Wt5qKfRd/of/ZgETy5N1l":{"chainKey":{"counter":0,"key":"14SygVceK8CDXh8c2MM1G21OAQaA6AaYw+dDneiCOUA="},"chainType":1,"messageKeys":{}}},"pendingPreKey":{"signedKeyId":0,"baseKey":"BRoFFVtlnq7zKVpTCl9Om4n49yQKCaJSJeRdao7VugRw","preKeyId":13394741}}},"version":"v1"}