{"_sessions":{"Bb8vnoZpghNyyvy3WNfK1lePt0tyafjsw2EDOlaJu+gg":{"registrationId":1117379609,"currentRatchet":{"ephemeralKeyPair":{"pubKey":"BY/wqmfiywx6PED/ZshaoyIFVdM9i2cYXks/6TpJ2V56","privKey":"0ER8SDdVI8xxG/05CANrcPkK1eXx2uxVeTxkOOvB0WI="},"lastRemoteEphemeralKey":"BQktBBhmrXy6xi22ZyNyMECMKVDdnGaOHPV0sghAC6kS","previousCounter":0,"rootKey":"6L7CjMehDswDath33OEWklrm+xtIvcR2iPdE7YECtrQ="},"indexInfo":{"baseKey":"Bb8vnoZpghNyyvy3WNfK1lePt0tyafjsw2EDOlaJu+gg","baseKeyType":1,"closed":-1,"used":1734398778236,"created":1734398778236,"remoteIdentityKey":"BVnyENc0+XTefWuNbo/axQwzOt28BQffIuqKW7oau5U7"},"_chains":{"BY/wqmfiywx6PED/ZshaoyIFVdM9i2cYXks/6TpJ2V56":{"chainKey":{"counter":0,"key":"2AWTIUdYejv+URj1jYWF2IoFjDU8GOPefcocVP6ZE3E="},"chainType":1,"messageKeys":{}}},"pendingPreKey":{"signedKeyId":1,"baseKey":"Bb8vnoZpghNyyvy3WNfK1lePt0tyafjsw2EDOlaJu+gg","preKeyId":16088589}}},"version":"v1"}