{"_sessions":{"BZ9luy8TrKjv7VHNTrjb4AYpv7HmQkKDGdPwQfiFS/gQ":{"registrationId":1242264489,"currentRatchet":{"ephemeralKeyPair":{"pubKey":"BcGG5YWWm42BFXibbRshVvequWjXgOY6PDXcBUyv8C9H","privKey":"AOsUI+mGHNOOD1mtvcTFrcWKSSIZs5/8CTUoVOtnD1U="},"lastRemoteEphemeralKey":"BQxQHbfCBgXCUEnk8jE8infU8q8JDQ5oMwBTmafDxcsv","previousCounter":0,"rootKey":"hXIqxI6U/FbNNIcK/TEC9KiQoi2kAKId/Ssi7HdGWGQ="},"indexInfo":{"baseKey":"BZ9luy8TrKjv7VHNTrjb4AYpv7HmQkKDGdPwQfiFS/gQ","baseKeyType":1,"closed":-1,"used":1734398771383,"created":1734398771383,"remoteIdentityKey":"BQn6Ea2PrTAad610Jm39mIRY7Xpgci7aypZxN6BsVQkI"},"_chains":{"BcGG5YWWm42BFXibbRshVvequWjXgOY6PDXcBUyv8C9H":{"chainKey":{"counter":0,"key":"K3OLOJIu3ev64HmtGPaJlMMitbg9NXwZuYsXBI2zWYA="},"chainType":1,"messageKeys":{}}},"pendingPreKey":{"signedKeyId":2,"baseKey":"BZ9luy8TrKjv7VHNTrjb4AYpv7HmQkKDGdPwQfiFS/gQ","preKeyId":5070608}}},"version":"v1"}