{"_sessions":{"Bc9tsJsgU6WPAUGNfVaOrHofehl3HXX8lllElYOseKQo":{"registrationId":1307029653,"currentRatchet":{"ephemeralKeyPair":{"pubKey":"Bfy2oJAhbc75QXASS6WavAd2eapEHzdTGyb5PT0vpQY4","privKey":"EB08uKklQhK3KdHU2TWX6a17p1PWqrODGEgxs5NWgk0="},"lastRemoteEphemeralKey":"BWBGGMOm8T+3ULj8F1guOQfFUPdAv9Gg81OgmC0lof5G","previousCounter":0,"rootKey":"rGynN7r3R6xndI05tsrtb4XPxCYV2f3Rz56K+c+ZfdQ="},"indexInfo":{"baseKey":"Bc9tsJsgU6WPAUGNfVaOrHofehl3HXX8lllElYOseKQo","baseKeyType":1,"closed":-1,"used":1734398780416,"created":1734398780416,"remoteIdentityKey":"BUx8yG0Xk9el/Y85OgEGfYrjc9qiv/Mb7dh6QmTAKvUb"},"_chains":{"Bfy2oJAhbc75QXASS6WavAd2eapEHzdTGyb5PT0vpQY4":{"chainKey":{"counter":0,"key":"fOKbC//53Ez4xKa7BOBZZdYGtXDPoC3BK/aGNthScmQ="},"chainType":1,"messageKeys":{}}},"pendingPreKey":{"signedKeyId":0,"baseKey":"Bc9tsJsgU6WPAUGNfVaOrHofehl3HXX8lllElYOseKQo","preKeyId":37102}}},"version":"v1"}