{"_sessions":{"BZwkETL30eOqwb/816mNzThNl9jrFJBBKcK6vGM+DqxW":{"registrationId":1367000543,"currentRatchet":{"ephemeralKeyPair":{"pubKey":"BZPmb08qL9D1S7QsepUBgxI2qcubHmhi88EyzIR8p30e","privKey":"UG1MtxSuIVaPZO1x8ZkLsXX7YP6M48Xq2G5XMQ6BUF0="},"lastRemoteEphemeralKey":"BeElZz5AZ7As5+R8aiDkfegsfN/Am8WD11POT+g7c75d","previousCounter":0,"rootKey":"PlQ7LVXY0/RmmAExUsYXhHmQo/S8v53AOjnczijj9Zo="},"indexInfo":{"baseKey":"BZwkETL30eOqwb/816mNzThNl9jrFJBBKcK6vGM+DqxW","baseKeyType":1,"closed":-1,"used":1734398771372,"created":1734398771372,"remoteIdentityKey":"Bc/Cx/RuF1hGKSv6c/uKgEY7gD6ICwJf+KjxfeVCNb5D"},"_chains":{"BZPmb08qL9D1S7QsepUBgxI2qcubHmhi88EyzIR8p30e":{"chainKey":{"counter":0,"key":"hB+xrwF6sGWWgeMREvnLwnNilPlSl8mg5JhMLBqTW0k="},"chainType":1,"messageKeys":{}}},"pendingPreKey":{"signedKeyId":30,"baseKey":"BZwkETL30eOqwb/816mNzThNl9jrFJBBKcK6vGM+DqxW","preKeyId":8425498}}},"version":"v1"}