{"_sessions":{"BUlEwo/5KHD+TirDanG62x2LEUybWL/ejv1XShKldoUf":{"registrationId":461164013,"currentRatchet":{"ephemeralKeyPair":{"pubKey":"BVWXdCJORviGJXeQnxX83M7VyWZFicL6i1TUZFpWPaUr","privKey":"mANOvYgEWOKwSCgg4KuEvMaa3NMz36TQ8dIezvMB63E="},"lastRemoteEphemeralKey":"BY5+SpMbEySC/j2kFMWiVfacF735DBYkaKrmtUVosHU+","previousCounter":0,"rootKey":"ZApPWZuAiFpzgC6gnDLHHMaRkpowyhGJhxZ7E5jK9Ho="},"indexInfo":{"baseKey":"BUlEwo/5KHD+TirDanG62x2LEUybWL/ejv1XShKldoUf","baseKeyType":1,"closed":-1,"used":1734398773110,"created":1734398773110,"remoteIdentityKey":"BfqhorKB94LRzEojzPAH3H9CeGbzcKGGh0rXo1g49A9g"},"_chains":{"BVWXdCJORviGJXeQnxX83M7VyWZFicL6i1TUZFpWPaUr":{"chainKey":{"counter":0,"key":"jm8LZs53D+zz94NV+DP/csyc+puGW1DUiOUcgqJuZX8="},"chainType":1,"messageKeys":{}}},"pendingPreKey":{"signedKeyId":1,"baseKey":"BUlEwo/5KHD+TirDanG62x2LEUybWL/ejv1XShKldoUf"}}},"version":"v1"}