{"_sessions":{"BTIia69xOLZqNtvhis1rCt1Jv7BDpp2Xn3sdFgpxvxwp":{"registrationId":945043496,"currentRatchet":{"ephemeralKeyPair":{"pubKey":"BfiEReiqtYHAu8F/rVniqmKlYPJyPWOr5I1c5VsaGJJ4","privKey":"wEQ1NH9TDoI3DuYJX9qlSt5XT9HJL0nLlZWhaETT1mY="},"lastRemoteEphemeralKey":"BXQ/ABD50WZaY3kFttQLfbzeTux1bAXZ++CI3IoehvoP","previousCounter":0,"rootKey":"76F9ZTlDcaRoWaSH2VKyo5d99dADbVsavgFJ8a67rCA="},"indexInfo":{"baseKey":"BTIia69xOLZqNtvhis1rCt1Jv7BDpp2Xn3sdFgpxvxwp","baseKeyType":1,"closed":-1,"used":1734398780480,"created":1734398780480,"remoteIdentityKey":"BaQ0QlXzCmiDB3nkX2LKIDwNXUlU7io4mfr5GaVesZlx"},"_chains":{"BfiEReiqtYHAu8F/rVniqmKlYPJyPWOr5I1c5VsaGJJ4":{"chainKey":{"counter":0,"key":"t50isbo4qhDaZmPyXFa9R3shH9onhHikuAwSrgXOQGo="},"chainType":1,"messageKeys":{}}},"pendingPreKey":{"signedKeyId":0,"baseKey":"BTIia69xOLZqNtvhis1rCt1Jv7BDpp2Xn3sdFgpxvxwp","preKeyId":519163}}},"version":"v1"}