{"_sessions":{"BXywr+Lu7sVV5QH2hZUrDmJE58TdHK7QWQuvcqAg5Jpo":{"registrationId":1709720220,"currentRatchet":{"ephemeralKeyPair":{"pubKey":"BflMkrFng5/JOLKBqHVA+RGm+Nc0DPa6so/kOumJodQe","privKey":"0ISWrsXE4lsxoz/EdKLMZRvSTtIEdRshgOGqoW3rIVI="},"lastRemoteEphemeralKey":"BU9kkK6+/bZjCjYxxBEPICAWOknVSWk/uDPHg5MMcYBc","previousCounter":0,"rootKey":"I1p9eLFWKne49D56bxQJQpKmSZyeE9q05cp5fJ6xGhY="},"indexInfo":{"baseKey":"BXywr+Lu7sVV5QH2hZUrDmJE58TdHK7QWQuvcqAg5Jpo","baseKeyType":1,"closed":-1,"used":1734398771338,"created":1734398771338,"remoteIdentityKey":"BcZ0lWNARsLLAw/7Cs73xWd/qsdFRhtf8oOF2f4KA4kF"},"_chains":{"BflMkrFng5/JOLKBqHVA+RGm+Nc0DPa6so/kOumJodQe":{"chainKey":{"counter":0,"key":"NcCv6yQf6qk3G8uvw0kDG3btz25K1j/k7yT44KxJrLw="},"chainType":1,"messageKeys":{}}},"pendingPreKey":{"signedKeyId":0,"baseKey":"BXywr+Lu7sVV5QH2hZUrDmJE58TdHK7QWQuvcqAg5Jpo"}}},"version":"v1"}