{"_sessions":{"BYKlcJLvCnncoeOk6OtmFSV7pv/ADxLcJmYlZ27gVrgv":{"registrationId":325642697,"currentRatchet":{"ephemeralKeyPair":{"pubKey":"BZXmyh2cbUGEs7gejImGOYizn0GILPnXMbGFOxboWo0M","privKey":"cHuAmQnSHW0zeiEFh4ijUED3GsJhMZ/MjzfHgNw4Dn8="},"lastRemoteEphemeralKey":"BQiZN1QX9FuDUUBs1En7rh2wBM7qfFMtTOnsZOUiyn5l","previousCounter":0,"rootKey":"A7lZE21f+4F9l1tDSqqek7zKaWXXwdnwwmISPwj8Enw="},"indexInfo":{"baseKey":"BYKlcJLvCnncoeOk6OtmFSV7pv/ADxLcJmYlZ27gVrgv","baseKeyType":1,"closed":-1,"used":1734398773019,"created":1734398773019,"remoteIdentityKey":"BTU1s9Ds5YYhW6scGiqxAAPGPtg/RxiiekWNi18jZj89"},"_chains":{"BZXmyh2cbUGEs7gejImGOYizn0GILPnXMbGFOxboWo0M":{"chainKey":{"counter":0,"key":"G49lXQ+Am8SuThZbEoVNvmCM+lHg4Mk7uPiHLio9POo="},"chainType":1,"messageKeys":{}}},"pendingPreKey":{"signedKeyId":13,"baseKey":"BYKlcJLvCnncoeOk6OtmFSV7pv/ADxLcJmYlZ27gVrgv","preKeyId":4650835}}},"version":"v1"}