{"_sessions":{"BX0mu4n86dabHexnNHNu+l239KXcutPs5yk9mloHoJw9":{"registrationId":212841819,"currentRatchet":{"ephemeralKeyPair":{"pubKey":"BaRTp6p6sDEYe1s2A9ExNunk3E6kq55stfvlx39B43Et","privKey":"EMwevhzWT6ikFgzm1m8MstvKntk5bz12Q0YmyHGhgEw="},"lastRemoteEphemeralKey":"BTUH6KXOZOkcvhjcHKJT4IkQZcAxyP0LrI1eqNfUGTZ7","previousCounter":0,"rootKey":"OREZDcAlcwvZUrfyXpXC8er0av5QvX1rcNGH3NlICSg="},"indexInfo":{"baseKey":"BX0mu4n86dabHexnNHNu+l239KXcutPs5yk9mloHoJw9","baseKeyType":1,"closed":-1,"used":1734398780364,"created":1734398780364,"remoteIdentityKey":"BU1/zpacEuTqHsBpFiDMCaXRa5030p7ZCLxziZmE4epf"},"_chains":{"BaRTp6p6sDEYe1s2A9ExNunk3E6kq55stfvlx39B43Et":{"chainKey":{"counter":0,"key":"AcGedGbPFQbIinkRiU60bsyUPrCjtGfyEN0aDh7Gaq0="},"chainType":1,"messageKeys":{}}},"pendingPreKey":{"signedKeyId":4,"baseKey":"BX0mu4n86dabHexnNHNu+l239KXcutPs5yk9mloHoJw9","preKeyId":5969981}}},"version":"v1"}