{"_sessions":{"BVowAAf0BGi3D8R2T9P+XKBLdQzevTYK/hDjeRX5rwpO":{"registrationId":1808815106,"currentRatchet":{"ephemeralKeyPair":{"pubKey":"Ba+9ClbXM/HRi0MtcOpNE67zBHgOBNS3q4e1gFDzebcB","privKey":"cOrDPEjWxWVv/rTrIEzTqKlFYFF9cDZNvNnK8TmBik0="},"lastRemoteEphemeralKey":"BcJfO0xlrUfRiHrDND85q5PBesAC8R9gxqrwWJFlfu8w","previousCounter":0,"rootKey":"tlt6Qr9KSHiz/e+Za3Bv9QuBnVXoQs+esYyhl0GyIgw="},"indexInfo":{"baseKey":"BVowAAf0BGi3D8R2T9P+XKBLdQzevTYK/hDjeRX5rwpO","baseKeyType":1,"closed":-1,"used":1734398775675,"created":1734398775675,"remoteIdentityKey":"BewO3l0ppKBnM6/wInnCiO3VMY8528E/GDK09Q82Q2Jm"},"_chains":{"Ba+9ClbXM/HRi0MtcOpNE67zBHgOBNS3q4e1gFDzebcB":{"chainKey":{"counter":0,"key":"kkfQzAQzd/FZ2z7SiqdFaf6DmVct6AerV5u9m7Jjnxg="},"chainType":1,"messageKeys":{}}},"pendingPreKey":{"signedKeyId":3,"baseKey":"BVowAAf0BGi3D8R2T9P+XKBLdQzevTYK/hDjeRX5rwpO","preKeyId":819247}}},"version":"v1"}