{"_sessions":{"BcjrjPFtmyJXzB+4uLp9B+AdgXQlxM9Iso6wbfUaWNJt":{"registrationId":448765348,"currentRatchet":{"ephemeralKeyPair":{"pubKey":"BYQOsOAx/3eGUaRq7AaXJ9eomhntIMoZbcX1FvNve80E","privKey":"OPRPOGNr0unyaSO/IYG7oR6oJk7ZxgXpFgwOIrXznWw="},"lastRemoteEphemeralKey":"BSWrNtFSlO5StXx8I3UL92YRN9gEHjLRfHdtlHrq0sRz","previousCounter":0,"rootKey":"AnkKCX+1oloqTNols0oF2u9jR7iAoQjcErRcSzV0LTk="},"indexInfo":{"baseKey":"BcjrjPFtmyJXzB+4uLp9B+AdgXQlxM9Iso6wbfUaWNJt","baseKeyType":1,"closed":-1,"used":1734398773148,"created":1734398773148,"remoteIdentityKey":"BSuWEvqu5V70htgTWr4K565dWn77fSMC56blqSTs7VsP"},"_chains":{"BYQOsOAx/3eGUaRq7AaXJ9eomhntIMoZbcX1FvNve80E":{"chainKey":{"counter":0,"key":"wI9wRU+vI0vK5UmFXMOqg2puCYeEdiEATbBbICBcogc="},"chainType":1,"messageKeys":{}}},"pendingPreKey":{"signedKeyId":7,"baseKey":"BcjrjPFtmyJXzB+4uLp9B+AdgXQlxM9Iso6wbfUaWNJt","preKeyId":14522965}}},"version":"v1"}