{"_sessions":{"Bcz1LqxycEunPDqu1J+/0ruNuHgemNJ8BRC2K64xOZYP":{"registrationId":982879603,"currentRatchet":{"ephemeralKeyPair":{"pubKey":"BeENmc7KAYFqwluM95w2/dNoY2lL/hKZhzeSHoEDBhxa","privKey":"oBxHZMJMQfwnwhOO8EINvsQL8uTquxaomvV3eLBRz34="},"lastRemoteEphemeralKey":"Ba/MkK16049vPbIrIEDceHEl2p07lvU6/SDlR64rIpha","previousCounter":0,"rootKey":"QQbBLDCyLowurRhYWszFPv9vmjDUTBwvYv/6Vn+q8s8="},"indexInfo":{"baseKey":"Bcz1LqxycEunPDqu1J+/0ruNuHgemNJ8BRC2K64xOZYP","baseKeyType":1,"closed":-1,"used":1734398778103,"created":1734398778103,"remoteIdentityKey":"BQxMKPBgdYYT0aw8ri0nYXooZjwFTNi8CYNyKSG15iAh"},"_chains":{"BeENmc7KAYFqwluM95w2/dNoY2lL/hKZhzeSHoEDBhxa":{"chainKey":{"counter":0,"key":"jn+V86TcSKLy4vQKO3lom5MF2IJt7CJADLppqeBlBjQ="},"chainType":1,"messageKeys":{}}},"pendingPreKey":{"signedKeyId":1,"baseKey":"Bcz1LqxycEunPDqu1J+/0ruNuHgemNJ8BRC2K64xOZYP","preKeyId":8980349}}},"version":"v1"}