{"_sessions":{"BYmo+xLNfJpjtmO/c4CO/vcMkgcFYD1mK5jJXSHBrOh7":{"registrationId":191850299,"currentRatchet":{"ephemeralKeyPair":{"pubKey":"Bcp2tKONchPUOGAw5Vo0bhf0rbatfdEBgP3/kItzy2IF","privKey":"SPLmIQIyjkpY/kMl8pj4XLGUZYYOKbpj6oOxP+Q2Ll4="},"lastRemoteEphemeralKey":"BYVtSMImg/3jOg5Kkxow/lt3bD5sOX1yJc0iRVePuDdQ","previousCounter":0,"rootKey":"DBwuUU/G23P9oSYjfa66hq5wcQbs5vkhYK9W7YrZeI8="},"indexInfo":{"baseKey":"BYmo+xLNfJpjtmO/c4CO/vcMkgcFYD1mK5jJXSHBrOh7","baseKeyType":1,"closed":-1,"used":1734398778239,"created":1734398778239,"remoteIdentityKey":"BdOTlgbIhnn/tFr5Q4Golmqgx/1iUzBCH5216DGfjPdL"},"_chains":{"Bcp2tKONchPUOGAw5Vo0bhf0rbatfdEBgP3/kItzy2IF":{"chainKey":{"counter":0,"key":"ewZU1t+o/UpyiRhn+e8QGgnYbDx0Cko70weX/IietBA="},"chainType":1,"messageKeys":{}}},"pendingPreKey":{"signedKeyId":11,"baseKey":"BYmo+xLNfJpjtmO/c4CO/vcMkgcFYD1mK5jJXSHBrOh7","preKeyId":3732855}}},"version":"v1"}