{"_sessions":{"BetG6+9EEFjwprtSPdiVrXKiDPeh9v3wnqr4hc5UkRcI":{"registrationId":1410722215,"currentRatchet":{"ephemeralKeyPair":{"pubKey":"Bb5fPsHNRa5gMXZ1H/v4VLryGi55hAgcckm9RIyXknxz","privKey":"ANm4ll1EVKe+6YE8DdHCZ/odMSzFR9REws6nceMhk18="},"lastRemoteEphemeralKey":"BQATF1esZ1bLZ7Ao5rtFKMfdkW3ClNdAbG9uNGFvuMgo","previousCounter":0,"rootKey":"mq4r4Or9NT7OoiQDppwd8Jih8XZpbAk/6YF+jP951SE="},"indexInfo":{"baseKey":"BetG6+9EEFjwprtSPdiVrXKiDPeh9v3wnqr4hc5UkRcI","baseKeyType":1,"closed":-1,"used":1734398773329,"created":1734398773329,"remoteIdentityKey":"BT8h6IeuO3lEJKdzJskrb90S55sr5+BnzljVd6GpWxN1"},"_chains":{"Bb5fPsHNRa5gMXZ1H/v4VLryGi55hAgcckm9RIyXknxz":{"chainKey":{"counter":0,"key":"EbhM6/2+oxTMpJaicqjGYhlz/FyBwtrAdKrFRmuSEjY="},"chainType":1,"messageKeys":{}}},"pendingPreKey":{"signedKeyId":0,"baseKey":"BetG6+9EEFjwprtSPdiVrXKiDPeh9v3wnqr4hc5UkRcI"}}},"version":"v1"}