{"_sessions":{"BdEY4p67YxrJevEDiHg+AcLG6M9xZuKP+4ItM5h/f95u":{"registrationId":1970754830,"currentRatchet":{"ephemeralKeyPair":{"pubKey":"Bav72uaP8mK22H8VRu48iriQw6ZEublXZLSpZgUeX4V0","privKey":"GANLhDh6ma301VhaKhnJ5zacGgruh6Jlz7aCXAV8aXE="},"lastRemoteEphemeralKey":"BdCOvRdZFK8sIw05WwljmVktfV7uQuwxEjfx0CGEaTdV","previousCounter":0,"rootKey":"mUG5ZOdVqvcyFVPQrm/6gsrc6VAQgfppB41GKbSnVP0="},"indexInfo":{"baseKey":"BdEY4p67YxrJevEDiHg+AcLG6M9xZuKP+4ItM5h/f95u","baseKeyType":1,"closed":-1,"used":1734398773243,"created":1734398773243,"remoteIdentityKey":"BUgC9pNPokXxer1rQJXIVTnMmpMDFyCYzEyVVfh6yvVf"},"_chains":{"Bav72uaP8mK22H8VRu48iriQw6ZEublXZLSpZgUeX4V0":{"chainKey":{"counter":0,"key":"OBaGBV5MUcC2yR1pYwpWcnQaUmfPeVgzmD8weHYeS78="},"chainType":1,"messageKeys":{}}},"pendingPreKey":{"signedKeyId":4,"baseKey":"BdEY4p67YxrJevEDiHg+AcLG6M9xZuKP+4ItM5h/f95u","preKeyId":11975417}}},"version":"v1"}