{"_sessions":{"BUQ2E4Plmo/W8Uj/iD40JfbaZOIEajRG9IGp2EPbzHZM":{"registrationId":104489096,"currentRatchet":{"ephemeralKeyPair":{"pubKey":"BRQaKjC+RYdHHy1CpVoY63z0JCky/rbVHsdDrip1XgYy","privKey":"IPyeWt/ibtU8IxNN2cU37ag1PGDrnfCEpGKXq90/wWw="},"lastRemoteEphemeralKey":"Bc7/jzpPKlv7Z0NHv9K1ZlqcmTdfxfFsLwOrI3eERiFC","previousCounter":0,"rootKey":"s1z58sd+X44v4aRjIKZ3k8EB6+sPPIBvNFzA5TGn+q4="},"indexInfo":{"baseKey":"BUQ2E4Plmo/W8Uj/iD40JfbaZOIEajRG9IGp2EPbzHZM","baseKeyType":1,"closed":-1,"used":1734398775623,"created":1734398775623,"remoteIdentityKey":"BTCrnSfYvJ5WQdenHQb9myf6uzhv6k6gtkA+KMSPaEoR"},"_chains":{"BRQaKjC+RYdHHy1CpVoY63z0JCky/rbVHsdDrip1XgYy":{"chainKey":{"counter":0,"key":"Vl/ZJlOZGqcmQzdgMA9xSeiVdCQO7xBPANL2vmG3sW0="},"chainType":1,"messageKeys":{}}},"pendingPreKey":{"signedKeyId":11,"baseKey":"BUQ2E4Plmo/W8Uj/iD40JfbaZOIEajRG9IGp2EPbzHZM","preKeyId":2367642}}},"version":"v1"}