{"_sessions":{"Bd7s4cIrPzaTczDdUpB4qy+agDknMmpehXcASpY1230o":{"registrationId":595026997,"currentRatchet":{"ephemeralKeyPair":{"pubKey":"BcMwkSp9pZ9c8Y7jFlqszN1uysm6bjn4U13aEGWPRegD","privKey":"UOru563dljk15CUV3X9lK8Wpg/RJ9xZRfqUxkL2vFEg="},"lastRemoteEphemeralKey":"BYXQ4bj8FLZs4MsCTRbA0gtWkoVqcbLxf7DiQ/xaRp5F","previousCounter":0,"rootKey":"fM0AluqC9tMbG8pw0+VkYkCjYXE9HaZnP7oeCyFKDw0="},"indexInfo":{"baseKey":"Bd7s4cIrPzaTczDdUpB4qy+agDknMmpehXcASpY1230o","baseKeyType":1,"closed":-1,"used":1734398773195,"created":1734398773195,"remoteIdentityKey":"BYeMKtIA3yLHB3HU9CnB5+e5ipVQiG40Fbw7JsqEALQb"},"_chains":{"BcMwkSp9pZ9c8Y7jFlqszN1uysm6bjn4U13aEGWPRegD":{"chainKey":{"counter":0,"key":"e0XF4t8spe3UO1mbioQvXa2HKd/iB8kOYlXZDc1riCI="},"chainType":1,"messageKeys":{}}},"pendingPreKey":{"signedKeyId":17,"baseKey":"Bd7s4cIrPzaTczDdUpB4qy+agDknMmpehXcASpY1230o","preKeyId":2507439}}},"version":"v1"}