{"_sessions":{"BUiKWp7oQ1B6SGDE1Y1AzwZ+01c69mCh8Wrq1JkGDPdQ":{"registrationId":2008405508,"currentRatchet":{"ephemeralKeyPair":{"pubKey":"BeFkD2DZ3w46n6IsUDb6vsdDENbkMR2dPCLDHZtPOfla","privKey":"gEEulxtVU4Pkwe2gwiIgGKQtIMFM84rUZwmUZ3pL7X4="},"lastRemoteEphemeralKey":"BZMjowfE1Fj6H2XVjljoIuI/FNGdnVy8mC9tJ3I3aZ4e","previousCounter":0,"rootKey":"5vtERgiBGz2zEo3X4rXRQVa5TJaN8otABU6adLxEJKI="},"indexInfo":{"baseKey":"BUiKWp7oQ1B6SGDE1Y1AzwZ+01c69mCh8Wrq1JkGDPdQ","baseKeyType":1,"closed":-1,"used":1734398775747,"created":1734398775747,"remoteIdentityKey":"BeopnPfEHIjIOobyL/EY8qdkebWR1duutG71fSKusVZX"},"_chains":{"BeFkD2DZ3w46n6IsUDb6vsdDENbkMR2dPCLDHZtPOfla":{"chainKey":{"counter":0,"key":"SDhcAmH18aVrZCCI1AjtfdOc6ADyc6BvtW821aqTHK4="},"chainType":1,"messageKeys":{}}},"pendingPreKey":{"signedKeyId":6,"baseKey":"BUiKWp7oQ1B6SGDE1Y1AzwZ+01c69mCh8Wrq1JkGDPdQ","preKeyId":9270291}}},"version":"v1"}