{"_sessions":{"BbGinFPrkCWjPBI9IlbVnYqjscCb1Myrn+ADoEbncqcp":{"registrationId":282538762,"currentRatchet":{"ephemeralKeyPair":{"pubKey":"BQ+1VleDexhGDWpYFrTOVaDJkGtKRSsbMpH3NqRB3dlN","privKey":"KKijt2VYIHCvWEkwHf1xd+d95eU2LfV3C9gk63BhbEw="},"lastRemoteEphemeralKey":"BUSbSxkS4HAN14FSyXVSzxe43BwRpDAC8Cwnwje4I9xd","previousCounter":0,"rootKey":"7tPPTF7uaJmq7cdilQHapIg0J9z4YFZQvp4qrip7zoE="},"indexInfo":{"baseKey":"BbGinFPrkCWjPBI9IlbVnYqjscCb1Myrn+ADoEbncqcp","baseKeyType":1,"closed":-1,"used":1734398771304,"created":1734398771304,"remoteIdentityKey":"BR2d1UnETHLw01VN25RnEVLVAQmxM1Hn8xn52qhUVvNX"},"_chains":{"BQ+1VleDexhGDWpYFrTOVaDJkGtKRSsbMpH3NqRB3dlN":{"chainKey":{"counter":0,"key":"/KN+LXWbve9l5kkBbIgOC45bvSKjPCayncp3vPLM/VE="},"chainType":1,"messageKeys":{}}},"pendingPreKey":{"signedKeyId":1,"baseKey":"BbGinFPrkCWjPBI9IlbVnYqjscCb1Myrn+ADoEbncqcp"}}},"version":"v1"}