{"_sessions":{"BeB08268Ee4vMkyW0UL4xRepQdxXCo5vPJnqXMmAzhhE":{"registrationId":310819161,"currentRatchet":{"ephemeralKeyPair":{"pubKey":"BW6VTY+k5Lyyw/Bw0/+accTzk8qFFAuhrVvMTdY6uvhL","privKey":"wI9fAQQisaBhJYFPgEbr9lJ693+kilnV1JkXbEuMBHA="},"lastRemoteEphemeralKey":"BfN8IAWYbqb+BU4pT9JYaRJsWh9ZP0HmQoMWvKmP2gws","previousCounter":0,"rootKey":"GKk70tZBK3XrCVRa53kCii/tGJyzVRp8ECO5yPavjY4="},"indexInfo":{"baseKey":"BeB08268Ee4vMkyW0UL4xRepQdxXCo5vPJnqXMmAzhhE","baseKeyType":1,"closed":-1,"used":1734398775595,"created":1734398775595,"remoteIdentityKey":"BYhut8Qw4bQYD/wuphhVG2Yr+Vk5C+ebUKi8/Cd9HHI7"},"_chains":{"BW6VTY+k5Lyyw/Bw0/+accTzk8qFFAuhrVvMTdY6uvhL":{"chainKey":{"counter":0,"key":"7zLjph08BGJFfTrvw4Xll/M/7rCTMFyfe6aF9eF4hrM="},"chainType":1,"messageKeys":{}}},"pendingPreKey":{"signedKeyId":6,"baseKey":"BeB08268Ee4vMkyW0UL4xRepQdxXCo5vPJnqXMmAzhhE","preKeyId":11370079}}},"version":"v1"}