{"_sessions":{"BaNkan9/g+APdHst0ElS7DiIbnTkpjlS/eXXIFbXdGxT":{"registrationId":1120649539,"currentRatchet":{"ephemeralKeyPair":{"pubKey":"BcQiB0xZlIr+RybIh5x0caaXbQZcJ+BsSAVA9dWRRG9z","privKey":"QEneBdXzlpSw8D6Z9PDSZBue7pRqdUchKXZEsWFVvEM="},"lastRemoteEphemeralKey":"BVBflF+pxVznBoYDl+THJ4LXSOYhyV/OIvojGfbeC98o","previousCounter":0,"rootKey":"1KnnRDJwm0NSa7A47Df6penWK5xkisp4cjCqxvax1y4="},"indexInfo":{"baseKey":"BaNkan9/g+APdHst0ElS7DiIbnTkpjlS/eXXIFbXdGxT","baseKeyType":1,"closed":-1,"used":1734398775827,"created":1734398775827,"remoteIdentityKey":"BeUM2pWnazFfOUbi8e1vd+ekSK5UaRBO3zKR9HD0VtFS"},"_chains":{"BcQiB0xZlIr+RybIh5x0caaXbQZcJ+BsSAVA9dWRRG9z":{"chainKey":{"counter":0,"key":"Qtr8fdVsHxWE1o0PgJxkLRdoEYjruri7hs+Tsjz+pj8="},"chainType":1,"messageKeys":{}}},"pendingPreKey":{"signedKeyId":0,"baseKey":"BaNkan9/g+APdHst0ElS7DiIbnTkpjlS/eXXIFbXdGxT","preKeyId":10583078}}},"version":"v1"}