{"_sessions":{"Bb24MZdHDHpBAt+PUhEFBy8kEN+yqrmBVuO5mJt7MTRA":{"registrationId":770058825,"currentRatchet":{"ephemeralKeyPair":{"pubKey":"BRaNgeY9WvbDbtu2yYwX14vFwoVPoJEcXw7Z9wDv5WkE","privKey":"cG/FCUrU7K+FDxj41FH4KWUuPtnwbWEvL8cD0mTw/3I="},"lastRemoteEphemeralKey":"BdgZvnq5wagUlIwJMRDwUEbZcBeA1ARBWd/mD61n6M9M","previousCounter":0,"rootKey":"p+ZxhSOkyDpPr9izKwDYygUclYqLLoCx2AKf87wIpW4="},"indexInfo":{"baseKey":"Bb24MZdHDHpBAt+PUhEFBy8kEN+yqrmBVuO5mJt7MTRA","baseKeyType":1,"closed":-1,"used":1734398773284,"created":1734398773284,"remoteIdentityKey":"BV4mupaR326gOxIGTrcfO6KIfG57234sNikSFMZtVohI"},"_chains":{"BRaNgeY9WvbDbtu2yYwX14vFwoVPoJEcXw7Z9wDv5WkE":{"chainKey":{"counter":0,"key":"Y+EN789imZx+Ijr7/Fj9J2WKOo+IymcbmSQ2O+2bLzA="},"chainType":1,"messageKeys":{}}},"pendingPreKey":{"signedKeyId":5,"baseKey":"Bb24MZdHDHpBAt+PUhEFBy8kEN+yqrmBVuO5mJt7MTRA","preKeyId":4822374}}},"version":"v1"}