{"_sessions":{"BXdy/lYJ+GfQlVfK+opLHPGuCgy3jA45+7bJI6NQLakf":{"registrationId":728248225,"currentRatchet":{"ephemeralKeyPair":{"pubKey":"BaW8MtzzFq5mpblnEcmyqj8vfYsGLrSdVPs6jK6GWH5w","privKey":"MNKmbOC+yGwB6TXCPLBrZO8RWKuaSFPQqy2wsK9kdWc="},"lastRemoteEphemeralKey":"BVhgpzbr7RaS+xJP4x0sAdr/FDce6vdi2Wpc87/acd1V","previousCounter":0,"rootKey":"hduxl1Zt6PmitU3LNp9wG2U/hc/evlxRMMOIrZm6xiY="},"indexInfo":{"baseKey":"BXdy/lYJ+GfQlVfK+opLHPGuCgy3jA45+7bJI6NQLakf","baseKeyType":1,"closed":-1,"used":1734398775773,"created":1734398775773,"remoteIdentityKey":"BegnWaUPFtO0j6LlZ5Pde368DUpu0MUFE1E8MCKzv4h7"},"_chains":{"BaW8MtzzFq5mpblnEcmyqj8vfYsGLrSdVPs6jK6GWH5w":{"chainKey":{"counter":0,"key":"suaRsu7GFStJz92o80Xg8xE+zBoc/i5+rxuZ0rN4o6g="},"chainType":1,"messageKeys":{}}},"pendingPreKey":{"signedKeyId":1,"baseKey":"BXdy/lYJ+GfQlVfK+opLHPGuCgy3jA45+7bJI6NQLakf","preKeyId":7236079}}},"version":"v1"}