{"_sessions":{"Bfd1mC6SUg93tNHuRMtcd7LVSrmZKv/1I9CnhcFXX/gh":{"registrationId":1016262261,"currentRatchet":{"ephemeralKeyPair":{"pubKey":"Be1OeU09UW3c33q9ajSSh9BgQ8uH6zElAvS9tWl1t5p5","privKey":"ULocLw2PcblNvbI06FHMZ6FaoBdv/3OnR6qiBC2BF0A="},"lastRemoteEphemeralKey":"BY3QG2ZMbxTuopWyn5IjbpDJquv2t0yWXTo9uqhhiB4g","previousCounter":0,"rootKey":"jMcVosWE0jyxnX5IDJ6vnsTDH9xNoNCVPykAlKyj7Mg="},"indexInfo":{"baseKey":"Bfd1mC6SUg93tNHuRMtcd7LVSrmZKv/1I9CnhcFXX/gh","baseKeyType":1,"closed":-1,"used":1734398778308,"created":1734398778308,"remoteIdentityKey":"BVvqimNzDjUgBM7HW7EOkwxMj9leY6/fW/F+4wf2Pfcu"},"_chains":{"Be1OeU09UW3c33q9ajSSh9BgQ8uH6zElAvS9tWl1t5p5":{"chainKey":{"counter":0,"key":"KGgOJJBxOeD9BePvlHeEmovXQMqV2AAtPxG8Euz3kw0="},"chainType":1,"messageKeys":{}}},"pendingPreKey":{"signedKeyId":1,"baseKey":"Bfd1mC6SUg93tNHuRMtcd7LVSrmZKv/1I9CnhcFXX/gh","preKeyId":15393792}}},"version":"v1"}