{"_sessions":{"Bcky0E0+ecp0KiLjm3UouSpq19OBHA/itWBwPbbC2olN":{"registrationId":1344698965,"currentRatchet":{"ephemeralKeyPair":{"pubKey":"BcOc8MDxQC5vymixawFHoCDpdx72KsqWVKyGyUaHGIkw","privKey":"kEzRtOypL8PGXWmqEOsH9aqoCoOirZNeQUpVKynJeVc="},"lastRemoteEphemeralKey":"BaAiaKfqT/fSqZ+Svri1QBG18fkqL3rEqEQCA6PGmbIS","previousCounter":0,"rootKey":"I6hcmhDbOmtK1gBKPVmkLPSzvD13LnvaOs8Yl3HkuZU="},"indexInfo":{"baseKey":"Bcky0E0+ecp0KiLjm3UouSpq19OBHA/itWBwPbbC2olN","baseKeyType":1,"closed":-1,"used":1734398773302,"created":1734398773302,"remoteIdentityKey":"BV756Rag5+6jgFsprePacHhigBYdMze+uT2GS/22AWAK"},"_chains":{"BcOc8MDxQC5vymixawFHoCDpdx72KsqWVKyGyUaHGIkw":{"chainKey":{"counter":0,"key":"5ia5TYXAP06BepUqNWDJMQiyhtN0eHJDx0cwFIXms80="},"chainType":1,"messageKeys":{}}},"pendingPreKey":{"signedKeyId":1,"baseKey":"Bcky0E0+ecp0KiLjm3UouSpq19OBHA/itWBwPbbC2olN","preKeyId":5288078}}},"version":"v1"}