{"_sessions":{"BbiutMY6sHtYZWialeSEYcBVHrowReSpsR2TIS2LntIo":{"registrationId":1051321653,"currentRatchet":{"ephemeralKeyPair":{"pubKey":"BeSTWUMd5gTSyEOJOfLGAR371Ql5TfVcVmlxlzEowEI+","privKey":"mIzJfFjGYN+VpncJ7IL8v12R3yoRxJ6skfiR5xBIBWE="},"lastRemoteEphemeralKey":"BWjq7NelgflZAQW0e/4wgkghrmtSFut62brA+xSJXZ4x","previousCounter":0,"rootKey":"5fKXQR/iMkY20qQF+ZTFnyH0sIM/IYSeK50J/aOiWSQ="},"indexInfo":{"baseKey":"BbiutMY6sHtYZWialeSEYcBVHrowReSpsR2TIS2LntIo","baseKeyType":1,"closed":-1,"used":1734398780424,"created":1734398780424,"remoteIdentityKey":"BQ2mn9EppFJCoK/qmxy2rtmdugtE33AaXuwbfjOkYNJK"},"_chains":{"BeSTWUMd5gTSyEOJOfLGAR371Ql5TfVcVmlxlzEowEI+":{"chainKey":{"counter":0,"key":"zUND+jOQaxrxiF5uZtbMefMd2MfUiiad7Nc3mSgDdIw="},"chainType":1,"messageKeys":{}}},"pendingPreKey":{"signedKeyId":3,"baseKey":"BbiutMY6sHtYZWialeSEYcBVHrowReSpsR2TIS2LntIo","preKeyId":6011049}}},"version":"v1"}