{"_sessions":{"BSbcIF5Wa7A53cTbZQ0GgXs8458W0fpNumwfhuvjGFhG":{"registrationId":772715073,"currentRatchet":{"ephemeralKeyPair":{"pubKey":"BaO51BqmARB84FEFldNy19Wq3GpWB+LlVoAQRa64LLAi","privKey":"cBV90GctuAwpM/z0a+fJAmAEXigBbaYnRmErimsktEs="},"lastRemoteEphemeralKey":"BYysCXg+ffXtQu1/cBY957iFx/8WmkbKwArXIOkitK1H","previousCounter":0,"rootKey":"hAN1o9GHG2RFXPwQJ1G/PEzt8CoizltaSQcJWA12bfc="},"indexInfo":{"baseKey":"BSbcIF5Wa7A53cTbZQ0GgXs8458W0fpNumwfhuvjGFhG","baseKeyType":1,"closed":-1,"used":1734398778352,"created":1734398778352,"remoteIdentityKey":"BdCkXtsZ85GKitdrR0Xg3+fVuy0HtEQlOMFGeXzrn6sZ"},"_chains":{"BaO51BqmARB84FEFldNy19Wq3GpWB+LlVoAQRa64LLAi":{"chainKey":{"counter":0,"key":"Xl2+ETIN1oPvPVDEAUnopJNWqrcY4TKMw9owgNmcjBg="},"chainType":1,"messageKeys":{}}},"pendingPreKey":{"signedKeyId":7,"baseKey":"BSbcIF5Wa7A53cTbZQ0GgXs8458W0fpNumwfhuvjGFhG","preKeyId":11190184}}},"version":"v1"}