{"_sessions":{"BbJMAgbfhntdsgxFMMN6cwBLiKvGEJRBJzqmst/0WT8f":{"registrationId":1468465361,"currentRatchet":{"ephemeralKeyPair":{"pubKey":"BfnFqIhnop40vdJXNBH2ToXemi8A7Qnj7hi9AbA1CiUj","privKey":"UHGPBqJ6K736WDij3NMao11M9q00v60QFz5hNe5QxWY="},"lastRemoteEphemeralKey":"BdcNkYrllmkRE068VueRZAn2AVmNd3/ynrWogfr/a5dm","previousCounter":0,"rootKey":"QqaLHh2Rw5IR3T5qxErORT6YwQ9bnzIg+T1jEobYKhE="},"indexInfo":{"baseKey":"BbJMAgbfhntdsgxFMMN6cwBLiKvGEJRBJzqmst/0WT8f","baseKeyType":1,"closed":-1,"used":1734398775813,"created":1734398775813,"remoteIdentityKey":"BaU0/5Vb4uD6FpHYY0Xmnj/A5AYnTmK0BVNODSIvNsQD"},"_chains":{"BfnFqIhnop40vdJXNBH2ToXemi8A7Qnj7hi9AbA1CiUj":{"chainKey":{"counter":0,"key":"lnw5BP15B4ZIsrnI2JnyG+STYUWKQp2DW3dh3MPH0aE="},"chainType":1,"messageKeys":{}}},"pendingPreKey":{"signedKeyId":0,"baseKey":"BbJMAgbfhntdsgxFMMN6cwBLiKvGEJRBJzqmst/0WT8f","preKeyId":9954192}}},"version":"v1"}