{"_sessions":{"BT0NQHUStyALNg0h2Cn6ivZOFVahriaUKvA/gayakHBz":{"registrationId":1607292292,"currentRatchet":{"ephemeralKeyPair":{"pubKey":"BT7OYzbSTJSqJ0spLoCJi7haN3JHgB1QU5dYAzIvGs9N","privKey":"2DUKjPnS2/RQaEfoZzFAE9+Gsk0El+IF30+KLfUrymQ="},"lastRemoteEphemeralKey":"Bd5r3gXULNC1MCcd6+7lrQkomgvq0uaWvo5S70cmgiFO","previousCounter":0,"rootKey":"3LsL9Ie3hQo/LrMNppWSGSboNfM2m6lt3WMfERRi6tM="},"indexInfo":{"baseKey":"BT0NQHUStyALNg0h2Cn6ivZOFVahriaUKvA/gayakHBz","baseKeyType":1,"closed":-1,"used":1734398771335,"created":1734398771335,"remoteIdentityKey":"BWcBL0bB7cEN6K2x5fLyj43Tk/LmOUDCu38WH7nBpX9i"},"_chains":{"BT7OYzbSTJSqJ0spLoCJi7haN3JHgB1QU5dYAzIvGs9N":{"chainKey":{"counter":0,"key":"x/iKh0uKOPWgO9LjaKGsHqlV6fono5o0uPSOYF3EeoI="},"chainType":1,"messageKeys":{}}},"pendingPreKey":{"signedKeyId":2,"baseKey":"BT0NQHUStyALNg0h2Cn6ivZOFVahriaUKvA/gayakHBz"}}},"version":"v1"}