{"_sessions":{"BcALsiCQmlH+3jrDQFN5TElW0FDgq1P+3vYT+HoMxAsu":{"registrationId":505735807,"currentRatchet":{"ephemeralKeyPair":{"pubKey":"BWxV2HHCEN2CNkamegj3Ds4Mp9kn/ZMhWYU4RBxUbIEQ","privKey":"+JZBYvhBOGUkbMUzwAnDVj2n7hLeYAlMQzsOhX9Xi38="},"lastRemoteEphemeralKey":"BVwjh7gPj3tacN9ZGGDZe8ahWwDSteTRApYA1Kppa5xj","previousCounter":0,"rootKey":"oYrtwww/VIm3/muI1OdPa2mkz9XiLagjqwgxkwZEIzI="},"indexInfo":{"baseKey":"BcALsiCQmlH+3jrDQFN5TElW0FDgq1P+3vYT+HoMxAsu","baseKeyType":1,"closed":-1,"used":1734398775819,"created":1734398775819,"remoteIdentityKey":"BZ+xGUvPAGNlojIYrs0r8oNMUtRprDAzY8KnCvsW1z4p"},"_chains":{"BWxV2HHCEN2CNkamegj3Ds4Mp9kn/ZMhWYU4RBxUbIEQ":{"chainKey":{"counter":0,"key":"8+gvobK4nhIwlnfJwpFjixk+WHFRm4F9vmEwLf7whJw="},"chainType":1,"messageKeys":{}}},"pendingPreKey":{"signedKeyId":0,"baseKey":"BcALsiCQmlH+3jrDQFN5TElW0FDgq1P+3vYT+HoMxAsu"}}},"version":"v1"}