{"_sessions":{"BUgboklDgv+1fL+AeR4PwWWSk8mCV+stuZzCJGZqhhRu":{"registrationId":1164773666,"currentRatchet":{"ephemeralKeyPair":{"pubKey":"BeD6oSLtdEppe2o4k1WOOFTAaxcoY6nzpQnTI+IHnzp/","privKey":"sE6RDX3MTbNXEF4afbmqWc3OPv7drVi/J0CqhKRCk2g="},"lastRemoteEphemeralKey":"BQYfwMgutNEMfdnwm94FDWkAOYVeIZvwI1voa+3V04Mx","previousCounter":0,"rootKey":"7rso022//w/noebmLeN6Yy8oDmsTQTRM3t5IrCNTcY4="},"indexInfo":{"baseKey":"BUgboklDgv+1fL+AeR4PwWWSk8mCV+stuZzCJGZqhhRu","baseKeyType":1,"closed":-1,"used":1734398778164,"created":1734398778164,"remoteIdentityKey":"BUfuoAoHI8RLU0vbGUc3fQbi78W9UpG2Or8dt5EnWkBa"},"_chains":{"BeD6oSLtdEppe2o4k1WOOFTAaxcoY6nzpQnTI+IHnzp/":{"chainKey":{"counter":0,"key":"vFYQh7gdEHUP5DblPwblZDPPNEgUdai9USeRT/gCauU="},"chainType":1,"messageKeys":{}}},"pendingPreKey":{"signedKeyId":5,"baseKey":"BUgboklDgv+1fL+AeR4PwWWSk8mCV+stuZzCJGZqhhRu","preKeyId":5900205}}},"version":"v1"}