{"_sessions":{"BcoheFxbQkcQy/YN8ZJlIxioPAdrnkilcWbLQ29TdK4N":{"registrationId":1019362779,"currentRatchet":{"ephemeralKeyPair":{"pubKey":"BY56kZF2u+xykC+3fGlbclW1bmM6pD5b+czLaazT0vQD","privKey":"6FBNMKjtUGhyIK02DqURsVJQTf5FgaAncet4W9Tes3E="},"lastRemoteEphemeralKey":"BZ5oRzMMWo4E1vfYmhZS9CnJgXF8boLZ0Tx2+D3Sh8pe","previousCounter":0,"rootKey":"+ddTM22Itw2jcZhf3ah1fwRkrZLooHjAkbRSLhWwZs0="},"indexInfo":{"baseKey":"BcoheFxbQkcQy/YN8ZJlIxioPAdrnkilcWbLQ29TdK4N","baseKeyType":1,"closed":-1,"used":1734398780352,"created":1734398780352,"remoteIdentityKey":"BW3vA4gTQh+hRBTBeVqojua43uvA6vIwyaDKVfqgv2Ft"},"_chains":{"BY56kZF2u+xykC+3fGlbclW1bmM6pD5b+czLaazT0vQD":{"chainKey":{"counter":0,"key":"xDjsxy0xG+LJHMGXmEuzisSjERf+q89nHg+6iMEqVXY="},"chainType":1,"messageKeys":{}}},"pendingPreKey":{"signedKeyId":2,"baseKey":"BcoheFxbQkcQy/YN8ZJlIxioPAdrnkilcWbLQ29TdK4N"}}},"version":"v1"}