{"_sessions":{"Bbimoe1/NsQiFDkwHa0zVLn8be50aEPkLW6Pci1T13wQ":{"registrationId":1275782796,"currentRatchet":{"ephemeralKeyPair":{"pubKey":"BbRi4HGYVE46fPsHpwmzBucpqYnWHqnY2ba9xypjPWUI","privKey":"SIrUQKRlLIqfw14NlXs5+ZTFHaazeGr4Vhl2neX4rEc="},"lastRemoteEphemeralKey":"BRzhF04VjneqAoCCwxLQMWdNN2MPGr7HLliYCYqC5Y57","previousCounter":0,"rootKey":"/8B8V+h8Z4xlduzwS5XSkM9PQ325zjQgZSrKKytV/Vs="},"indexInfo":{"baseKey":"Bbimoe1/NsQiFDkwHa0zVLn8be50aEPkLW6Pci1T13wQ","baseKeyType":1,"closed":-1,"used":1734398778363,"created":1734398778363,"remoteIdentityKey":"BaySjxRlCeHUc92x44++c/W3PLiJKEgoQcrGHfr4Du8M"},"_chains":{"BbRi4HGYVE46fPsHpwmzBucpqYnWHqnY2ba9xypjPWUI":{"chainKey":{"counter":0,"key":"LSyWwHn43+KYscQ63HEzG5deNj/V+pkO3VryRdQAMp0="},"chainType":1,"messageKeys":{}}},"pendingPreKey":{"signedKeyId":2,"baseKey":"Bbimoe1/NsQiFDkwHa0zVLn8be50aEPkLW6Pci1T13wQ","preKeyId":5017414}}},"version":"v1"}