{"_sessions":{"BWf+tYy9iF2Ik05dVF5yRWgzs+5L7KqRVF0nyCE/tuIF":{"registrationId":1624288204,"currentRatchet":{"ephemeralKeyPair":{"pubKey":"BcAw3vVHcKLW89ZWZjvTwXzjUCdiFibehLbZxZnrpxc3","privKey":"8BlWVRZ4zk/dj1hfYS5/1xrAsbALgiyv0X4Ackf2SXo="},"lastRemoteEphemeralKey":"BRN0vpxKa8F/+QE62gLyrY/LADdDJH9BpMgx7yO8BiMX","previousCounter":0,"rootKey":"fr4+XlxioNu+J/ktsAG5ZHwA0bjzdOCknErGU0Mi/d4="},"indexInfo":{"baseKey":"BWf+tYy9iF2Ik05dVF5yRWgzs+5L7KqRVF0nyCE/tuIF","baseKeyType":1,"closed":-1,"used":1734398780413,"created":1734398780413,"remoteIdentityKey":"Bb8r839MnlGIq37N8EoCYAIIf8FDzyfJ1JHlNucVC2on"},"_chains":{"BcAw3vVHcKLW89ZWZjvTwXzjUCdiFibehLbZxZnrpxc3":{"chainKey":{"counter":0,"key":"gVESVh0peAAsMQ2a+uQAw0PCgL6SJUSZ8fA8aVkkUyE="},"chainType":1,"messageKeys":{}}},"pendingPreKey":{"signedKeyId":0,"baseKey":"BWf+tYy9iF2Ik05dVF5yRWgzs+5L7KqRVF0nyCE/tuIF","preKeyId":3105522}}},"version":"v1"}