{"_sessions":{"BZ/lKPYEzgVhL6g7oJ96B7ol5AXxK5dmlwUmyKDdL4YP":{"registrationId":1331434016,"currentRatchet":{"ephemeralKeyPair":{"pubKey":"Bb39V6il9E76gluLAEh6fbE+cPnnppAptY7gAvsDTgYR","privKey":"2PE+XM67f8FG67w5S42N94DRlJRXPd8tiV9xwH0yhHw="},"lastRemoteEphemeralKey":"BWQ0t0jkkAm64WOdjQljiNrUdm08rcXgTmuyxeemZNAo","previousCounter":0,"rootKey":"X06nGMeoFVKsUxkjRr+adGsE0majrSCrP+oXzKmXp3Q="},"indexInfo":{"baseKey":"BZ/lKPYEzgVhL6g7oJ96B7ol5AXxK5dmlwUmyKDdL4YP","baseKeyType":1,"closed":-1,"used":1734398773105,"created":1734398773105,"remoteIdentityKey":"Bac2/75+JQeG3+AHb9jTn8CbsOzUeCGl4uAH7mBi0442"},"_chains":{"Bb39V6il9E76gluLAEh6fbE+cPnnppAptY7gAvsDTgYR":{"chainKey":{"counter":0,"key":"XnNYc90JG8AFfGGpYWP5N72K+cnb2/aTr0ZiDthKtZ0="},"chainType":1,"messageKeys":{}}},"pendingPreKey":{"signedKeyId":1,"baseKey":"BZ/lKPYEzgVhL6g7oJ96B7ol5AXxK5dmlwUmyKDdL4YP"}}},"version":"v1"}