{"_sessions":{"BUtv83EZCCiEAVQoSv0XkxTmyCR1bytJGw3ex+3IwM4S":{"registrationId":680380749,"currentRatchet":{"ephemeralKeyPair":{"pubKey":"BV1/C7wjJhxs50oKgXUjEo3YcB/Q3Yerm0SVJu4FmERs","privKey":"YCSultOQGPdyzVg/gWA2r5STwKzMBNJ54/DPHqfdt0g="},"lastRemoteEphemeralKey":"BW3urrIMht4cnZXwyrO/CRl1iif6lExyOsgP5VqpAEI/","previousCounter":0,"rootKey":"ZoyCp31gwhWYF0Fk+Z07VOOC4q1kPsZsmXVroigV4eY="},"indexInfo":{"baseKey":"BUtv83EZCCiEAVQoSv0XkxTmyCR1bytJGw3ex+3IwM4S","baseKeyType":1,"closed":-1,"used":1734398775670,"created":1734398775670,"remoteIdentityKey":"BUPP6M4wMkESAIuoP0pvgzQziws3S5P7HtZNDpbtFqF+"},"_chains":{"BV1/C7wjJhxs50oKgXUjEo3YcB/Q3Yerm0SVJu4FmERs":{"chainKey":{"counter":0,"key":"2gJ8tkLzGTG0EEj3bN85Bdb5gXVAEds+ptszStsHsiA="},"chainType":1,"messageKeys":{}}},"pendingPreKey":{"signedKeyId":2,"baseKey":"BUtv83EZCCiEAVQoSv0XkxTmyCR1bytJGw3ex+3IwM4S","preKeyId":1538749}}},"version":"v1"}