{"_sessions":{"BXu2ynGaDWttosLPM8lDMN0rOxilJeNngiCQ1HCYzC0e":{"registrationId":61314201,"currentRatchet":{"ephemeralKeyPair":{"pubKey":"BZQfKY/hVwo4jT6DAGv/lmFvLu3KaxtiOllRv4kyikM1","privKey":"eB/9Vk5APXxTjmnIX9l1pqgdjGuk2kasezkUQ8vtWEA="},"lastRemoteEphemeralKey":"BVsFClGSPagKxpWaH776ZvjSOWiVcQsO0XFs/H6fxB4L","previousCounter":0,"rootKey":"loDuFMAA7XcSFdvLhsUwcPJ2AF10uzixpJR1FkxkrBk="},"indexInfo":{"baseKey":"BXu2ynGaDWttosLPM8lDMN0rOxilJeNngiCQ1HCYzC0e","baseKeyType":1,"closed":-1,"used":1734398778116,"created":1734398778116,"remoteIdentityKey":"BX81zGiMEmk2A9n6MZM1s8JL3qnpsjjmYIkcn8dN8Mg/"},"_chains":{"BZQfKY/hVwo4jT6DAGv/lmFvLu3KaxtiOllRv4kyikM1":{"chainKey":{"counter":0,"key":"8lVaQXsyesxT6jIKNY5RKCMKxF5swabrMen2NVE3o2E="},"chainType":1,"messageKeys":{}}},"pendingPreKey":{"signedKeyId":11,"baseKey":"BXu2ynGaDWttosLPM8lDMN0rOxilJeNngiCQ1HCYzC0e","preKeyId":7123031}}},"version":"v1"}