{"_sessions":{"Beal68GtJWbPSwhM+/sbXoCxbDmBAg7kTad97g8D6Lte":{"registrationId":1153368117,"currentRatchet":{"ephemeralKeyPair":{"pubKey":"Beu8ZlgrZ0vqeVCjDgWEAOXaC8wRfbu+euPyDelQIekz","privKey":"cIep44iQZiKGAgDZlf7TXbnn+/fEDsls7Lz9pqWdZmA="},"lastRemoteEphemeralKey":"Bb81rLSlAHyx9+KBdumCsbbdm6Oq2+jXCqx8spISn/Eh","previousCounter":0,"rootKey":"wjZpyqKrnIAGe0A04h5XP2Qiw0vdG52z4HBCbqITeNw="},"indexInfo":{"baseKey":"Beal68GtJWbPSwhM+/sbXoCxbDmBAg7kTad97g8D6Lte","baseKeyType":1,"closed":-1,"used":1734398775502,"created":1734398775502,"remoteIdentityKey":"BQvZoS4T8uwAIB/5CGzQNOcdC+nuxQBucFSUQuS6V1IA"},"_chains":{"Beu8ZlgrZ0vqeVCjDgWEAOXaC8wRfbu+euPyDelQIekz":{"chainKey":{"counter":0,"key":"s+7oT/gV+7SMUNh1s0bH3UiIHa963TZDPeB5SG9lJDw="},"chainType":1,"messageKeys":{}}},"pendingPreKey":{"signedKeyId":0,"baseKey":"Beal68GtJWbPSwhM+/sbXoCxbDmBAg7kTad97g8D6Lte"}}},"version":"v1"}