{"_sessions":{"BVB+w//JcOyKJpOAYe9AeynwhwGn/E+H55uiSOgmEE5S":{"registrationId":1399078750,"currentRatchet":{"ephemeralKeyPair":{"pubKey":"BYPGn2M/mcLX/RZarihh9z2Q1l+YB61nsNQG7fRC4U4G","privKey":"QBQJpoUNaijBrLQmeEtiJsWOQWlWXwO6Q7CLyI0kjEg="},"lastRemoteEphemeralKey":"BdwzHCN9lz9jtvNoCxaXiwt38B0D63fzL14WjIxNwNwC","previousCounter":0,"rootKey":"/ZOS7QYl2F5r3+qXc1VaSfqNNRb3woE7/Eh5PVwZYpM="},"indexInfo":{"baseKey":"BVB+w//JcOyKJpOAYe9AeynwhwGn/E+H55uiSOgmEE5S","baseKeyType":1,"closed":-1,"used":1734398773119,"created":1734398773119,"remoteIdentityKey":"BcAtbAvpTqZIFcvG0LTcRBJ5V7DtH0XUfJHHWGWgrV5R"},"_chains":{"BYPGn2M/mcLX/RZarihh9z2Q1l+YB61nsNQG7fRC4U4G":{"chainKey":{"counter":0,"key":"zJq6rXiIDQGfJbdHxzwFGoHMqMdfwu2XFNSFkAq7bME="},"chainType":1,"messageKeys":{}}},"pendingPreKey":{"signedKeyId":1,"baseKey":"BVB+w//JcOyKJpOAYe9AeynwhwGn/E+H55uiSOgmEE5S","preKeyId":4366222}}},"version":"v1"}