{"_sessions":{"BZ36NUZ0DcMay1O6dTKIPBB7IQ6kVYegi/ogYz8RMiRM":{"registrationId":472727439,"currentRatchet":{"ephemeralKeyPair":{"pubKey":"BaaajK1ERqm/byGOofO2ynSfYiKzkTrkYtgSJZ03S+VG","privKey":"YFg4tmqz3yBdqHv5Ftdsk51rboGNbV2kFhOVlcQiNE0="},"lastRemoteEphemeralKey":"BbIDZjr+o422P5cgIXAmWTsu+01E+13mry3v96wU/sc/","previousCounter":0,"rootKey":"qXkQE85e0JqvAcUFe+qkoadl8wXIiP3MHhWyGDApqGo="},"indexInfo":{"baseKey":"BZ36NUZ0DcMay1O6dTKIPBB7IQ6kVYegi/ogYz8RMiRM","baseKeyType":1,"closed":-1,"used":1734398771412,"created":1734398771412,"remoteIdentityKey":"BSCgVhqVsVq53tkucfW4NuD3nLpyvffKROZmD7NjPb87"},"_chains":{"BaaajK1ERqm/byGOofO2ynSfYiKzkTrkYtgSJZ03S+VG":{"chainKey":{"counter":0,"key":"cldVfDJzS4+k64itwIpD7QLioYNIdngTAHTfVsttSrc="},"chainType":1,"messageKeys":{}}},"pendingPreKey":{"signedKeyId":2,"baseKey":"BZ36NUZ0DcMay1O6dTKIPBB7IQ6kVYegi/ogYz8RMiRM","preKeyId":8324907}}},"version":"v1"}