{"_sessions":{"BVBl8Wrky41IQo/2/LialjB9yCIyKncuhSw22x+XvY4o":{"registrationId":907151979,"currentRatchet":{"ephemeralKeyPair":{"pubKey":"BeIL+wg5bNQVXGYeCbD4OObVDws4yUGjwFzirdQXHSp6","privKey":"WKPkBOxYUgaQ9D/dFi+NIciEUEzPMr1XiSMilxPIF3E="},"lastRemoteEphemeralKey":"BbyL66ZK8VK+6DMyAeHeH6aq59V2xF3nRGCLwK1OZEFs","previousCounter":0,"rootKey":"OZij5unMS0LkHLBy27TzxT5HFmjxsaoZcUnmojJT4b0="},"indexInfo":{"baseKey":"BVBl8Wrky41IQo/2/LialjB9yCIyKncuhSw22x+XvY4o","baseKeyType":1,"closed":-1,"used":1734398775522,"created":1734398775522,"remoteIdentityKey":"BaySCfnKJCSTy+04L6pq1sJn/jDO+/7eFWyUeDnlivJY"},"_chains":{"BeIL+wg5bNQVXGYeCbD4OObVDws4yUGjwFzirdQXHSp6":{"chainKey":{"counter":0,"key":"/aadJ4h8ZkdV6tgLi3EgxisfU/3ql/fkqMXV5Bi8j0M="},"chainType":1,"messageKeys":{}}},"pendingPreKey":{"signedKeyId":4,"baseKey":"BVBl8Wrky41IQo/2/LialjB9yCIyKncuhSw22x+XvY4o"}}},"version":"v1"}