{"_sessions":{"BeXOXe9IAON4LqFJ4lttlBzQ1T3rbxoty/uVR/EgDxp5":{"registrationId":1280345785,"currentRatchet":{"ephemeralKeyPair":{"pubKey":"BRAl2yuAMfpXJjNGf2PuPjsT2SFlkAGqfN1gZS7/1NZw","privKey":"4BUvkOihX1JCvcTsiUgnKKjcAjwMNfW70pgI4lMpz1o="},"lastRemoteEphemeralKey":"BR2LM/qhoyiljtD+9ipmLu/CPnm72UPkMWPXHAwVNAkX","previousCounter":0,"rootKey":"6VttsJ7YC/KY7a3omLX7uj9W6jJqWNFyxE9YH/EtfC8="},"indexInfo":{"baseKey":"BeXOXe9IAON4LqFJ4lttlBzQ1T3rbxoty/uVR/EgDxp5","baseKeyType":1,"closed":-1,"used":1734398773103,"created":1734398773103,"remoteIdentityKey":"BcHvbUabBYktMD6qH0IxP1GnQF4Rh92DsI2mA3nM6QE1"},"_chains":{"BRAl2yuAMfpXJjNGf2PuPjsT2SFlkAGqfN1gZS7/1NZw":{"chainKey":{"counter":0,"key":"Y52BiSLKXjOYkYbnlrYhBVf0RbBCwe0nbRa99SSoHfE="},"chainType":1,"messageKeys":{}}},"pendingPreKey":{"signedKeyId":1,"baseKey":"BeXOXe9IAON4LqFJ4lttlBzQ1T3rbxoty/uVR/EgDxp5","preKeyId":5362918}}},"version":"v1"}