{"_sessions":{"BSquGq5GpSVczTM65YnynorOjMD282SbtoB/1deP2zlK":{"registrationId":929513034,"currentRatchet":{"ephemeralKeyPair":{"pubKey":"BX8burf8TO3EKkdrHi9MCDLqhUTgqvblKA7MFz/1sCVH","privKey":"8I4wfqZ2g+GVayi8/2KFsGBpwknD03SgGTOzjW5i1Wo="},"lastRemoteEphemeralKey":"BcokNqacuD/OAP393wcrkLbD4r6iwQnFt5SLfyclbY5G","previousCounter":0,"rootKey":"8xsnYLmnQ3ZJIdWFP0j6q4ZrufJTtX2dfe0Pim8nxXc="},"indexInfo":{"baseKey":"BSquGq5GpSVczTM65YnynorOjMD282SbtoB/1deP2zlK","baseKeyType":1,"closed":-1,"used":1734398771414,"created":1734398771414,"remoteIdentityKey":"BbFk/+/uDLcAA61sj9SIQxExAKRd2E34DNWr9vEjHQV3"},"_chains":{"BX8burf8TO3EKkdrHi9MCDLqhUTgqvblKA7MFz/1sCVH":{"chainKey":{"counter":0,"key":"r5rB6MoEGNoMs2XkDP4T09pBexrHGkF4hGgiTpYotoo="},"chainType":1,"messageKeys":{}}},"pendingPreKey":{"signedKeyId":14014343,"baseKey":"BSquGq5GpSVczTM65YnynorOjMD282SbtoB/1deP2zlK","preKeyId":39614}}},"version":"v1"}