{"_sessions":{"BSboZFQFtis39UKmIOncN4R/+cfo/77UwVR26mp5WzcM":{"registrationId":11012,"currentRatchet":{"ephemeralKeyPair":{"pubKey":"Bbfphl5oVdXVlWCfVbFeb2Hbrbm7SZgBdfT587MUwI5X","privKey":"SBZkDprVn8OmCfjiFmd9Aq0EdW/mLMW4yrYmvECRgEM="},"lastRemoteEphemeralKey":"Beand/Y5JjlqLsTtgQuSD7lh5U9oogcvmwZknXnNSnJK","previousCounter":0,"rootKey":"Xg/K/xuShyZxRpq9kF01V7a+O6GTP0UiveqzFoyRl0Q="},"indexInfo":{"baseKey":"BSboZFQFtis39UKmIOncN4R/+cfo/77UwVR26mp5WzcM","baseKeyType":1,"closed":-1,"used":1734398771257,"created":1734398771257,"remoteIdentityKey":"BWuqhMAU1WLZ7Y/S+lkIO7n4fawYaeeFn8uRE0D6iQw4"},"_chains":{"Bbfphl5oVdXVlWCfVbFeb2Hbrbm7SZgBdfT587MUwI5X":{"chainKey":{"counter":0,"key":"d2ke8EKxut0QV9EAvoiTJK7sqDe3dOMOhYxY9XQSaR4="},"chainType":1,"messageKeys":{}}},"pendingPreKey":{"signedKeyId":1,"baseKey":"BSboZFQFtis39UKmIOncN4R/+cfo/77UwVR26mp5WzcM"}}},"version":"v1"}