{"_sessions":{"BWdIUTW55/j+kem9XhBXqyE8AVFbtZ25ejt9m74Mjnpk":{"registrationId":1033478272,"currentRatchet":{"ephemeralKeyPair":{"pubKey":"BZhExQz8cf3Vdka684n33HUpsoUDmnCvVe5G7jgWC5Ue","privKey":"KCYzgqiknTzoJM5FJA2Cm/Jop06fb6Wy9IRWDfuLpX0="},"lastRemoteEphemeralKey":"Bal1buQVMZdCrDG1QX5/V3cnPh5acuqS4JrhkdlHW+hQ","previousCounter":0,"rootKey":"V2K+QirSsTAv+B5gdWxLvUBsbwFBjQwJWCXArnG5d14="},"indexInfo":{"baseKey":"BWdIUTW55/j+kem9XhBXqyE8AVFbtZ25ejt9m74Mjnpk","baseKeyType":1,"closed":-1,"used":1734398775804,"created":1734398775804,"remoteIdentityKey":"BZUC+W+01i/eNHhDK+hZ0wCobws2tiDYJzZkHu08lBp3"},"_chains":{"BZhExQz8cf3Vdka684n33HUpsoUDmnCvVe5G7jgWC5Ue":{"chainKey":{"counter":0,"key":"crMsCSlHhLSwGJKlv8ejg8K2I5AlNsi8XQ9IXjUPH7s="},"chainType":1,"messageKeys":{}}},"pendingPreKey":{"signedKeyId":3,"baseKey":"BWdIUTW55/j+kem9XhBXqyE8AVFbtZ25ejt9m74Mjnpk","preKeyId":4921930}}},"version":"v1"}