{"_sessions":{"BU7Mz/gAG9SstfIJFbncyf4LtjF7xNy5VfSjaNmwQtc1":{"registrationId":667751398,"currentRatchet":{"ephemeralKeyPair":{"pubKey":"BQov+RSHG8vCwLoagbu+3VywfEfW3Q+E5dXfL96GxHAC","privKey":"AEp10m5SyDqZ6Pw7epbo5j52t2qfumgrjsmxxI+6DkA="},"lastRemoteEphemeralKey":"Ba5ox6sfuYzTxS8p3EwU9H9x/6jtdAn169/TS4YhGsh8","previousCounter":0,"rootKey":"rOnMPvp0B85ZIZnuF6MheD+AKf4Cm4DVepEuvYVG0nc="},"indexInfo":{"baseKey":"BU7Mz/gAG9SstfIJFbncyf4LtjF7xNy5VfSjaNmwQtc1","baseKeyType":1,"closed":-1,"used":1734398778175,"created":1734398778175,"remoteIdentityKey":"BfSWJHZoLzajWSb/A4R45bzl+f0zhNCVSTknFOnFQoFv"},"_chains":{"BQov+RSHG8vCwLoagbu+3VywfEfW3Q+E5dXfL96GxHAC":{"chainKey":{"counter":0,"key":"CmP6gMeyhGIW7FMhEaR9mSKe9bC1nCzYUnZX1f7ZHks="},"chainType":1,"messageKeys":{}}},"pendingPreKey":{"signedKeyId":1,"baseKey":"BU7Mz/gAG9SstfIJFbncyf4LtjF7xNy5VfSjaNmwQtc1","preKeyId":15157879}}},"version":"v1"}