{"_sessions":{"BQSqGebPTtajaQkUz482JCYXfUnq/T1uNSn8z+N297xo":{"registrationId":567819226,"currentRatchet":{"ephemeralKeyPair":{"pubKey":"BSFXn5liFGb0+/vYEfIVVTqvRG1/5E8Cmy37yWS2eqRX","privKey":"mE3ZoObwMmEDDAcUDXAwMHdNM54VrrKl2ClrR6zu0m8="},"lastRemoteEphemeralKey":"BdIU2fqxAz/CzVuSCni8J5Hcdj1DxT1hYXZNTvnzD2s7","previousCounter":0,"rootKey":"XvgFAIEacGyoUQ5hVR0W6C9RLYE6HUr0pBPczt0Nbbk="},"indexInfo":{"baseKey":"BQSqGebPTtajaQkUz482JCYXfUnq/T1uNSn8z+N297xo","baseKeyType":1,"closed":-1,"used":1734398775573,"created":1734398775573,"remoteIdentityKey":"Ba+CQ0aiCdIFchXYZ1BFMkgbx9EzSjQRrWpql83Mw304"},"_chains":{"BSFXn5liFGb0+/vYEfIVVTqvRG1/5E8Cmy37yWS2eqRX":{"chainKey":{"counter":0,"key":"SKVAkuhaNzU9qpYw2SY8slbZEvgqG3d6ANvAPdfY47s="},"chainType":1,"messageKeys":{}}},"pendingPreKey":{"signedKeyId":0,"baseKey":"BQSqGebPTtajaQkUz482JCYXfUnq/T1uNSn8z+N297xo","preKeyId":3827536}}},"version":"v1"}