{"_sessions":{"BSj9FRRb1XWuqDgOGTRzryybnAH8NmH0soLz1fn2jH8+":{"registrationId":1649261144,"currentRatchet":{"ephemeralKeyPair":{"pubKey":"BVaW/ao/w4VevLsDFZvNsVeoT1YYyiOPBhgkkmuLMPBr","privKey":"oEoa8fUAhylUSbs+bxHuhGJJlpAcCg0Yb4MPPQgpOWM="},"lastRemoteEphemeralKey":"BR8GmfT/cHPTIx9PVz2m0ASxvSHH57tzp1fUZ3mjZ0Qi","previousCounter":0,"rootKey":"eTH3LAmJd8I9WySey/VoKl7FEDsv4FrxIQkbSLm92MU="},"indexInfo":{"baseKey":"BSj9FRRb1XWuqDgOGTRzryybnAH8NmH0soLz1fn2jH8+","baseKeyType":1,"closed":-1,"used":1734398778122,"created":1734398778122,"remoteIdentityKey":"BTgD8+3HJ0VkRDrejnIpiJo0tE4bDiTN0H7T8Qlvwtcc"},"_chains":{"BVaW/ao/w4VevLsDFZvNsVeoT1YYyiOPBhgkkmuLMPBr":{"chainKey":{"counter":0,"key":"oE8xTH/nVYVorefXS9myolI7/4MZ3zIC1pvJ7HyNWNY="},"chainType":1,"messageKeys":{}}},"pendingPreKey":{"signedKeyId":3,"baseKey":"BSj9FRRb1XWuqDgOGTRzryybnAH8NmH0soLz1fn2jH8+","preKeyId":16175682}}},"version":"v1"}