{"_sessions":{"BYpHlrX/C5jhKYgGMiwXVuu0yYm79dGa8sh0JAkHgAtf":{"registrationId":114664565,"currentRatchet":{"ephemeralKeyPair":{"pubKey":"BWF/P9oJbGnA2KIUioJTACdHPQZxeEMAk31mgBkw1xJS","privKey":"sLEkqyOEd/Gbj1UguTn7os+uBi/pO5bQPfUXyuCRNEc="},"lastRemoteEphemeralKey":"Bd+CQYH2KuzfKO+Toc0ml4WD+4tkXDW3C1brx3CQLOl0","previousCounter":0,"rootKey":"3/Gs8QiWxTDpBK08t3IH0a0tjEx4FyXgJDxyDjz95n4="},"indexInfo":{"baseKey":"BYpHlrX/C5jhKYgGMiwXVuu0yYm79dGa8sh0JAkHgAtf","baseKeyType":1,"closed":-1,"used":1734398775528,"created":1734398775528,"remoteIdentityKey":"BcPqfIjYy0GGHzDsu0yKznLwIgi3kuuT62T+rMxhaGJO"},"_chains":{"BWF/P9oJbGnA2KIUioJTACdHPQZxeEMAk31mgBkw1xJS":{"chainKey":{"counter":0,"key":"z4oZ2/JUxGU9AsH0Pb1q2ND2j7nU/dvLp2LwIxIhgAE="},"chainType":1,"messageKeys":{}}},"pendingPreKey":{"signedKeyId":7,"baseKey":"BYpHlrX/C5jhKYgGMiwXVuu0yYm79dGa8sh0JAkHgAtf","preKeyId":6730920}}},"version":"v1"}