{"_sessions":{"BUfl2LfP684715lSgx2OfGKyRsnUnOjuNZeR4f2IxR4P":{"registrationId":621333812,"currentRatchet":{"ephemeralKeyPair":{"pubKey":"BXon6a/qQt1cNJ/kunSWsgdFLK3gaeuOMxvofL0TUFQC","privKey":"GBvVb3NHW1mvN9AxqVBFt1MeRvkNsicfei/8TAUeBWU="},"lastRemoteEphemeralKey":"BeomSyGgVFdbFZoxS+9ZqK1LTDH/0s9tC851AzR0h9kz","previousCounter":0,"rootKey":"EyRyVZn7RRurnB8deLBmEp+uOLVGDjOuxoCCd91SSb0="},"indexInfo":{"baseKey":"BUfl2LfP684715lSgx2OfGKyRsnUnOjuNZeR4f2IxR4P","baseKeyType":1,"closed":-1,"used":1734398566843,"created":1734398566843,"remoteIdentityKey":"Bdq6vZyCQZ4CBFA5IbypvwcxEch0WF4XDICaNtnnaIZu"},"_chains":{"BXon6a/qQt1cNJ/kunSWsgdFLK3gaeuOMxvofL0TUFQC":{"chainKey":{"counter":9,"key":"KEhAUym1N88THy+blMyzbxSni+JD+yJO7bkXEZjvJiw="},"chainType":1,"messageKeys":{}}},"pendingPreKey":{"signedKeyId":4,"baseKey":"BUfl2LfP684715lSgx2OfGKyRsnUnOjuNZeR4f2IxR4P","preKeyId":6736242}}},"version":"v1"}