{"_sessions":{"BTpc0ySHdS9dLKlOy6N1UBc5zwnZtYzy+OmBZnpTdzAz":{"registrationId":445399847,"currentRatchet":{"ephemeralKeyPair":{"pubKey":"BYnvq9m93KK3UVQhAZrbL9aGirg6OOu/8myr1RVZb6kz","privKey":"AORXIfA6RLAufgGMW6GLD49cvPxwbgnlkKRhAALgJHg="},"lastRemoteEphemeralKey":"BYlUrmBvncTnEEVCD28YKQE45vEtkqX2FLlWQMvrs5Ag","previousCounter":0,"rootKey":"2wB/ELhQ3sWYUgQdpYRWaMtmUpZwziUdXNaiXl6dddM="},"indexInfo":{"baseKey":"BTpc0ySHdS9dLKlOy6N1UBc5zwnZtYzy+OmBZnpTdzAz","baseKeyType":1,"closed":-1,"used":1734398778158,"created":1734398778158,"remoteIdentityKey":"BXbJkcLHvXFrJT4kE6IFe0s81UKrKe7VLEZHlEujTO4K"},"_chains":{"BYnvq9m93KK3UVQhAZrbL9aGirg6OOu/8myr1RVZb6kz":{"chainKey":{"counter":0,"key":"iXK90yj+nqgQmo7jyEmvbPsNz+2dcX6f8Y8rtZM76Yw="},"chainType":1,"messageKeys":{}}},"pendingPreKey":{"signedKeyId":0,"baseKey":"BTpc0ySHdS9dLKlOy6N1UBc5zwnZtYzy+OmBZnpTdzAz","preKeyId":2485397}}},"version":"v1"}