{"_sessions":{"Ba3xytdLHlmFvU/vHqINnG4YOAmlN+tYOAGhI6JsGBcX":{"registrationId":7321,"currentRatchet":{"ephemeralKeyPair":{"pubKey":"BVAJB6ayaeXm6N44ZhGZcjLdlLd14t5EVbLhUpsVxm9S","privKey":"UGGuA56YbINX+qxAfSV7mdwPaA/qXWuC3ilYblotgHM="},"lastRemoteEphemeralKey":"BYXjLepfTZiYOMVs+UDoWO3LbI7GM7xoQrfmiP3cCh0c","previousCounter":0,"rootKey":"evRqgq/kP0YOVozBpwd6djmxotV+Dkgtw08fTNAN388="},"indexInfo":{"baseKey":"Ba3xytdLHlmFvU/vHqINnG4YOAmlN+tYOAGhI6JsGBcX","baseKeyType":1,"closed":-1,"used":1734398771104,"created":1734398771104,"remoteIdentityKey":"Bd7be4VhGY9hvCyurt1oG74AU39BKAw0/91/Bi7BrLsv"},"_chains":{"BVAJB6ayaeXm6N44ZhGZcjLdlLd14t5EVbLhUpsVxm9S":{"chainKey":{"counter":0,"key":"hG8IwFMocKjA7+HkrXXRI+8bSWV9z3v2kTz0GQ/fPLY="},"chainType":1,"messageKeys":{}}},"pendingPreKey":{"signedKeyId":1,"baseKey":"Ba3xytdLHlmFvU/vHqINnG4YOAmlN+tYOAGhI6JsGBcX"}}},"version":"v1"}