{"_sessions":{"BQZSK7MhRktylNGneVQ+b/GdtQ3DGO/QVxzPHpTHwJk/":{"registrationId":2314,"currentRatchet":{"ephemeralKeyPair":{"pubKey":"BXBf8Ju8Y7qKyhlq5YlnuE7oSDNAhavtV95Z4oYQtOl3","privKey":"wMl5aaOQFwJ3EWeattgmc2cCEHn3vuwlYLwn8UtCJUo="},"lastRemoteEphemeralKey":"BXZGClko+eB4bf2dS0EuuO5IDUvTPfSFzj0IblcY0WgS","previousCounter":0,"rootKey":"iwbvo8Fjtl9V45/51oqgyX9hm15WzWIYuucdGOO0kwk="},"indexInfo":{"baseKey":"BQZSK7MhRktylNGneVQ+b/GdtQ3DGO/QVxzPHpTHwJk/","baseKeyType":1,"closed":-1,"used":1734398771286,"created":1734398771286,"remoteIdentityKey":"BUDrwGZyaLmMerGOSYi7BuVJL3ks+IC5rBncYfMsky4a"},"_chains":{"BXBf8Ju8Y7qKyhlq5YlnuE7oSDNAhavtV95Z4oYQtOl3":{"chainKey":{"counter":0,"key":"wjgMY6N2L5wCeBEL4VoZHKo6IlKEnf0Iyx0lY2JO3IQ="},"chainType":1,"messageKeys":{}}},"pendingPreKey":{"signedKeyId":1,"baseKey":"BQZSK7MhRktylNGneVQ+b/GdtQ3DGO/QVxzPHpTHwJk/"}}},"version":"v1"}