{"_sessions":{"BWmvojM6nEPuPbRJiuiIGbCcY1+GJywCoeKQnnOFhT02":{"registrationId":1113213993,"currentRatchet":{"ephemeralKeyPair":{"pubKey":"BcQKtnktOT9nrVYuN7xlBVfeKMODkayvnmFaNQCGRMZR","privKey":"2BVMYRMTSoQV2svJ3Yj6Khh5ZkvQAEEKYAy9V2y2vVk="},"lastRemoteEphemeralKey":"BWlns0GXg96BP/6nakdIb3iH6oxiHmdw5WCEw4tA/lAA","previousCounter":0,"rootKey":"/g8kvluF48YqXN5Rnezi7Tmv5yu7ku6R0iHtkPUDgL8="},"indexInfo":{"baseKey":"BWmvojM6nEPuPbRJiuiIGbCcY1+GJywCoeKQnnOFhT02","baseKeyType":1,"closed":-1,"used":1734398773228,"created":1734398773228,"remoteIdentityKey":"BRS+7Zxtpc/f7lGMKUBvCApkdwsIcgq5SDIIvGbgklNQ"},"_chains":{"BcQKtnktOT9nrVYuN7xlBVfeKMODkayvnmFaNQCGRMZR":{"chainKey":{"counter":0,"key":"OHRIMgiz/w0CaHS6oYLZq8RoI/Ic2ppRzr43To0Pr5c="},"chainType":1,"messageKeys":{}}},"pendingPreKey":{"signedKeyId":17,"baseKey":"BWmvojM6nEPuPbRJiuiIGbCcY1+GJywCoeKQnnOFhT02","preKeyId":2000548}}},"version":"v1"}