{"_sessions":{"BWwNoJ9T5fpn8iePIDyM1FECTyf4vVruSQeHOAPN+kIh":{"registrationId":2124750911,"currentRatchet":{"ephemeralKeyPair":{"pubKey":"BZYurJg4D7S+c5Lj+IsJLLrBrtXVmGBmcrhNJ4A3CwUx","privKey":"8A6o6zb747050TahG8DeFT3GQglrK0JebYte8U2KE1Y="},"lastRemoteEphemeralKey":"Bfl+YQiRBWZKsvkzrOZRiCILHhCeAOtFktm1IFmQv1hu","previousCounter":0,"rootKey":"lGNvz+Sbt/R+v2Kn0SbfdS2JGuH3BCsvrXw0qBHZVPc="},"indexInfo":{"baseKey":"BWwNoJ9T5fpn8iePIDyM1FECTyf4vVruSQeHOAPN+kIh","baseKeyType":1,"closed":-1,"used":1734398780437,"created":1734398780437,"remoteIdentityKey":"BcKZvHH/RWeY5g/UlF76oqszkp/MnSLMEpaMcVyrMtI6"},"_chains":{"BZYurJg4D7S+c5Lj+IsJLLrBrtXVmGBmcrhNJ4A3CwUx":{"chainKey":{"counter":0,"key":"MCI0A3pEBQEdF2C7PWVJUm7TgevYyQr8pbDztv+t5xw="},"chainType":1,"messageKeys":{}}},"pendingPreKey":{"signedKeyId":0,"baseKey":"BWwNoJ9T5fpn8iePIDyM1FECTyf4vVruSQeHOAPN+kIh"}}},"version":"v1"}