{"_sessions":{"BUJFh7QjaQEFvhE+LcYHg6EK73zBygPDFKIPZJpIDspj":{"registrationId":377934237,"currentRatchet":{"ephemeralKeyPair":{"pubKey":"BaflmNHa8F6VS/dtq5/JaUclCORa4Vqq5P0C2Mym3nxC","privKey":"ICUzVEV0A/CFJ7TkSqf/NiS+U1U7MMkma+ybcbsH2Wc="},"lastRemoteEphemeralKey":"BWOSacUfpA/lDfojuJwcab0lxL0j4DaYxZYJUbTCoNhb","previousCounter":0,"rootKey":"dx0OJ//ubIrOxfrFRTA39Jglo+JHFB85U5+T9S6OWr8="},"indexInfo":{"baseKey":"BUJFh7QjaQEFvhE+LcYHg6EK73zBygPDFKIPZJpIDspj","baseKeyType":1,"closed":-1,"used":1734398778303,"created":1734398778303,"remoteIdentityKey":"BdhdhyOoVcufLWF21as/nR/55O8WYSk7pTGIH7f7pIoy"},"_chains":{"BaflmNHa8F6VS/dtq5/JaUclCORa4Vqq5P0C2Mym3nxC":{"chainKey":{"counter":0,"key":"XX9pJEY5RR22kCu38aiOJArQgOpNJ/5cubUVjBrEuEM="},"chainType":1,"messageKeys":{}}},"pendingPreKey":{"signedKeyId":1,"baseKey":"BUJFh7QjaQEFvhE+LcYHg6EK73zBygPDFKIPZJpIDspj"}}},"version":"v1"}