{"_sessions":{"BaxADrE0Hb1NOn+qqtvPm/JD9ZEv+8WBG4LE34vZBKUR":{"registrationId":2096804072,"currentRatchet":{"ephemeralKeyPair":{"pubKey":"BeTpcyOPeDN5PN614OgVE7hUTW6PJ+gOVQ//9ANpgA41","privKey":"gE7ME8BdoqAS95yEZpPh/TrppQe+N/vvcftSJXjAF1c="},"lastRemoteEphemeralKey":"BZzBC01tZtuOjgisWJv/G7fnFNkxu9tJgLL9ypI2j0RR","previousCounter":0,"rootKey":"32wAt6UB67RsYoPKyekJXSXMH67vOZ66lPWfSgR5hRQ="},"indexInfo":{"baseKey":"BaxADrE0Hb1NOn+qqtvPm/JD9ZEv+8WBG4LE34vZBKUR","baseKeyType":1,"closed":-1,"used":1734398773042,"created":1734398773042,"remoteIdentityKey":"BfPPezieT+WRIl5r1y45k0tTZUDbT6CRZjdxk7ymJcIj"},"_chains":{"BeTpcyOPeDN5PN614OgVE7hUTW6PJ+gOVQ//9ANpgA41":{"chainKey":{"counter":0,"key":"D4sV3U7FXGzgyTvGSg9cK7AHndZNlBrxsZBUI7CB9qE="},"chainType":1,"messageKeys":{}}},"pendingPreKey":{"signedKeyId":2,"baseKey":"BaxADrE0Hb1NOn+qqtvPm/JD9ZEv+8WBG4LE34vZBKUR","preKeyId":1645901}}},"version":"v1"}