{"_sessions":{"BVSp3ri92S5WdJLAenM/6VcqfrMbqFBxgy+e3FW6KH0l":{"registrationId":110785717,"currentRatchet":{"ephemeralKeyPair":{"pubKey":"BYlOc2wmj7mLb8exfhD6CmAoP3z7LH1j5h7Q2n1StmhX","privKey":"cObYw5RZXvt3XZ2JJDRcn0BG5ZXFAzgNL1IoDSHt6Xk="},"lastRemoteEphemeralKey":"BW8Q2teM5sUJWZr4HbeX8MShRlEk1bJ0SA6QLY/dvAZO","previousCounter":0,"rootKey":"mAhLkksp/MUGOjuSfldsGZWTLSWSSSUudh1l4HeGeHw="},"indexInfo":{"baseKey":"BVSp3ri92S5WdJLAenM/6VcqfrMbqFBxgy+e3FW6KH0l","baseKeyType":1,"closed":-1,"used":1734398775607,"created":1734398775607,"remoteIdentityKey":"BfdMdetNP6VmDdkF8i1LbtBwBYYlLC33vKYEzXIWjnB2"},"_chains":{"BYlOc2wmj7mLb8exfhD6CmAoP3z7LH1j5h7Q2n1StmhX":{"chainKey":{"counter":0,"key":"NSNJd1/uZdBEBOeJB3AAUOT+CaIqMGLwwKZLlczsBD0="},"chainType":1,"messageKeys":{}}},"pendingPreKey":{"signedKeyId":2,"baseKey":"BVSp3ri92S5WdJLAenM/6VcqfrMbqFBxgy+e3FW6KH0l","preKeyId":15344850}}},"version":"v1"}