{"_sessions":{"BRQsGVykrKieMKDHiN6SjAZ1t7BNAJ/dhr6s5OOjbwka":{"registrationId":1535009380,"currentRatchet":{"ephemeralKeyPair":{"pubKey":"BR+VSXdg0p0OoIVkDVZ/CPLLFDw45TS8HBgEjIUx0bBA","privKey":"aEtOn5dKcNxr9B4mGc2cZ9aelwLzS+rie7YS/wRuB2E="},"lastRemoteEphemeralKey":"BeUPI1YFI40YSt9z19eqRdkHiKTHc8t5ZRtD93goiTon","previousCounter":0,"rootKey":"SS+7B4nCHPbKJutZNGWhwy0m0pKi/11kACPQ9I4Euy8="},"indexInfo":{"baseKey":"BRQsGVykrKieMKDHiN6SjAZ1t7BNAJ/dhr6s5OOjbwka","baseKeyType":1,"closed":-1,"used":1734398773271,"created":1734398773271,"remoteIdentityKey":"BeTMir7FTl7vrT9TWmE/YEsJkRoucpCUbmT1kMRL95dg"},"_chains":{"BR+VSXdg0p0OoIVkDVZ/CPLLFDw45TS8HBgEjIUx0bBA":{"chainKey":{"counter":0,"key":"MXMG63nhKWdqRlVLPYYD6zZxnzgHfmNbDPOBNxbx2tI="},"chainType":1,"messageKeys":{}}},"pendingPreKey":{"signedKeyId":3,"baseKey":"BRQsGVykrKieMKDHiN6SjAZ1t7BNAJ/dhr6s5OOjbwka","preKeyId":7123689}}},"version":"v1"}