{"_sessions":{"Bcz89lruisI3n2H8K85yhWjmj9SxHEWN+stzxq2RMlAv":{"registrationId":1569207047,"currentRatchet":{"ephemeralKeyPair":{"pubKey":"BU4ILxJ9ZWk7hT4mQCieCGXe5qsK7OCi3l9H9tCUKDBK","privKey":"EC93fRVZ4bJs2Pkj/nFFee5nc9ux8p1mMATgOaf3HUs="},"lastRemoteEphemeralKey":"BVEWxbRF/IhmOudyMh2nBryatL3jtz0dgvRPYBPKlU09","previousCounter":0,"rootKey":"Fa0VOYM+QxaTIEXUtPd8qPDOuJG48jm/KcEQuhI6kf0="},"indexInfo":{"baseKey":"Bcz89lruisI3n2H8K85yhWjmj9SxHEWN+stzxq2RMlAv","baseKeyType":1,"closed":-1,"used":1734398775661,"created":1734398775661,"remoteIdentityKey":"BavKkOFhC5Un3uXaKqwachrEFmtFDdrYS9TdyiJTT9wI"},"_chains":{"BU4ILxJ9ZWk7hT4mQCieCGXe5qsK7OCi3l9H9tCUKDBK":{"chainKey":{"counter":0,"key":"DJPQfNBZszpv20qRqimhGqfGHO5+TOHMisv8No16zFw="},"chainType":1,"messageKeys":{}}},"pendingPreKey":{"signedKeyId":8,"baseKey":"Bcz89lruisI3n2H8K85yhWjmj9SxHEWN+stzxq2RMlAv","preKeyId":8320372}}},"version":"v1"}