{"_sessions":{"BZEvChwpSWh0931hAJST9777BnexI3FvszrNwfpKXygl":{"registrationId":1560306401,"currentRatchet":{"ephemeralKeyPair":{"pubKey":"BSsoJqRdqw7OKpezsOUmX11My9uZ0NkvSykUi4PKco1x","privKey":"IBvBGVnv82LDrQ7swpHziFXqTDFo63uVf4DhGAREjHA="},"lastRemoteEphemeralKey":"Bds1MbLuCzCzBZkJbCm9MyQeXD/qy7WS+UandSEpfdY+","previousCounter":0,"rootKey":"qQCKKiFYTAkAksdYboac4wUlI1MrYPCBqwpMBqBCshQ="},"indexInfo":{"baseKey":"BZEvChwpSWh0931hAJST9777BnexI3FvszrNwfpKXygl","baseKeyType":1,"closed":-1,"used":1734398780475,"created":1734398780475,"remoteIdentityKey":"BRd+yMUCCUcvvwsPlr7oLEmVV1QOEuRJ/fQKkZgQJWd6"},"_chains":{"BSsoJqRdqw7OKpezsOUmX11My9uZ0NkvSykUi4PKco1x":{"chainKey":{"counter":0,"key":"RzUg4PflJ/B48sYyrRfjKcPB2nRfeTEApfkdg0Xs4xM="},"chainType":1,"messageKeys":{}}},"pendingPreKey":{"signedKeyId":1,"baseKey":"BZEvChwpSWh0931hAJST9777BnexI3FvszrNwfpKXygl","preKeyId":6689081}}},"version":"v1"}