{"_sessions":{"BTugYyKl8MPG+8kUDkkTNAmOln8s9nGyUr9V6TRTOM9E":{"registrationId":2053964917,"currentRatchet":{"ephemeralKeyPair":{"pubKey":"BcY03oDDuSvIHL04+GjO7qBd/8uf5Z0pYbljF33DoldE","privKey":"qFGDK/qa6uHyKqCKC8KX/ODGgGJkfE7bv5vU/pVainI="},"lastRemoteEphemeralKey":"BUhLPrdV2b9g/+3xss7LZpaLLL4CFirpMjKuMH5KMIhb","previousCounter":0,"rootKey":"DtGKoCd3m7e5nzVhcdX29nwryKf9dZPg7JUYxq0af9M="},"indexInfo":{"baseKey":"BTugYyKl8MPG+8kUDkkTNAmOln8s9nGyUr9V6TRTOM9E","baseKeyType":1,"closed":-1,"used":1734398775545,"created":1734398775545,"remoteIdentityKey":"BdD/td1gqjOvD0fID+ajMa76K/wTtUsvpDxmZFv93EZT"},"_chains":{"BcY03oDDuSvIHL04+GjO7qBd/8uf5Z0pYbljF33DoldE":{"chainKey":{"counter":0,"key":"zxLgYwmOPHT5f5h9mcojBOJeZQYeeP52dllyFbDURBI="},"chainType":1,"messageKeys":{}}},"pendingPreKey":{"signedKeyId":0,"baseKey":"BTugYyKl8MPG+8kUDkkTNAmOln8s9nGyUr9V6TRTOM9E"}}},"version":"v1"}