{"_sessions":{"BaVRAa4n8vvBA8mY/R2XKy74mQxb6/6XxGG66lsSEjMg":{"registrationId":1766606941,"currentRatchet":{"ephemeralKeyPair":{"pubKey":"BWEcb9e5ndG3Rs1jQxQNrGunekW4rhndyuK2cslIFY4F","privKey":"QL84dcdOjkIOT/meQJclyNBAQ0ByoC4q/P9QXw117ng="},"lastRemoteEphemeralKey":"BZGTXb+sNp1AmBsD8AnWkCeIyG4bY63P2fjx+xUPzFou","previousCounter":0,"rootKey":"l97nxooXJ1QWC0YPq4xAC0HE9l3omSK85yW70gFxCZA="},"indexInfo":{"baseKey":"BaVRAa4n8vvBA8mY/R2XKy74mQxb6/6XxGG66lsSEjMg","baseKeyType":1,"closed":-1,"used":1734398773039,"created":1734398773039,"remoteIdentityKey":"BZiAAILIRNJAmElb+J/KMrTDDnVhmZmta8mRL9RCALts"},"_chains":{"BWEcb9e5ndG3Rs1jQxQNrGunekW4rhndyuK2cslIFY4F":{"chainKey":{"counter":0,"key":"3qsC7ZzitlNBTtLECKJvgUOLnFGATMDQNPz70FXhay0="},"chainType":1,"messageKeys":{}}},"pendingPreKey":{"signedKeyId":2,"baseKey":"BaVRAa4n8vvBA8mY/R2XKy74mQxb6/6XxGG66lsSEjMg"}}},"version":"v1"}