{"_sessions":{"BY06y0FYYB506YJL60esoHht0BkFJIAwnl0BzKsPDrkR":{"registrationId":1701877942,"currentRatchet":{"ephemeralKeyPair":{"pubKey":"BVl5+Wdh83OJfmZjM+8Ryv8lImV+NznJYsnqVwPG4hEc","privKey":"uHhyRVNw2PTYBxacylVsiXeKzdm/I746nC4er5o2Q2s="},"lastRemoteEphemeralKey":"BQdxn96djnT+iZGd/ccgQngyiYPUXNhjsiEThjgeS+YN","previousCounter":0,"rootKey":"gm30NLUGOglZo0qu8kUI25dVnsBqOaesc6zBR7f0lsA="},"indexInfo":{"baseKey":"BY06y0FYYB506YJL60esoHht0BkFJIAwnl0BzKsPDrkR","baseKeyType":1,"closed":-1,"used":1734398773219,"created":1734398773219,"remoteIdentityKey":"BeiH42Ut0nuy2aiwIFka9HkwLP2O/Uw8sUypmYeC1OtN"},"_chains":{"BVl5+Wdh83OJfmZjM+8Ryv8lImV+NznJYsnqVwPG4hEc":{"chainKey":{"counter":0,"key":"XWuFmfNKCtFgN2VEx8GnX7sJiYrkUbeIZPueIy+X9oA="},"chainType":1,"messageKeys":{}}},"pendingPreKey":{"signedKeyId":4,"baseKey":"BY06y0FYYB506YJL60esoHht0BkFJIAwnl0BzKsPDrkR","preKeyId":12666574}}},"version":"v1"}