{"_sessions":{"BXtbRdENmaDQEkCVG2h5njMFLAEnf/yoDxbkP7GjfzEj":{"registrationId":222684094,"currentRatchet":{"ephemeralKeyPair":{"pubKey":"Baw4MfLeJuNjeASMf5p1+UMQxEXgxQrwzOCRgILcvtgT","privKey":"wDFOyKYL4j32cwB8oro8VtOKq8Zfe9LKZkDLpazLGGA="},"lastRemoteEphemeralKey":"BRYrmrr/0tqUkHhHfMv3roBusVydp8iMl2iR2FZ8esFM","previousCounter":0,"rootKey":"gJKMy8p3OhGicNnTLkjaqSUkRhxbi6iY/9ez0hL3e4o="},"indexInfo":{"baseKey":"BXtbRdENmaDQEkCVG2h5njMFLAEnf/yoDxbkP7GjfzEj","baseKeyType":1,"closed":-1,"used":1734398773216,"created":1734398773216,"remoteIdentityKey":"BXCFxPVRJj/sc9hDS0GvlfcWIgziRXQkeHALYxijt1gR"},"_chains":{"Baw4MfLeJuNjeASMf5p1+UMQxEXgxQrwzOCRgILcvtgT":{"chainKey":{"counter":0,"key":"i27BfQZRGALOI2CYZh+ai1QF/pWP6CMMpIZW4E5oWwU="},"chainType":1,"messageKeys":{}}},"pendingPreKey":{"signedKeyId":14,"baseKey":"BXtbRdENmaDQEkCVG2h5njMFLAEnf/yoDxbkP7GjfzEj","preKeyId":8112505}}},"version":"v1"}