{"_sessions":{"BdmsNHdRDNpl6pxLOb7xliSBWOQJqWaYv0iU8UmFMlcM":{"registrationId":91775736,"currentRatchet":{"ephemeralKeyPair":{"pubKey":"BceJqlUhKker8+HZSshGkB8kXVU0EhHTVXtMPIwwZRku","privKey":"iJKQXyMOZgELrRIlld/4Bxvr2n5rCv9avdO4wS49kGA="},"lastRemoteEphemeralKey":"BYVTAe4fDaK1KmpZTw7mMuKThTQpdYr8EAi48qTo11tF","previousCounter":0,"rootKey":"c9u0IjZlTZufqFZdXVi03hpnYCs0go7RT7q6aDLjlQ4="},"indexInfo":{"baseKey":"BdmsNHdRDNpl6pxLOb7xliSBWOQJqWaYv0iU8UmFMlcM","baseKeyType":1,"closed":-1,"used":1734398780318,"created":1734398780318,"remoteIdentityKey":"BaoQ5upFmcG5gis895GsX8ooxEdpcC7uuoXpM8wtAYhV"},"_chains":{"BceJqlUhKker8+HZSshGkB8kXVU0EhHTVXtMPIwwZRku":{"chainKey":{"counter":0,"key":"CWkkzo9qpPnzXZ/vBuvn/I+54Vxf1mzOFW2tNZOjJRg="},"chainType":1,"messageKeys":{}}},"pendingPreKey":{"signedKeyId":0,"baseKey":"BdmsNHdRDNpl6pxLOb7xliSBWOQJqWaYv0iU8UmFMlcM"}}},"version":"v1"}