{"_sessions":{"BcMWsblLXFkCNAgpYq+w6mvNR0RMOWLTAPJ8vfFrx5xn":{"registrationId":2048424882,"currentRatchet":{"ephemeralKeyPair":{"pubKey":"BUzXTQOxsHh9IipD/XmEF3v2BdUjR3pWjScF9cnhPAtv","privKey":"AFy0UnBifwXXxNI56rQWI/4dQPPShuWY0nBorR4neVM="},"lastRemoteEphemeralKey":"BedA2XhNYI0YD8f3KluPMkanalWlkCCiv8w7TFKMHNpF","previousCounter":0,"rootKey":"f/CIv8/uWoKhRbVdBQ3IKBiUvTsL0JolMXy1yjkYjYQ="},"indexInfo":{"baseKey":"BcMWsblLXFkCNAgpYq+w6mvNR0RMOWLTAPJ8vfFrx5xn","baseKeyType":1,"closed":-1,"used":1734398778355,"created":1734398778355,"remoteIdentityKey":"Bc7Fw1wfCtI+9S7HkpXZWrerLDAEGoAg7MHT/LUNaDdR"},"_chains":{"BUzXTQOxsHh9IipD/XmEF3v2BdUjR3pWjScF9cnhPAtv":{"chainKey":{"counter":0,"key":"b4p3BsOdrNAuIzQafDpoN08fXk21kwAz6XQ6dzRx70U="},"chainType":1,"messageKeys":{}}},"pendingPreKey":{"signedKeyId":8,"baseKey":"BcMWsblLXFkCNAgpYq+w6mvNR0RMOWLTAPJ8vfFrx5xn","preKeyId":13931684}}},"version":"v1"}