{"_sessions":{"BbexMF/nj70jzBu8kIdaCtxXBjvwE8PQd4PvU9TNSxRO":{"registrationId":1473284013,"currentRatchet":{"ephemeralKeyPair":{"pubKey":"BZjOsPZI+AOBUtFiAOHuA+1JXyOZWqJLntJFY41mZoM5","privKey":"kIwJ8rd3hZsteok0KRITVPSSD3H/t+WNw8xQ2ipbb3s="},"lastRemoteEphemeralKey":"BQY+Qn3NbEmVxLYsz6IbFPDDLskr+Wn9Us1V/v7CRXci","previousCounter":0,"rootKey":"BynysHwEJH3/9eLTRlhaTtBJR4E9KnAWg3CaK/Eoq2E="},"indexInfo":{"baseKey":"BbexMF/nj70jzBu8kIdaCtxXBjvwE8PQd4PvU9TNSxRO","baseKeyType":1,"closed":-1,"used":1734398778281,"created":1734398778281,"remoteIdentityKey":"BaoBruSZ5HTFfwiiw9NehSFZGrkcEF4chEf0QBNQ0P10"},"_chains":{"BZjOsPZI+AOBUtFiAOHuA+1JXyOZWqJLntJFY41mZoM5":{"chainKey":{"counter":0,"key":"jqNlpXo0CzyUtkxrKOC+KVG3keVmhugGRZyjzq6YJ8I="},"chainType":1,"messageKeys":{}}},"pendingPreKey":{"signedKeyId":0,"baseKey":"BbexMF/nj70jzBu8kIdaCtxXBjvwE8PQd4PvU9TNSxRO"}}},"version":"v1"}