{"_sessions":{"BZn8oqXHO+cS5ViM+fi0q426b/nCQm9Zb39j8quH9zwU":{"registrationId":2111195441,"currentRatchet":{"ephemeralKeyPair":{"pubKey":"BQMWXzNKE8E0/5knLLc1m2Sxxwyxt5P5oQVZm0jnE7Av","privKey":"8D//tL0Be7fjl/H3r4Wfg5yOkd8hruM0He7/UpQcm2c="},"lastRemoteEphemeralKey":"BRDTsRsoPTPgMUA94LCABraDqTvGJ3YUhwu31RFf6Ton","previousCounter":0,"rootKey":"y/gOQ7nmWqzci1b9XUUbQfvaWLYNKJSH/H8btV/1jJo="},"indexInfo":{"baseKey":"BZn8oqXHO+cS5ViM+fi0q426b/nCQm9Zb39j8quH9zwU","baseKeyType":1,"closed":-1,"used":1734398773317,"created":1734398773317,"remoteIdentityKey":"BYpA84hRQf0baVFjPS3/577zqk1J+UxWSE851HYIU/k3"},"_chains":{"BQMWXzNKE8E0/5knLLc1m2Sxxwyxt5P5oQVZm0jnE7Av":{"chainKey":{"counter":0,"key":"2Jm0WVPd34u38aQIx6DnHmp6SaTuXgsVS3tNboWvzcw="},"chainType":1,"messageKeys":{}}},"pendingPreKey":{"signedKeyId":4,"baseKey":"BZn8oqXHO+cS5ViM+fi0q426b/nCQm9Zb39j8quH9zwU","preKeyId":1156654}}},"version":"v1"}