{"_sessions":{"BTQb39ewy4MGlGExuOfvMPFOQ0p0JxevlrtmMWRUXI8K":{"registrationId":745348441,"currentRatchet":{"ephemeralKeyPair":{"pubKey":"BdO3gg1zu3LAhFGUgfJ6/hOKqZlnVRSc8p8UzpqQDRpP","privKey":"4KwlE3EvW3fPMsiYTF5RDf4evXxHL9VqFqMBWIwYfnk="},"lastRemoteEphemeralKey":"BVsDMMrRZ+MQPH0+hyZsAQtmkz02lDeOh0Wm+Fcl1y0A","previousCounter":0,"rootKey":"YtCZK/A2OymvgTQX1d+XbQ8lAfAhPRsuOJAQkw35WBw="},"indexInfo":{"baseKey":"BTQb39ewy4MGlGExuOfvMPFOQ0p0JxevlrtmMWRUXI8K","baseKeyType":1,"closed":-1,"used":1734398775568,"created":1734398775568,"remoteIdentityKey":"BQPi8cJgfea9sOGRLRFFrkqbUhSdk2oFHxgLFnGoIcY1"},"_chains":{"BdO3gg1zu3LAhFGUgfJ6/hOKqZlnVRSc8p8UzpqQDRpP":{"chainKey":{"counter":0,"key":"WyvH7EE2pA7BSYW55D4hUflIfV2Me2+Vd7FyEZlrdhA="},"chainType":1,"messageKeys":{}}},"pendingPreKey":{"signedKeyId":18,"baseKey":"BTQb39ewy4MGlGExuOfvMPFOQ0p0JxevlrtmMWRUXI8K","preKeyId":450701}}},"version":"v1"}