{"_sessions":{"BTKcjdIprSBxXyUPOtjzmdYLYB7wYjg06Djrm0FvKLUk":{"registrationId":534413493,"currentRatchet":{"ephemeralKeyPair":{"pubKey":"Bf1D/jVpjtZuPOgJ57aOIaygF3/buSwAFyn7xbn/1ZJP","privKey":"CDd5RFMcfQ02vjvNcqmsub5ylKSaIKfoTiBb90ZSonc="},"lastRemoteEphemeralKey":"BeOQliQxX9W02nVrNgVzYCjwzCqqKIor1Zr7ew4oJmM0","previousCounter":0,"rootKey":"NGT6xiF+sDdLtgL6ZfhV2HEMhg/3oXoidaG0H7ipUR8="},"indexInfo":{"baseKey":"BTKcjdIprSBxXyUPOtjzmdYLYB7wYjg06Djrm0FvKLUk","baseKeyType":1,"closed":-1,"used":1734398778327,"created":1734398778327,"remoteIdentityKey":"Be5buayiuiWg/1Oa9ofkHbfqqsmaRyFmDX7sMG/RNOpy"},"_chains":{"Bf1D/jVpjtZuPOgJ57aOIaygF3/buSwAFyn7xbn/1ZJP":{"chainKey":{"counter":0,"key":"pbdieodIgqp8uKkAtQjzEHdRVbwaX5bP3JYb704IT+E="},"chainType":1,"messageKeys":{}}},"pendingPreKey":{"signedKeyId":4,"baseKey":"BTKcjdIprSBxXyUPOtjzmdYLYB7wYjg06Djrm0FvKLUk","preKeyId":14361984}}},"version":"v1"}