{"_sessions":{"BTwAqDC3WpU9HF82guiMhafdBrFAhnQIWVd/pamTU0Mw":{"registrationId":839847355,"currentRatchet":{"ephemeralKeyPair":{"pubKey":"BcZaiNdfpGROHIogkimGbJz6TUel7Gbf3kiqzEV6Ovke","privKey":"GFP2/36meogjolimU2BD9DK04Kjva3x6QGL+ivPwIWI="},"lastRemoteEphemeralKey":"BctP2BLVlnDmhwLV30Ea2pgv9IcfrFydGWXiiUeecSkY","previousCounter":0,"rootKey":"bHMsPn8/IDM9ESqWi/42pwxkgMHIX+PIGax0YJgA14I="},"indexInfo":{"baseKey":"BTwAqDC3WpU9HF82guiMhafdBrFAhnQIWVd/pamTU0Mw","baseKeyType":1,"closed":-1,"used":1734398778213,"created":1734398778213,"remoteIdentityKey":"BTB5TJt7VsHwxHii5TVR0wtFLnC7E11gfO0zsIcejF9A"},"_chains":{"BcZaiNdfpGROHIogkimGbJz6TUel7Gbf3kiqzEV6Ovke":{"chainKey":{"counter":0,"key":"C8KUv3De0KUA2c8incu5IMFH3jNEHAQ/O2ij1cqREw0="},"chainType":1,"messageKeys":{}}},"pendingPreKey":{"signedKeyId":1,"baseKey":"BTwAqDC3WpU9HF82guiMhafdBrFAhnQIWVd/pamTU0Mw","preKeyId":7271076}}},"version":"v1"}