{"_sessions":{"BQ3oJ9tfQ/P0qfvkLIZ9wEKZTZKKsoaKHl0Rs2XyUe0e":{"registrationId":487717403,"currentRatchet":{"ephemeralKeyPair":{"pubKey":"BX5pEd5dKHNQ60BDYrnxs6hgPw813KxqA4mzq2WA2qAr","privKey":"mNmlewvDhfWAGSpmm1KIjxMjNgyufiZJCyVx7/VlFUs="},"lastRemoteEphemeralKey":"BQnVEzkRPl6d5qAVI/TawekTITnFPNU7jPRYpgzvRYgj","previousCounter":0,"rootKey":"EpoWMxXRQz0+KpWWv/xrtFslYeCyIPuMZBSeBRDMyHI="},"indexInfo":{"baseKey":"BQ3oJ9tfQ/P0qfvkLIZ9wEKZTZKKsoaKHl0Rs2XyUe0e","baseKeyType":1,"closed":-1,"used":1734398778316,"created":1734398778316,"remoteIdentityKey":"Bf3umdDS2IOVGT9scRjYdW2+gxT2lbV8RsYzqbS33bpg"},"_chains":{"BX5pEd5dKHNQ60BDYrnxs6hgPw813KxqA4mzq2WA2qAr":{"chainKey":{"counter":0,"key":"dAp4dCxLs65i6sGwOvisM6oTdas+Jf7fDMFLtWcGjMQ="},"chainType":1,"messageKeys":{}}},"pendingPreKey":{"signedKeyId":1,"baseKey":"BQ3oJ9tfQ/P0qfvkLIZ9wEKZTZKKsoaKHl0Rs2XyUe0e"}}},"version":"v1"}