{"_sessions":{"BcLg8FHHZvF6QaGu2VTL4DJagYPrBpt1vh7dCLKeRaEn":{"registrationId":155073486,"currentRatchet":{"ephemeralKeyPair":{"pubKey":"BRfUohUaqFrbbEceMweALRrWIhutcHqyGzLUA8WRElZo","privKey":"gLnzhDlg6N7e/sc/miiVECIKeAUF5ycQcPUQsMYak0o="},"lastRemoteEphemeralKey":"Bd1WLNOMLqpHA7BJOuUEw7hLrCDiCtZ8ISnlso+/GdFr","previousCounter":0,"rootKey":"+/qtlTvec+qaGx1HLEbJ5SqM/u4lssIV8P0A/1ICuFs="},"indexInfo":{"baseKey":"BcLg8FHHZvF6QaGu2VTL4DJagYPrBpt1vh7dCLKeRaEn","baseKeyType":1,"closed":-1,"used":1734398771351,"created":1734398771351,"remoteIdentityKey":"Behf0/J4IH01wBFKK0t3IlVQXCTkVSNE2BSvWxIXa65L"},"_chains":{"BRfUohUaqFrbbEceMweALRrWIhutcHqyGzLUA8WRElZo":{"chainKey":{"counter":0,"key":"viIjRd2m+x7Cm2v9sie4quQ2AeLd3NSv1+QH923qzLY="},"chainType":1,"messageKeys":{}}},"pendingPreKey":{"signedKeyId":1,"baseKey":"BcLg8FHHZvF6QaGu2VTL4DJagYPrBpt1vh7dCLKeRaEn"}}},"version":"v1"}