{"_sessions":{"BWuo4/4pO/2OOhYWckhkGs8cquRXSO9v/LFrZDprkqh4":{"registrationId":335206144,"currentRatchet":{"ephemeralKeyPair":{"pubKey":"BR0Rzsn9zw2dzQH9p6vSiXBFF5fMmmb7aAGEiTdHFpxo","privKey":"YKe4kzXYo0Cm45ECE/d+aS2fngpYSu8Fs1I7jiMQgW8="},"lastRemoteEphemeralKey":"BeJFZB/TpfxZJaTgKSkv0IMmqE/1fwMrPj/jSClUMbMA","previousCounter":0,"rootKey":"tabQB99y5yntgVAqLoPdCNXTdQtpHlcSRd7L2pXxhoA="},"indexInfo":{"baseKey":"BWuo4/4pO/2OOhYWckhkGs8cquRXSO9v/LFrZDprkqh4","baseKeyType":1,"closed":-1,"used":1734398773167,"created":1734398773167,"remoteIdentityKey":"BSKJ2ixePAaljbWG7dnzLzcPYLvWH+CYGSyrxRcBtIop"},"_chains":{"BR0Rzsn9zw2dzQH9p6vSiXBFF5fMmmb7aAGEiTdHFpxo":{"chainKey":{"counter":0,"key":"tMu/pKcFwDgXLCFo3H5u8ivp2dMIIexWoOk26DyJLpY="},"chainType":1,"messageKeys":{}}},"pendingPreKey":{"signedKeyId":0,"baseKey":"BWuo4/4pO/2OOhYWckhkGs8cquRXSO9v/LFrZDprkqh4"}}},"version":"v1"}