{"_sessions":{"BWFIMyi2mXQ9iBPv4P5IUbLUB1v98Z29W5TJ2bUNOQIE":{"registrationId":999624968,"currentRatchet":{"ephemeralKeyPair":{"pubKey":"BUzXlY0Lh73q2qfUZ4UJUeqa3519YUepkxdRl2u7Ctlp","privKey":"qG/fe9Jb7LTrsjiFb5RceVaRH6Kpe6UbYS7wz196WEc="},"lastRemoteEphemeralKey":"BaxQgPl3zXvwb7y8EwdNLg1bkJ6TUmUCAA3TTMjuWZV2","previousCounter":0,"rootKey":"HjZopdxQ8CFqjiU/aFCHL/oIIhiOWfPdCL7QPKu9KPw="},"indexInfo":{"baseKey":"BWFIMyi2mXQ9iBPv4P5IUbLUB1v98Z29W5TJ2bUNOQIE","baseKeyType":1,"closed":-1,"used":1734398778369,"created":1734398778369,"remoteIdentityKey":"BddTG2oH2auIrIbnA61u29tKojV17fntS6xaMkFS6Fo7"},"_chains":{"BUzXlY0Lh73q2qfUZ4UJUeqa3519YUepkxdRl2u7Ctlp":{"chainKey":{"counter":0,"key":"7+Tqy4UjHWnukHsxLHOPlyHp9EnWy6OR0m465k9PUO8="},"chainType":1,"messageKeys":{}}},"pendingPreKey":{"signedKeyId":1,"baseKey":"BWFIMyi2mXQ9iBPv4P5IUbLUB1v98Z29W5TJ2bUNOQIE","preKeyId":10941236}}},"version":"v1"}