{"_sessions":{"Bf601eptLQLozB0odAw2nG+PJsFXY23m3QozaNglPyIt":{"registrationId":1568416444,"currentRatchet":{"ephemeralKeyPair":{"pubKey":"Bcxm5vNc03vdvu7NAlQS9J57j14gKbWtcvv4gmIFqm8j","privKey":"GEOehI05yzYWB6BXLQ5Z60XevXBpAl3FFGYUSth6fUA="},"lastRemoteEphemeralKey":"BQiEn5EPEColwgMixWrjTBRX3Z0mnGk6rnTSltgDKEQk","previousCounter":0,"rootKey":"/yEtCn7swCi1iaTGptrM7KzVgJkMzoC6CV7t6gUvmKU="},"indexInfo":{"baseKey":"Bf601eptLQLozB0odAw2nG+PJsFXY23m3QozaNglPyIt","baseKeyType":1,"closed":-1,"used":1734398778262,"created":1734398778262,"remoteIdentityKey":"Be7XDU8BihfdDB7LDzAPPBEeGUu0hNigDjl8lvLT7B5J"},"_chains":{"Bcxm5vNc03vdvu7NAlQS9J57j14gKbWtcvv4gmIFqm8j":{"chainKey":{"counter":0,"key":"BtsrBex2cd/ciF6Y1OEFggq67zM0uiZOntTURE4wOpc="},"chainType":1,"messageKeys":{}}},"pendingPreKey":{"signedKeyId":7,"baseKey":"Bf601eptLQLozB0odAw2nG+PJsFXY23m3QozaNglPyIt","preKeyId":13279577}}},"version":"v1"}