{"_sessions":{"BbmYX+CTh9lcs6nelMAmHa2LnJW4SesY1HkiBeuBKtAF":{"registrationId":357889947,"currentRatchet":{"ephemeralKeyPair":{"pubKey":"Bc/QGmGEbBm8INLbyLgKD5CqNQMOMownDQjHF3QSIIMM","privKey":"CFiWB2D2nQyyzrASWBCihdlJQkrzpkuBxeKCXL5CpUs="},"lastRemoteEphemeralKey":"BdVPl/YLINuOfHakua989qBXcs5ri2eqaQJpY6zxRGwQ","previousCounter":0,"rootKey":"jpg8SvXwUskHT1zr3aiVnPaNXEB7NaatUUW6GEAtBw8="},"indexInfo":{"baseKey":"BbmYX+CTh9lcs6nelMAmHa2LnJW4SesY1HkiBeuBKtAF","baseKeyType":1,"closed":-1,"used":1734398780444,"created":1734398780444,"remoteIdentityKey":"BcMX345Oo4urumag6aR5RsQCOITi5rO5Pw6oL7785FQw"},"_chains":{"Bc/QGmGEbBm8INLbyLgKD5CqNQMOMownDQjHF3QSIIMM":{"chainKey":{"counter":0,"key":"Pf0ChEph+Hsz0Tm1TDHOKI2go12aEdN3g5k1N16bORY="},"chainType":1,"messageKeys":{}}},"pendingPreKey":{"signedKeyId":0,"baseKey":"BbmYX+CTh9lcs6nelMAmHa2LnJW4SesY1HkiBeuBKtAF"}}},"version":"v1"}