{"_sessions":{"BdBowDEnTOL+mwgWpDHUOrrnCXJxPnJxSDgFdOzo0w8s":{"registrationId":209319492,"currentRatchet":{"ephemeralKeyPair":{"pubKey":"BZXmRAuvfC1P5WSJ3aRVk7lxSRG3L7PGXStCGwVc9nEN","privKey":"MHp2MNsdBmFLtYggW1tq9m1Ime0VnrVIqtoGGs77Vk4="},"lastRemoteEphemeralKey":"BW9c13QUeb1eWwAXu8IbhizMx/frWsu8kGN9PvsB2/9F","previousCounter":0,"rootKey":"CD+TluqWtmtqVaaj5prKsY5a+1gqnwtNUIaiUsUK8xU="},"indexInfo":{"baseKey":"BdBowDEnTOL+mwgWpDHUOrrnCXJxPnJxSDgFdOzo0w8s","baseKeyType":1,"closed":-1,"used":1734398775512,"created":1734398775512,"remoteIdentityKey":"BW7qW08syY4q2/JRofwEKVQWwlXvU8CtESOmIXMsdjoa"},"_chains":{"BZXmRAuvfC1P5WSJ3aRVk7lxSRG3L7PGXStCGwVc9nEN":{"chainKey":{"counter":0,"key":"3oDV/0z0KFiCWOKEL/54yWdt/vRnCwO/9JKRXGY0L1E="},"chainType":1,"messageKeys":{}}},"pendingPreKey":{"signedKeyId":4,"baseKey":"BdBowDEnTOL+mwgWpDHUOrrnCXJxPnJxSDgFdOzo0w8s","preKeyId":1525193}}},"version":"v1"}