{"_sessions":{"Bfi1zn6mU9PjEP7xmzVSrJIm8+L+CxMIWGEI34rkzHYe":{"registrationId":868579921,"currentRatchet":{"ephemeralKeyPair":{"pubKey":"Bf7Yw/ks0QNISgWSmqd/av+MVVAZ1nC8HreRaRvKp6tu","privKey":"uH3wI3KekunyRafFDFRCY4MErgItVeun4Hjjf9VI8kg="},"lastRemoteEphemeralKey":"BYWE+rtiwAUGlHgxu6OCmljbEN916voY3FFIkV5NuisI","previousCounter":0,"rootKey":"VsuK15kUATVgq6KJMu0WYoZdtTNTr5DdX7lVr09gxoE="},"indexInfo":{"baseKey":"Bfi1zn6mU9PjEP7xmzVSrJIm8+L+CxMIWGEI34rkzHYe","baseKeyType":1,"closed":-1,"used":1734398775730,"created":1734398775730,"remoteIdentityKey":"BR//QZRdztK5Kz3mf3GAw8L9uuEQCcd0O1p/3paMojoO"},"_chains":{"Bf7Yw/ks0QNISgWSmqd/av+MVVAZ1nC8HreRaRvKp6tu":{"chainKey":{"counter":0,"key":"G+BSUIuZzrbojI3ZgI5n3ee3y6cYxgLizLclP9VnkSA="},"chainType":1,"messageKeys":{}}},"pendingPreKey":{"signedKeyId":2,"baseKey":"Bfi1zn6mU9PjEP7xmzVSrJIm8+L+CxMIWGEI34rkzHYe","preKeyId":11427770}}},"version":"v1"}