{"_sessions":{"BUEdyv+FDufq9loDJNle4h5juE0YCjpgbMuEB0zLE8Up":{"registrationId":901867192,"currentRatchet":{"ephemeralKeyPair":{"pubKey":"BdTN5Udq0y6SjQtz8HEGwGjJKrrSvXJRiSFwlr1CVA1T","privKey":"wM57g5uFbPPDADk8rrwXfTDeRXS49HcqvC/NfxPvXH4="},"lastRemoteEphemeralKey":"BSQQRjj9iS4TJbSYBeiielGxLQkUKjLTlwTgnz/A7t9u","previousCounter":0,"rootKey":"pduaMnx36rBy9bYttqYzP5mcOArWBf7H9Bc4omiVrbw="},"indexInfo":{"baseKey":"BUEdyv+FDufq9loDJNle4h5juE0YCjpgbMuEB0zLE8Up","baseKeyType":1,"closed":-1,"used":1734398778248,"created":1734398778248,"remoteIdentityKey":"BUcZhxIDmbwSpXr1I+iiPq5lhTU5IBnxxb9rnSKoK3Rm"},"_chains":{"BdTN5Udq0y6SjQtz8HEGwGjJKrrSvXJRiSFwlr1CVA1T":{"chainKey":{"counter":0,"key":"RAifoPO+N3ChCYAgS+IbU4Hplmig2ZfV9YTCO7HzGZQ="},"chainType":1,"messageKeys":{}}},"pendingPreKey":{"signedKeyId":17,"baseKey":"BUEdyv+FDufq9loDJNle4h5juE0YCjpgbMuEB0zLE8Up"}}},"version":"v1"}