{"_sessions":{"BaODWZqHiqqU2VWApxHhX9W4urK+8Dv3d4ALJQAm7iIf":{"registrationId":2069516898,"currentRatchet":{"ephemeralKeyPair":{"pubKey":"BeFrh43ul38/RRoBOA8eer+K4hkF0v6LAiLHqApo46UE","privKey":"KPXVY+mQotszcEwy4REjTvoiLBJW76+vUYPo5DCELXw="},"lastRemoteEphemeralKey":"Bb9QmI6y8Vk1+asRMqbDQk+ec80ghxGEXbSW7Rr9yY5L","previousCounter":0,"rootKey":"L2+u68wN2hTQFypEUnvntaoy6ACtekThJ1kl3/poN5o="},"indexInfo":{"baseKey":"BaODWZqHiqqU2VWApxHhX9W4urK+8Dv3d4ALJQAm7iIf","baseKeyType":1,"closed":-1,"used":1734398773213,"created":1734398773213,"remoteIdentityKey":"BcHtRanjSm2URE29GeCx8YO8YgmWNGh9aVT9cvmjQBch"},"_chains":{"BeFrh43ul38/RRoBOA8eer+K4hkF0v6LAiLHqApo46UE":{"chainKey":{"counter":0,"key":"F4EM9sdMODnwEKVvuTGnjJa7v6sVkkoZ7gGgrUCrg6Y="},"chainType":1,"messageKeys":{}}},"pendingPreKey":{"signedKeyId":1,"baseKey":"BaODWZqHiqqU2VWApxHhX9W4urK+8Dv3d4ALJQAm7iIf","preKeyId":716103}}},"version":"v1"}