{"_sessions":{"BSRIpNYRx5lh310Pvc34c96xN7ZPWOr4r+Lv0O4vV0s5":{"registrationId":75983591,"currentRatchet":{"ephemeralKeyPair":{"pubKey":"BfPZvrhgHgk/QR4Ue3FxTh/xQM9tR69USBVcO2/LSrBK","privKey":"UBUHQrR7Z2bMa1R4qKOsc09QCBWdzszMAXJBgoPGWmI="},"lastRemoteEphemeralKey":"Be0Rrwj4kKQwP7Qv8wqklss7MQfhfojtIsWsI5kWmTdU","previousCounter":0,"rootKey":"7sn6QSEKiJ3tX7yjrQWTQF5PU2fesB9RjCNKBzCu/MI="},"indexInfo":{"baseKey":"BSRIpNYRx5lh310Pvc34c96xN7ZPWOr4r+Lv0O4vV0s5","baseKeyType":1,"closed":-1,"used":1734398778279,"created":1734398778279,"remoteIdentityKey":"BYH1SJzHXkGqEwaIbQbw2cFyPA5wujnJ0sFQsuoYj0Y4"},"_chains":{"BfPZvrhgHgk/QR4Ue3FxTh/xQM9tR69USBVcO2/LSrBK":{"chainKey":{"counter":0,"key":"ZuiEVoBFlPXLa8y5ij+ADz6QRGUmt1PnXGYbKw4M480="},"chainType":1,"messageKeys":{}}},"pendingPreKey":{"signedKeyId":0,"baseKey":"BSRIpNYRx5lh310Pvc34c96xN7ZPWOr4r+Lv0O4vV0s5","preKeyId":7777036}}},"version":"v1"}