{"_sessions":{"BerpSKzZ/PSI6T4qFfq5iTswgWA4qncHjTs4W92g3EdF":{"registrationId":1689106819,"currentRatchet":{"ephemeralKeyPair":{"pubKey":"BWlCuAwSjJG03yyQUYLsdZ8AWYzFIJQ4p2eeDFfujSlM","privKey":"+GKOJD8lTfkKb9v+eI4syuMG0PayT7BjG7bn7Ea1Ak4="},"lastRemoteEphemeralKey":"BTtfaZTSZlZj8APIoc/SmDmvspuArv/DqMv68bcgRgs0","previousCounter":0,"rootKey":"QSSmHv6v1VBeiLDSWZlvFm0c5rQjzzlUagK1NUBQd50="},"indexInfo":{"baseKey":"BerpSKzZ/PSI6T4qFfq5iTswgWA4qncHjTs4W92g3EdF","baseKeyType":1,"closed":-1,"used":1734398775620,"created":1734398775620,"remoteIdentityKey":"BSz6ZLKP3iPHmgWYSa1B33SowCKYYaRS8xB3VMYJ/WMP"},"_chains":{"BWlCuAwSjJG03yyQUYLsdZ8AWYzFIJQ4p2eeDFfujSlM":{"chainKey":{"counter":0,"key":"3tawtBG/yPeAYuJ/VZFAh/mvBORKT4Bq+xojX6k2T1Y="},"chainType":1,"messageKeys":{}}},"pendingPreKey":{"signedKeyId":6,"baseKey":"BerpSKzZ/PSI6T4qFfq5iTswgWA4qncHjTs4W92g3EdF"}}},"version":"v1"}