{"_sessions":{"Be21R9YdqDleIZNBmUUkqAsMeNSq8k8bOI1bBzN5R38R":{"registrationId":11536,"currentRatchet":{"ephemeralKeyPair":{"pubKey":"Bf9iKVPmE95qLeYhNsbzzPVOKxyfwTZjDlLM3t46bP1S","privKey":"WKVl67NyfPY06osO08vS8t/z5ObnlIuxm1w01vB2gF0="},"lastRemoteEphemeralKey":"BXieVvspKhCNSMEpx8xfwec+s/MopxXAfY2zFRiF8H1a","previousCounter":0,"rootKey":"1cW5rGoZ9e1towq8Zork9DWWruTp5CJX0b0RYKEAjkM="},"indexInfo":{"baseKey":"Be21R9YdqDleIZNBmUUkqAsMeNSq8k8bOI1bBzN5R38R","baseKeyType":1,"closed":-1,"used":1734398771217,"created":1734398771217,"remoteIdentityKey":"BZrEtk+j2DZVKHdbcM3qVXGTmMzNkyomcXXlK7HaCedw"},"_chains":{"Bf9iKVPmE95qLeYhNsbzzPVOKxyfwTZjDlLM3t46bP1S":{"chainKey":{"counter":0,"key":"z4vFSLZSqUnc47EajnEyCQF5+GM2C//j5f2FgT8LVaM="},"chainType":1,"messageKeys":{}}},"pendingPreKey":{"signedKeyId":1,"baseKey":"Be21R9YdqDleIZNBmUUkqAsMeNSq8k8bOI1bBzN5R38R"}}},"version":"v1"}