{"_sessions":{"BUwCIbnkeUKb7uSiHjmSi6FoK0f+MP5UMhCnyIYwxVxW":{"registrationId":64816578,"currentRatchet":{"ephemeralKeyPair":{"pubKey":"BRRlullg7kD6krBiELqc3f3JiOTK9S5Z/Gg6l0KjpxoA","privKey":"MCq4024vjPN/rtthJPE33u2yPvZtuvbUCfdFHJZa+1g="},"lastRemoteEphemeralKey":"BacgXFI6LyoIXzXx+yV9whDkLsvkirYCBT7fFlX2+oxZ","previousCounter":0,"rootKey":"MLlqU62fSGhePa4xWSak5lPHDVqmojrASTpY2DqVLt0="},"indexInfo":{"baseKey":"BUwCIbnkeUKb7uSiHjmSi6FoK0f+MP5UMhCnyIYwxVxW","baseKeyType":1,"closed":-1,"used":1734398773282,"created":1734398773282,"remoteIdentityKey":"BcF1PUIZRlpzg0NMfCS3btcUk4tMIjCrl7yDt9EcffFu"},"_chains":{"BRRlullg7kD6krBiELqc3f3JiOTK9S5Z/Gg6l0KjpxoA":{"chainKey":{"counter":0,"key":"FfBT1NfnVWXGRUDMxMbYA/QGo6uMrTazA+eamnEHQdw="},"chainType":1,"messageKeys":{}}},"pendingPreKey":{"signedKeyId":3,"baseKey":"BUwCIbnkeUKb7uSiHjmSi6FoK0f+MP5UMhCnyIYwxVxW","preKeyId":861370}}},"version":"v1"}