{"_sessions":{"BauzyDHSUeeFjZRhTS9vO5MIr5a1043VwtiKE/DzVlx+":{"registrationId":1859689537,"currentRatchet":{"ephemeralKeyPair":{"pubKey":"BfsVhjYgtA2YjvwT/MqION5cLFaO+I+DEbhjFZmdaQEZ","privKey":"IM7J7d5GdYK3xTACy+W+dpTaZ47r6lFZOkcofWd3cnw="},"lastRemoteEphemeralKey":"BYy/QeG3O3w5eHbRFUU4lBkb07tqywYV5kxEBPVGdbsh","previousCounter":0,"rootKey":"x1bA0YEsS+CMmwjvIorl6I0VfDAxZUnIFeRNBDoI5Nc="},"indexInfo":{"baseKey":"BauzyDHSUeeFjZRhTS9vO5MIr5a1043VwtiKE/DzVlx+","baseKeyType":1,"closed":-1,"used":1734398773273,"created":1734398773273,"remoteIdentityKey":"BUnaMT5qx/tRsLUCMaP39L45EAPQgSjdaZnF5hAj21pl"},"_chains":{"BfsVhjYgtA2YjvwT/MqION5cLFaO+I+DEbhjFZmdaQEZ":{"chainKey":{"counter":0,"key":"6ZidC8CffO300Ie4OmIY2kL3nuEA/ExLnOv4SqNArGw="},"chainType":1,"messageKeys":{}}},"pendingPreKey":{"signedKeyId":6,"baseKey":"BauzyDHSUeeFjZRhTS9vO5MIr5a1043VwtiKE/DzVlx+","preKeyId":15681916}}},"version":"v1"}