{"_sessions":{"BUxcBEquzY0gUCa8bm5fFftd2kFmh+5GmW5eO9SfqmtG":{"registrationId":1919661961,"currentRatchet":{"ephemeralKeyPair":{"pubKey":"Bc+ejojBZaeVtMJNJSd5jXUlJmAIedT2DjKD1X15FSlm","privKey":"yJPdSnoVhZ/ibgy5HqmhXZHIy8FreT5IZr4xBShJUUE="},"lastRemoteEphemeralKey":"BeFNk1yO0tAKRltHNgjkPNelY9Zvr4ImPXBttlPze4BA","previousCounter":0,"rootKey":"Lg6PQv9f7UDO88N/g2VNah2+Gt3wU/9/QBEEU2rgGCg="},"indexInfo":{"baseKey":"BUxcBEquzY0gUCa8bm5fFftd2kFmh+5GmW5eO9SfqmtG","baseKeyType":1,"closed":-1,"used":1734398773062,"created":1734398773062,"remoteIdentityKey":"BeY18UAkz9/twWXfNEEVKjof8x/pLuwFojUQrbhRudQk"},"_chains":{"Bc+ejojBZaeVtMJNJSd5jXUlJmAIedT2DjKD1X15FSlm":{"chainKey":{"counter":0,"key":"pp9KkHhFCfm6z+ckI3GB/8un2AaV2SlHwD6X2bFo+r4="},"chainType":1,"messageKeys":{}}},"pendingPreKey":{"signedKeyId":15,"baseKey":"BUxcBEquzY0gUCa8bm5fFftd2kFmh+5GmW5eO9SfqmtG","preKeyId":1397460}}},"version":"v1"}