{"_sessions":{"BX9A/Huwvi+5+wMRSj2RSP4pEL3Qk38ARoWpkGOQ2pkT":{"registrationId":286633577,"currentRatchet":{"ephemeralKeyPair":{"pubKey":"BYeQ+tyhmv+Xd42d4D0hegpY0NT0FUFbaw/yUcUDU3tJ","privKey":"SHiWxbOzBjQCtgOlxAOyjwPSWFjt1MAk5uZo5ADz50Y="},"lastRemoteEphemeralKey":"BQTVk1EyrydUUcm2sLsMr2qBzJ8AuHM5nt11Ve16K2sl","previousCounter":0,"rootKey":"ahxeHf76yKLmE0SWfwo956qPjQ1fthjo/cbObT7GJ70="},"indexInfo":{"baseKey":"BX9A/Huwvi+5+wMRSj2RSP4pEL3Qk38ARoWpkGOQ2pkT","baseKeyType":1,"closed":-1,"used":1734398775749,"created":1734398775749,"remoteIdentityKey":"BViUYn61NefsT4k2VkHUL1cV3x4SqjXo+Kds5QFB8p84"},"_chains":{"BYeQ+tyhmv+Xd42d4D0hegpY0NT0FUFbaw/yUcUDU3tJ":{"chainKey":{"counter":0,"key":"AWIO+2zBAjco2lk2PpoScSSmjJuUt3B6wxfwGe8Yd8U="},"chainType":1,"messageKeys":{}}},"pendingPreKey":{"signedKeyId":3,"baseKey":"BX9A/Huwvi+5+wMRSj2RSP4pEL3Qk38ARoWpkGOQ2pkT"}}},"version":"v1"}