{"_sessions":{"BUdrkxqfbQ1UYF81cTDcWgkgOTPeyxNHszDzfzJDmJRy":{"registrationId":1026225985,"currentRatchet":{"ephemeralKeyPair":{"pubKey":"BYkqvWg5gbDqCerBOMYvWMYjoFM+AGho1E1n0mUH62oq","privKey":"MOD3b4bXclcBzpEJBOJuIR2R9L3XzyJO3oxEJ7C0+UM="},"lastRemoteEphemeralKey":"BSjGtPYE9ngoyoF4niN3Wdx93kcKZB9BaLqyG2kpmV4C","previousCounter":0,"rootKey":"EnWQwDoz+b4nlki59LG1kwFgux2fR6k+TFIIuoNLaLs="},"indexInfo":{"baseKey":"BUdrkxqfbQ1UYF81cTDcWgkgOTPeyxNHszDzfzJDmJRy","baseKeyType":1,"closed":-1,"used":1734398773225,"created":1734398773225,"remoteIdentityKey":"BYv6yhF324CvkOmbT3Wby0tTdmOtZaghiIlfeAE48sN2"},"_chains":{"BYkqvWg5gbDqCerBOMYvWMYjoFM+AGho1E1n0mUH62oq":{"chainKey":{"counter":0,"key":"w7Va0euaM6IOXoPxBLNijmZ66KB85BO59NaxbSoA6mk="},"chainType":1,"messageKeys":{}}},"pendingPreKey":{"signedKeyId":1,"baseKey":"BUdrkxqfbQ1UYF81cTDcWgkgOTPeyxNHszDzfzJDmJRy"}}},"version":"v1"}