{"_sessions":{"BW2x46CSb5/ptpSWb/MO+wqG4r+NaUqW5zWg0SVycrhj":{"registrationId":753558003,"currentRatchet":{"ephemeralKeyPair":{"pubKey":"BVeYrPH7rNbfWlFAGnFIgdYSmRyJhbes9uuk1bBNX5Z/","privKey":"MBlMuNm6508dgOquYhSgt536wY6En/tDa6T+QqCdPkE="},"lastRemoteEphemeralKey":"BW9ptmOiVHO4ICBHfYiahvwFLgGXjILmIjw4U8ag1Hkd","previousCounter":0,"rootKey":"NVMXQ/ViCT2OHwSTYqt1iHUIByXOYSRoKvUSAU1gL6E="},"indexInfo":{"baseKey":"BW2x46CSb5/ptpSWb/MO+wqG4r+NaUqW5zWg0SVycrhj","baseKeyType":1,"closed":-1,"used":1734398780488,"created":1734398780488,"remoteIdentityKey":"BePUnBock0bVqz1ycUpLefB6m8RVvTlhMVLLPb7rSCsr"},"_chains":{"BVeYrPH7rNbfWlFAGnFIgdYSmRyJhbes9uuk1bBNX5Z/":{"chainKey":{"counter":0,"key":"ir7QgpzPtimX8aaaY0M3vXOT8/sTg6Q01XHGdM+oX4c="},"chainType":1,"messageKeys":{}}},"pendingPreKey":{"signedKeyId":7,"baseKey":"BW2x46CSb5/ptpSWb/MO+wqG4r+NaUqW5zWg0SVycrhj"}}},"version":"v1"}