{"_sessions":{"BRUqAPK8h7+9zqTsFMz5IFv2gYe41BAyR0hGFTpwziIn":{"registrationId":691380409,"currentRatchet":{"ephemeralKeyPair":{"pubKey":"BRHNeaRM3YkDHt/VHNt7pG0y1QFO3G9Vccv+PKdCQ9hG","privKey":"cHkTduB+kvokDrb1lbO7FxQDykMYVLCxVlWslZVrRW8="},"lastRemoteEphemeralKey":"BXgZSEoe13oG4FIpfaIkAW+wXgq+KYb/Dmv/Al262qon","previousCounter":0,"rootKey":"H25WJOB8j/dx6IrSRLCPgqWW2tQUz9/aqPT4yilBhHY="},"indexInfo":{"baseKey":"BRUqAPK8h7+9zqTsFMz5IFv2gYe41BAyR0hGFTpwziIn","baseKeyType":1,"closed":-1,"used":1734398775807,"created":1734398775807,"remoteIdentityKey":"BQYJjziLOXcDeK2QncamEgZ1mQOP6Zi6QHpwxZ5JfGkz"},"_chains":{"BRHNeaRM3YkDHt/VHNt7pG0y1QFO3G9Vccv+PKdCQ9hG":{"chainKey":{"counter":0,"key":"aD1bJq0d7i6g6z6aywsjW8zDnoc+k1fDQvbQup4sdeY="},"chainType":1,"messageKeys":{}}},"pendingPreKey":{"signedKeyId":1,"baseKey":"BRUqAPK8h7+9zqTsFMz5IFv2gYe41BAyR0hGFTpwziIn","preKeyId":15416208}}},"version":"v1"}