{"_sessions":{"BZBSIOUhIsCmHxRdrmpM9BiMyt8VI14ZOf89X6gDMMAO":{"registrationId":747064259,"currentRatchet":{"ephemeralKeyPair":{"pubKey":"BQ7cx6K2e5lz4rDw+hQzajQPr/RgavyL7IoWvB2UQawb","privKey":"qNmWgGhX+6D2h5PDWrQfzi8eZBRzJR24lWkUfklaSVI="},"lastRemoteEphemeralKey":"Bf+2apIBoSKrYioAr03Q7BCAraRojREjAvEr4e1axDsT","previousCounter":0,"rootKey":"GnokCEqyGu7gN9oqwmgVHJKG5XpeE0bPYigoC4q393k="},"indexInfo":{"baseKey":"BZBSIOUhIsCmHxRdrmpM9BiMyt8VI14ZOf89X6gDMMAO","baseKeyType":1,"closed":-1,"used":1734398780455,"created":1734398780455,"remoteIdentityKey":"BbbK0kjU4Ls2PJTln73UjcGK9+wJoteKZsDkyKLhJsYw"},"_chains":{"BQ7cx6K2e5lz4rDw+hQzajQPr/RgavyL7IoWvB2UQawb":{"chainKey":{"counter":0,"key":"2yeQrhAbME8oPwUs0qFV0MyM5bG4iTbP2tzxBEPsRU4="},"chainType":1,"messageKeys":{}}},"pendingPreKey":{"signedKeyId":13,"baseKey":"BZBSIOUhIsCmHxRdrmpM9BiMyt8VI14ZOf89X6gDMMAO","preKeyId":11268060}}},"version":"v1"}