{"_sessions":{"BdLHpOCwoBbvE2Y/7H6BBZDsnTlIIijixjl2JIuaG2xs":{"registrationId":1051659981,"currentRatchet":{"ephemeralKeyPair":{"pubKey":"BdUY5rjorzQ5tpbrPxH88iqobBWE98kd3Oo3mAzP7HkR","privKey":"kJLNHzrc4GSmo8LDl9m/qZtc+ATJImJhwDhQmfj3P24="},"lastRemoteEphemeralKey":"BWmiqcD3MxgTjoQXQLoCodxahdDwp3JCytonEDXvgiQo","previousCounter":0,"rootKey":"VW6DC+w7egTADv8OfmZYTRzfufco5OTXjfA/M7t6+Vw="},"indexInfo":{"baseKey":"BdLHpOCwoBbvE2Y/7H6BBZDsnTlIIijixjl2JIuaG2xs","baseKeyType":1,"closed":-1,"used":1734398778141,"created":1734398778141,"remoteIdentityKey":"BcXn+QVSxPpJaCSmilKo/m+R7NT6FskXkmaZrq85y35Z"},"_chains":{"BdUY5rjorzQ5tpbrPxH88iqobBWE98kd3Oo3mAzP7HkR":{"chainKey":{"counter":0,"key":"vZhnU/+1OK8L9LJwENN0gDjitqW3UZE8z+t07z32d2c="},"chainType":1,"messageKeys":{}}},"pendingPreKey":{"signedKeyId":3,"baseKey":"BdLHpOCwoBbvE2Y/7H6BBZDsnTlIIijixjl2JIuaG2xs","preKeyId":10754656}}},"version":"v1"}