{"_sessions":{"BRydIXsBBC8YkjMjTA/Hzdz1kq66u/UTHSQmgr55rVE7":{"registrationId":1441490209,"currentRatchet":{"ephemeralKeyPair":{"pubKey":"BUWsoBhqNc1g8ksJg2t2NR3BZZcSdTQeiPZqDQZ23dwB","privKey":"MJIuEfv7haSqPu4SM95zOwyw7E33D5XyzUiUEbUNNEs="},"lastRemoteEphemeralKey":"BV9aztBPdOwN8BOEh2t7Y8zUu8/o53GQ6TJ3FWCoVyd0","previousCounter":0,"rootKey":"SIj9J1SjJXFmflrt+EqR6+S1CXOCCmPMMS7rh5v0FYw="},"indexInfo":{"baseKey":"BRydIXsBBC8YkjMjTA/Hzdz1kq66u/UTHSQmgr55rVE7","baseKeyType":1,"closed":-1,"used":1734398773131,"created":1734398773131,"remoteIdentityKey":"BSv7PjuGfsy+jBUWYO17CZy7F3QoeDZPXdJ34YKDxcN6"},"_chains":{"BUWsoBhqNc1g8ksJg2t2NR3BZZcSdTQeiPZqDQZ23dwB":{"chainKey":{"counter":0,"key":"sLYslmGZ1hWTaTcKN8dczWO/2tAYFc/ptUEu0Hvvg/Y="},"chainType":1,"messageKeys":{}}},"pendingPreKey":{"signedKeyId":0,"baseKey":"BRydIXsBBC8YkjMjTA/Hzdz1kq66u/UTHSQmgr55rVE7","preKeyId":7760827}}},"version":"v1"}