{"_sessions":{"BccbLOU9usJzszPuH5keJ4TuQYJjQz7xx/vzA0X7n48t":{"registrationId":1527803888,"currentRatchet":{"ephemeralKeyPair":{"pubKey":"BeaqxWa89wTIcxqTEkn84mNAVZamASN6/7ioWuHi9b9X","privKey":"qPw5Ku6NGPRCoDEbKuEMfKcJu/d21EN+kOAjJhi422g="},"lastRemoteEphemeralKey":"BSX8KSuLt4HC/W0DzH5BdrxfF/lBX3k4fE+yD1fsHX8R","previousCounter":0,"rootKey":"73YeOhh4OuD4gFHouqfs4r1ozrF7uZKNbWmj5h0fVgY="},"indexInfo":{"baseKey":"BccbLOU9usJzszPuH5keJ4TuQYJjQz7xx/vzA0X7n48t","baseKeyType":1,"closed":-1,"used":1734398775796,"created":1734398775796,"remoteIdentityKey":"Bc9d/780/jbU6i4KbBCgDpPR+o7PXR66uNPsOjUu5aot"},"_chains":{"BeaqxWa89wTIcxqTEkn84mNAVZamASN6/7ioWuHi9b9X":{"chainKey":{"counter":0,"key":"ZdknItV6kfu+Nptv3T/uebKVBzJW9+3y/RYoLlkfokU="},"chainType":1,"messageKeys":{}}},"pendingPreKey":{"signedKeyId":0,"baseKey":"BccbLOU9usJzszPuH5keJ4TuQYJjQz7xx/vzA0X7n48t"}}},"version":"v1"}