{"_sessions":{"BVnSPkXCO95k3iipMyPHMQH2QMYOlmDjJQoL/qQDahwa":{"registrationId":1593824421,"currentRatchet":{"ephemeralKeyPair":{"pubKey":"Bc/N2sOlVw0y/tA+/nWSNzVW4mh6s7zy4gGhZFSYI9lV","privKey":"ACBaRtlxUaNMdP3GUXUo3OHWTtwqaCtdocs2s7cnIEA="},"lastRemoteEphemeralKey":"BWM4c7Swi78De8cegcoXPT9R5W2BMoBWjEIaBsJGFcF/","previousCounter":0,"rootKey":"PbAJ5pGyY9A1G/DRHXz6C4pQelRlyKQj6XhiElcPS4g="},"indexInfo":{"baseKey":"BVnSPkXCO95k3iipMyPHMQH2QMYOlmDjJQoL/qQDahwa","baseKeyType":1,"closed":-1,"used":1734398778256,"created":1734398778256,"remoteIdentityKey":"BZ6r15XlZ5lL7i21PK1D0uZf6qeZvFeIGW5Xt/dQRng/"},"_chains":{"Bc/N2sOlVw0y/tA+/nWSNzVW4mh6s7zy4gGhZFSYI9lV":{"chainKey":{"counter":0,"key":"Pw89vN1ULzKh0L3avUWY9Fje91qdXk9pAiJf7tQJZWU="},"chainType":1,"messageKeys":{}}},"pendingPreKey":{"signedKeyId":3,"baseKey":"BVnSPkXCO95k3iipMyPHMQH2QMYOlmDjJQoL/qQDahwa"}}},"version":"v1"}