{"_sessions":{"BfuArsz61TzBcsAkTfKeX936a+8RAkSvgrJoPN0zOA9j":{"registrationId":1378278574,"currentRatchet":{"ephemeralKeyPair":{"pubKey":"BR5Wo9FVlsHEez7b7KBWBzl9GAox/cRyoSGo+w980akf","privKey":"KAHcBvKBOPEouck+IEoomHgyVArpLMRzxPVF1s7vl2s="},"lastRemoteEphemeralKey":"BfNUg2tuQo6KM7Am2a+IFB/FgVrJk0Vdl62h/adSBc4E","previousCounter":0,"rootKey":"9Dqdtfe733bGs+w6p3p7u9A+Hd68AS50Wsih3pzq3zg="},"indexInfo":{"baseKey":"BfuArsz61TzBcsAkTfKeX936a+8RAkSvgrJoPN0zOA9j","baseKeyType":1,"closed":-1,"used":1734398773128,"created":1734398773128,"remoteIdentityKey":"BeaDioYc8wtJ5eeH6bjzgPDEnavoN/+TpjAH1m6WQNEO"},"_chains":{"BR5Wo9FVlsHEez7b7KBWBzl9GAox/cRyoSGo+w980akf":{"chainKey":{"counter":0,"key":"hxTLGD0LPVYyqTq71Rhy9H6e93h7+yHskFQ4UtT6A54="},"chainType":1,"messageKeys":{}}},"pendingPreKey":{"signedKeyId":7,"baseKey":"BfuArsz61TzBcsAkTfKeX936a+8RAkSvgrJoPN0zOA9j","preKeyId":1665807}}},"version":"v1"}