{"_sessions":{"BTjjLbNV1qd9RhoBx+NesVDADsu9+xTplHXLAqbwY9Uv":{"registrationId":2021712614,"currentRatchet":{"ephemeralKeyPair":{"pubKey":"BYTltpShfz0GS48KcFqdEw87VAEXse24X722cZ5z/wJ+","privKey":"aEUhfn2geQMWqR6d0esml+tVgRsn6rzB7o0PG54n02k="},"lastRemoteEphemeralKey":"BQJAQSOcgHfPHNpkRkD+7mqs4U/YdexNVy0iEnXGUncA","previousCounter":0,"rootKey":"ycg18xSj7333kj3bw49mVyU/6Ug+i0/B1781ZTmXe64="},"indexInfo":{"baseKey":"BTjjLbNV1qd9RhoBx+NesVDADsu9+xTplHXLAqbwY9Uv","baseKeyType":1,"closed":-1,"used":1734398775718,"created":1734398775718,"remoteIdentityKey":"BZZAVc29sRIjstT9yasmZT6imOtsku738QYCkSThdc9T"},"_chains":{"BYTltpShfz0GS48KcFqdEw87VAEXse24X722cZ5z/wJ+":{"chainKey":{"counter":0,"key":"O4CAJlFN2zs5bzL+NUG2elr5CZFDCsZs3pMO3pvwyI0="},"chainType":1,"messageKeys":{}}},"pendingPreKey":{"signedKeyId":2,"baseKey":"BTjjLbNV1qd9RhoBx+NesVDADsu9+xTplHXLAqbwY9Uv","preKeyId":3199449}}},"version":"v1"}