{"_sessions":{"Be47WsMfqJzBkhobaE28q23CPm9XGwPWdR/bCMCnHZpR":{"registrationId":2021622750,"currentRatchet":{"ephemeralKeyPair":{"pubKey":"BamVq/+67Q1spPC5yKI67pDUvWcl0FNxaE7GHMcqR1A3","privKey":"8E6aPc2hxVXdT+IJwOlMzcAgfS51ADJwss4uVQMxe18="},"lastRemoteEphemeralKey":"BTwc4cEyhDqfzS3p9g82pd1pLHJeyb7MgVDlPRUgBHsb","previousCounter":0,"rootKey":"5ZlXHsnKlmYc8FuqZ9XGIvombe9MrGPsd86mLuKH/1g="},"indexInfo":{"baseKey":"Be47WsMfqJzBkhobaE28q23CPm9XGwPWdR/bCMCnHZpR","baseKeyType":1,"closed":-1,"used":1734398773190,"created":1734398773190,"remoteIdentityKey":"BYDvgqiSkyqFL1NRwq3EeqIJ8eA/b9giYyMW9W1RA9pS"},"_chains":{"BamVq/+67Q1spPC5yKI67pDUvWcl0FNxaE7GHMcqR1A3":{"chainKey":{"counter":0,"key":"1++RephodZEemN0rDlPFRobSxtMzVdv5TRa4FFzcqzw="},"chainType":1,"messageKeys":{}}},"pendingPreKey":{"signedKeyId":11,"baseKey":"Be47WsMfqJzBkhobaE28q23CPm9XGwPWdR/bCMCnHZpR","preKeyId":12242540}}},"version":"v1"}