{"_sessions":{"BeLC8LVaXEmSXGhLoZV3PGPLUZi8dcdfrrmNkX3yoX0g":{"registrationId":153791714,"currentRatchet":{"ephemeralKeyPair":{"pubKey":"BRdYR18YB2AsoAuZf1DUpM5o2dXRpTVSnVdCdSrDDMFQ","privKey":"KJZYdFm1CGUWBhwtdViEj2QYdLOgwEGOS5OtlYmnWl4="},"lastRemoteEphemeralKey":"BcnaBZrqaeNx6SdOaIMh8WoLeczJLFWDxrZjSjVMr4RG","previousCounter":0,"rootKey":"BUDfIKAzFS0yjpWI0VuMzIpv08qJQDGVX+eDcHIkU2U="},"indexInfo":{"baseKey":"BeLC8LVaXEmSXGhLoZV3PGPLUZi8dcdfrrmNkX3yoX0g","baseKeyType":1,"closed":-1,"used":1734398775824,"created":1734398775824,"remoteIdentityKey":"BbkHWqvoFemWNWs7cBm1uOCBMX82GNl7Pp3Yo8deJuA7"},"_chains":{"BRdYR18YB2AsoAuZf1DUpM5o2dXRpTVSnVdCdSrDDMFQ":{"chainKey":{"counter":0,"key":"h1vJW1X7jIaILubY7y9bE0mQaKcGAo7As4wBe3MNPtg="},"chainType":1,"messageKeys":{}}},"pendingPreKey":{"signedKeyId":33,"baseKey":"BeLC8LVaXEmSXGhLoZV3PGPLUZi8dcdfrrmNkX3yoX0g","preKeyId":7314217}}},"version":"v1"}