{"_sessions":{"BT+9fo89qA4XGtuHAcLm+R6MVBO906axzlwJ38PTFwks":{"registrationId":14502,"currentRatchet":{"ephemeralKeyPair":{"pubKey":"Be+aTTLkhQjodUPm27tEhYzyl6uahAkkLDeKsQ1yDh5k","privKey":"YN8SX+dAxKW8b1PBDDsonekDDZoOBHt91xvUCCcx+EE="},"lastRemoteEphemeralKey":"Bc2G56pr9AvOoXYmWTbKopR17/XX2A6IR1vaUct8KH1T","previousCounter":0,"rootKey":"PpnCdJDJj3vXJuxynLGbaQ1PvvXZA/S5wNuwHiKsbtQ="},"indexInfo":{"baseKey":"BT+9fo89qA4XGtuHAcLm+R6MVBO906axzlwJ38PTFwks","baseKeyType":1,"closed":-1,"used":1734398771272,"created":1734398771272,"remoteIdentityKey":"BRptkGnS3HTmYMFF8Zo6b3gHna5XnX7ogivJGirQLT1p"},"_chains":{"Be+aTTLkhQjodUPm27tEhYzyl6uahAkkLDeKsQ1yDh5k":{"chainKey":{"counter":0,"key":"SybPwWxyAMDvhdVZQdD+yUIEuz4pdSbeye5MosbnJbs="},"chainType":1,"messageKeys":{}}},"pendingPreKey":{"signedKeyId":1,"baseKey":"BT+9fo89qA4XGtuHAcLm+R6MVBO906axzlwJ38PTFwks","preKeyId":3158}}},"version":"v1"}