{"_sessions":{"BXcEaexkahCmpJ8kL7fSQlREAVw4D9cpOUkw0eo91PUK":{"registrationId":263567575,"currentRatchet":{"ephemeralKeyPair":{"pubKey":"BXyRARDbSFdFfF3Ym1Z75XNRZDJhzgjESJSH6UfuYq0J","privKey":"WCKiTaepjz+hL04t6n2patZ+fSlMAYiN45lNy4yYGEI="},"lastRemoteEphemeralKey":"BUerTfaYZ6/FKuj0Kam2FlBIzq4CxpzvnowhOrltks8s","previousCounter":0,"rootKey":"8VQSnPG2aS4l35Y6D8Bnq8NrobZRhKw9Cb65lE7e1RY="},"indexInfo":{"baseKey":"BXcEaexkahCmpJ8kL7fSQlREAVw4D9cpOUkw0eo91PUK","baseKeyType":1,"closed":-1,"used":1734398775601,"created":1734398775601,"remoteIdentityKey":"BSQPIfQyAnfDCR+WwNUvDUpSbOndU109+3xb0/+PgTo2"},"_chains":{"BXyRARDbSFdFfF3Ym1Z75XNRZDJhzgjESJSH6UfuYq0J":{"chainKey":{"counter":0,"key":"D6AvCsAIMBk1P8mo7i99iuZuMgE3xFkKhv9ysd5zdZE="},"chainType":1,"messageKeys":{}}},"pendingPreKey":{"signedKeyId":5,"baseKey":"BXcEaexkahCmpJ8kL7fSQlREAVw4D9cpOUkw0eo91PUK","preKeyId":44207}}},"version":"v1"}