{"_sessions":{"BU+BYLGlg2jZWHSlg30PWCKV0/jKEHk31e3xAkdqnJUE":{"registrationId":1506168805,"currentRatchet":{"ephemeralKeyPair":{"pubKey":"BThqsOBHgwRS1G6tbHkZkiYQKcbSAarZlVTfUe+L7dwO","privKey":"qK+b4Lt3GWvurVr/N/fKjcR+h6VRe3FjtG8qfulzYXk="},"lastRemoteEphemeralKey":"Bb8cB7RXXFnj/8Z17lfJwfT7JzEiB6jd+VnQdkNdQk1e","previousCounter":0,"rootKey":"2HnGu+3JiCdjFm6MF4yPyxZEp2i0QetmSSQlCNAy3F8="},"indexInfo":{"baseKey":"BU+BYLGlg2jZWHSlg30PWCKV0/jKEHk31e3xAkdqnJUE","baseKeyType":1,"closed":-1,"used":1734398775764,"created":1734398775764,"remoteIdentityKey":"BYoRLuBJfU3nYWfCtKwbA59zbXW/wysGyHSgdg8laBYC"},"_chains":{"BThqsOBHgwRS1G6tbHkZkiYQKcbSAarZlVTfUe+L7dwO":{"chainKey":{"counter":0,"key":"iW8Z/5r/mKZmrftrTxxtWPHW/Y2mL3GblWrohxqpFlg="},"chainType":1,"messageKeys":{}}},"pendingPreKey":{"signedKeyId":9,"baseKey":"BU+BYLGlg2jZWHSlg30PWCKV0/jKEHk31e3xAkdqnJUE","preKeyId":6325006}}},"version":"v1"}