{"_sessions":{"BcdlQTZV4MUMIgDCbiHjIuvbUloAsfxXQY4kg/Vuc3FH":{"registrationId":440439710,"currentRatchet":{"ephemeralKeyPair":{"pubKey":"BXRdce0Zq7FqtKSoYgP5FrXUfVLPM8rrkVe4Y5pZzQJ7","privKey":"6In5MDUmRxpo5ymMWcHncgA3rpyu41WyhyU+PwnsrVg="},"lastRemoteEphemeralKey":"BVEhY8DFFpvJQOxMpFBSu6fgeCXQVALdfb7NlEqex6gm","previousCounter":0,"rootKey":"aCqySrq00kR1mgy4NRtEhGZtFaA328DnO03Z+iGBgEg="},"indexInfo":{"baseKey":"BcdlQTZV4MUMIgDCbiHjIuvbUloAsfxXQY4kg/Vuc3FH","baseKeyType":1,"closed":-1,"used":1734398778133,"created":1734398778133,"remoteIdentityKey":"BXexeCZFReQq+RYdy2T9MXpITca03Yoy7siPV/8Fn7hp"},"_chains":{"BXRdce0Zq7FqtKSoYgP5FrXUfVLPM8rrkVe4Y5pZzQJ7":{"chainKey":{"counter":0,"key":"bxCVo99BrN3vqL79U5ug1Q57Q0NTQV3xhGKKfbHvHbk="},"chainType":1,"messageKeys":{}}},"pendingPreKey":{"signedKeyId":2,"baseKey":"BcdlQTZV4MUMIgDCbiHjIuvbUloAsfxXQY4kg/Vuc3FH","preKeyId":6183826}}},"version":"v1"}