{"_sessions":{"Be27iQ1By2l0YClyvxTk+7/ek92EW36Wl7eCgI/hYzMW":{"registrationId":1066466340,"currentRatchet":{"ephemeralKeyPair":{"pubKey":"Be6J0oWHxodG1FDB+4N0K9g7KtlFJCt5CLRzIevM/utc","privKey":"2MVa/62tjaCaf5gBWsvrA3uUf2uH7EMN1LGgnI5TVHw="},"lastRemoteEphemeralKey":"BTg3p2ljofereAK9zxhBSKp0X8J6mJfI+wMY3LY2SzAy","previousCounter":0,"rootKey":"zyPqGj18tYeU5nRj65q46RdjhAwUe2PikPy+NJTRTVI="},"indexInfo":{"baseKey":"Be27iQ1By2l0YClyvxTk+7/ek92EW36Wl7eCgI/hYzMW","baseKeyType":1,"closed":-1,"used":1734398771247,"created":1734398771247,"remoteIdentityKey":"BYsKnmYftr6dLi9XcgsfCEkMXZRD5ZfcyiXm2F095UQX"},"_chains":{"Be6J0oWHxodG1FDB+4N0K9g7KtlFJCt5CLRzIevM/utc":{"chainKey":{"counter":0,"key":"mzSNOrhtOOCUVSk2B9sdTeWeCDRqXkpuWb2J+uZqbyU="},"chainType":1,"messageKeys":{}}},"pendingPreKey":{"signedKeyId":1,"baseKey":"Be27iQ1By2l0YClyvxTk+7/ek92EW36Wl7eCgI/hYzMW","preKeyId":5147}}},"version":"v1"}