{"_sessions":{"BcPvJi3+C38rbAlIhR1kvrpo/LEvRLnn/Mi/GohHSHtb":{"registrationId":1674512820,"currentRatchet":{"ephemeralKeyPair":{"pubKey":"BUgUl/OfnzuW43NPGdtxdUWxJhQnrvxlRW2B+0cp2F0u","privKey":"+OBZCwoADUFTiLLa70BFR4QSqdyrsfaVa4MF8arib3w="},"lastRemoteEphemeralKey":"BUGHGRqt3WXcFPDtq6uZk2Zvkm1TUvcpfXQZ/h+qucFJ","previousCounter":0,"rootKey":"4IYumS/xA4sqaC7ABCPxMxdTpPKUt/8NbhAzcOrTZPY="},"indexInfo":{"baseKey":"BcPvJi3+C38rbAlIhR1kvrpo/LEvRLnn/Mi/GohHSHtb","baseKeyType":1,"closed":-1,"used":1734398778311,"created":1734398778311,"remoteIdentityKey":"BQHfNkMhQ8c239WfRdoHByACyPxviOtNIqQRth7xQTZa"},"_chains":{"BUgUl/OfnzuW43NPGdtxdUWxJhQnrvxlRW2B+0cp2F0u":{"chainKey":{"counter":0,"key":"BgOsuoSjlRLgbS5n7riDVxDeDA9Yt4syH9IryycDAuA="},"chainType":1,"messageKeys":{}}},"pendingPreKey":{"signedKeyId":0,"baseKey":"BcPvJi3+C38rbAlIhR1kvrpo/LEvRLnn/Mi/GohHSHtb","preKeyId":12208649}}},"version":"v1"}