{"_sessions":{"BbJAAlRXrfYLVxpZUWSGVyNCv7UqLH0wmE/P7xg3XjBa":{"registrationId":728273849,"currentRatchet":{"ephemeralKeyPair":{"pubKey":"BZ8q8ef+fAJ1O5gd000ERYn+mquyIMGT6i8Y0vFfdRMW","privKey":"+AjgWv0onMJuKRmFeDz8l1y+udwpS7OGtgaPPP/A80g="},"lastRemoteEphemeralKey":"BRV2yTZAu0wsWy6qd4XDVWPGIZzMwPawU5SdU8q8A7xK","previousCounter":0,"rootKey":"Q9CsiJumXabMTjNrDCx7Gg/1W8I28QZGlyXK89lRqOg="},"indexInfo":{"baseKey":"BbJAAlRXrfYLVxpZUWSGVyNCv7UqLH0wmE/P7xg3XjBa","baseKeyType":1,"closed":-1,"used":1734398775727,"created":1734398775727,"remoteIdentityKey":"BZCYoakwgOCBxl96eP8EZw7BICD2Yu7/5FMfLqXA66Zw"},"_chains":{"BZ8q8ef+fAJ1O5gd000ERYn+mquyIMGT6i8Y0vFfdRMW":{"chainKey":{"counter":0,"key":"Eey0j9lM+7XTbtVMF0aw/TSIqKZuCsOyb+zSWQyetHs="},"chainType":1,"messageKeys":{}}},"pendingPreKey":{"signedKeyId":5,"baseKey":"BbJAAlRXrfYLVxpZUWSGVyNCv7UqLH0wmE/P7xg3XjBa","preKeyId":16697227}}},"version":"v1"}