{"_sessions":{"BYYE2BUYkmTN0Po4mj+tX/SbRWcmfrY5hGIqsDNv06xi":{"registrationId":843042344,"currentRatchet":{"ephemeralKeyPair":{"pubKey":"BWUjHfo4ghNNUOTqKq3hAUIkv8/dXJPXZEZm5B4FQicM","privKey":"2G4+UGD0RKmWQ6WBE35SfEffsoZXfbIklrSK1B8owks="},"lastRemoteEphemeralKey":"BaFQ0SqL6UYpd7Avw+cvbW/porm97+NoHuZrd5Td/041","previousCounter":0,"rootKey":"hmhYBYEcvgXtvQ/ZID1eWD7yF77rTzJANKrOU8b6tlc="},"indexInfo":{"baseKey":"BYYE2BUYkmTN0Po4mj+tX/SbRWcmfrY5hGIqsDNv06xi","baseKeyType":1,"closed":-1,"used":1734398566814,"created":1734398566814,"remoteIdentityKey":"BX/WIN+g6KlfnW3H2SnTpa3W+4uLXXBy6t7hVzbtDFAJ"},"_chains":{"BWUjHfo4ghNNUOTqKq3hAUIkv8/dXJPXZEZm5B4FQicM":{"chainKey":{"counter":9,"key":"SMGfNeCpKNTlCpJeSj7yFxAdHzAeAXGLLHputlSM3b0="},"chainType":1,"messageKeys":{}}},"pendingPreKey":{"signedKeyId":0,"baseKey":"BYYE2BUYkmTN0Po4mj+tX/SbRWcmfrY5hGIqsDNv06xi","preKeyId":6577558}}},"version":"v1"}