{"_sessions":{"BY8ZiedqV2dHheAoOv87Nq8gyDax0L7DuWHW/RLWNLdM":{"registrationId":1637967815,"currentRatchet":{"ephemeralKeyPair":{"pubKey":"BXf7P3cBJqQVo5UDFump23avJh0F/f6w5aE1VHf1Uld4","privKey":"KJxetvcEEI/+lK4B9dgTIsXE24q8FFyph9bwU5RcKGI="},"lastRemoteEphemeralKey":"BRiTLk9xs89TxdSfh8JWZQ1JEfXJdNxzxW+zzm2Lo4BE","previousCounter":0,"rootKey":"m43Mn1+XTHoILzWCq3rV1CaxIYR9oc6AqfUQvkDFpqY="},"indexInfo":{"baseKey":"BY8ZiedqV2dHheAoOv87Nq8gyDax0L7DuWHW/RLWNLdM","baseKeyType":1,"closed":-1,"used":1734398775649,"created":1734398775649,"remoteIdentityKey":"BYBHMHLEPtYonCO+QF56W4BFkF/T2vxKs1OiJIsqpDMf"},"_chains":{"BXf7P3cBJqQVo5UDFump23avJh0F/f6w5aE1VHf1Uld4":{"chainKey":{"counter":0,"key":"+yelIO2XLN1BA27Y9OJAEOXtUej+xou6m8p6WZrcIbw="},"chainType":1,"messageKeys":{}}},"pendingPreKey":{"signedKeyId":1,"baseKey":"BY8ZiedqV2dHheAoOv87Nq8gyDax0L7DuWHW/RLWNLdM","preKeyId":2407812}}},"version":"v1"}