{"_sessions":{"BS4zJbc74fwSDkZSWLX07aL2sVK1PbltaVBbtGJMCvFq":{"registrationId":1908995899,"currentRatchet":{"ephemeralKeyPair":{"pubKey":"BUUi6Ut8G2ZX9m0RaZcLd1sR5Wyqxcku3wp+OvgZH5Z3","privKey":"IPSHdgkQYil08EhPLlHaYGzahVv7h/Tv9FEQhvb6LXs="},"lastRemoteEphemeralKey":"BXRHHLNWTXUtw5tZRrFVZOZ4jkL4Vwh0ilythRuHS89+","previousCounter":0,"rootKey":"PgO80ZKmXlL2L6dBQ/TDmO0L+rSzCP62lJlBpv071vY="},"indexInfo":{"baseKey":"BS4zJbc74fwSDkZSWLX07aL2sVK1PbltaVBbtGJMCvFq","baseKeyType":1,"closed":-1,"used":1734398775598,"created":1734398775598,"remoteIdentityKey":"BYP+zNqdSbVzTQSM+M1UCtGpzD32+VWGJtXw/e6QNKFq"},"_chains":{"BUUi6Ut8G2ZX9m0RaZcLd1sR5Wyqxcku3wp+OvgZH5Z3":{"chainKey":{"counter":0,"key":"CeapnoKaYxplADa8/hGXSe4Z5o3oAin/iNffRRuhR5Y="},"chainType":1,"messageKeys":{}}},"pendingPreKey":{"signedKeyId":2,"baseKey":"BS4zJbc74fwSDkZSWLX07aL2sVK1PbltaVBbtGJMCvFq","preKeyId":1563285}}},"version":"v1"}