{"_sessions":{"Bbwi5doGj5hjb64C3XMrNX0CS94hdzhLTF0b7CdG9sV/":{"registrationId":742705904,"currentRatchet":{"ephemeralKeyPair":{"pubKey":"BcA2xyEP9Ij0Z7PSB8p0yk92WQioF+f8v3cJlwSv2qU7","privKey":"MAWhku4rVeIHr73ewhFSO83Dg8w5Fmr4rdgKkuIR7HU="},"lastRemoteEphemeralKey":"BbbADmG292QJRwf6dNv1MGMbmrgmcrP/76KIilzsGbUR","previousCounter":0,"rootKey":"JZPq1sYnWXFS97TbtGoXXf7xHdONtVgGTBqFUfeqBgE="},"indexInfo":{"baseKey":"Bbwi5doGj5hjb64C3XMrNX0CS94hdzhLTF0b7CdG9sV/","baseKeyType":1,"closed":-1,"used":1734398773268,"created":1734398773268,"remoteIdentityKey":"BQHsGWJRU06EHH2+3VdAKh+VA8fkwGGm0I5TE8ep/hIM"},"_chains":{"BcA2xyEP9Ij0Z7PSB8p0yk92WQioF+f8v3cJlwSv2qU7":{"chainKey":{"counter":0,"key":"O3cZxcpGZ77IfRciZf3+spYc7w0W2BItw6X4RMJEMos="},"chainType":1,"messageKeys":{}}},"pendingPreKey":{"signedKeyId":0,"baseKey":"Bbwi5doGj5hjb64C3XMrNX0CS94hdzhLTF0b7CdG9sV/","preKeyId":9396278}}},"version":"v1"}