{"_sessions":{"BZdmLIQfhoLldmXfDh3rbxtoSIbLRUHYDQ98xyYZDKxV":{"registrationId":1585608974,"currentRatchet":{"ephemeralKeyPair":{"pubKey":"BV4swM1dfZ7KN/UG1vTk2rI4c8SXvDk/HJKfn1HPbQhD","privKey":"2M01fGbM2Q+iFMkPb/oN8sSHAGO1xnf2k8p+KJ2xDE4="},"lastRemoteEphemeralKey":"BUordymuX0A9MJjWIomnJ4jzyqZj/4SJh12Ro5KGT1hr","previousCounter":0,"rootKey":"AGNpRBC+uezWVIyU1K039avmhKymqEgcgvWq1OR0ndc="},"indexInfo":{"baseKey":"BZdmLIQfhoLldmXfDh3rbxtoSIbLRUHYDQ98xyYZDKxV","baseKeyType":1,"closed":-1,"used":1734398771375,"created":1734398771375,"remoteIdentityKey":"BV27p9eGQMmIfV3K5TV6+xukgLLM23tkPRn4vcDGvuFz"},"_chains":{"BV4swM1dfZ7KN/UG1vTk2rI4c8SXvDk/HJKfn1HPbQhD":{"chainKey":{"counter":0,"key":"XyKVM3c6LMijCX6hQ+A1TqOhvP2n8MuSG6yn0gMXXKs="},"chainType":1,"messageKeys":{}}},"pendingPreKey":{"signedKeyId":12,"baseKey":"BZdmLIQfhoLldmXfDh3rbxtoSIbLRUHYDQ98xyYZDKxV","preKeyId":8462898}}},"version":"v1"}