{"_sessions":{"Be7E//pX0F9JNSR3F0Ke0rZDRrxfkt1L03rFzDDO/3Q0":{"registrationId":90407386,"currentRatchet":{"ephemeralKeyPair":{"pubKey":"Bbb5e1E4vxpXz4kh1biJX7FsDHNzN5othUn9lhCZUplz","privKey":"eHNOd1VlonFQ1aJok09d3La2o+NbQZ/0IPjWGaxBGEA="},"lastRemoteEphemeralKey":"Bcd9dKpRQiZmfliU7L2lDV6iikHOk64aqFEuPH9eMGQD","previousCounter":0,"rootKey":"R0QKSHuvh6iYUO4E12+ok+GjSJvb8aU+Slnb1QGMudg="},"indexInfo":{"baseKey":"Be7E//pX0F9JNSR3F0Ke0rZDRrxfkt1L03rFzDDO/3Q0","baseKeyType":1,"closed":-1,"used":1734398771442,"created":1734398771442,"remoteIdentityKey":"BQGqPYpooxaik+L4P0zfpGmzs4DXFI38E349LCfhCYpc"},"_chains":{"Bbb5e1E4vxpXz4kh1biJX7FsDHNzN5othUn9lhCZUplz":{"chainKey":{"counter":0,"key":"Pw+Lo3WGO4nfHSpZ1OWmQkXuwSCLVlvTL9JfVxy0XZo="},"chainType":1,"messageKeys":{}}},"pendingPreKey":{"signedKeyId":1,"baseKey":"Be7E//pX0F9JNSR3F0Ke0rZDRrxfkt1L03rFzDDO/3Q0","preKeyId":9487226}}},"version":"v1"}