{"_sessions":{"BVGCT69hW6f6hiyYMUqpwBk2gKiHfcg33j7aqG1V5UE9":{"registrationId":2103609909,"currentRatchet":{"ephemeralKeyPair":{"pubKey":"BQbOdkjt9RH0cohkOtolmcdjX8qQ37aa+Qgl/5x6iKks","privKey":"INMsuq4K6UH01UtIGFEnn8TK2/OOJnXRzFret2rD3FM="},"lastRemoteEphemeralKey":"BRAA1VuD4tXsUkRp4VWXnE+dSnFDEaZHJeeIri/Qp6hY","previousCounter":0,"rootKey":"OXbChS9ZrLEDsb9Qi1Wus4VXxLr6bmtywxKUfFPavEg="},"indexInfo":{"baseKey":"BVGCT69hW6f6hiyYMUqpwBk2gKiHfcg33j7aqG1V5UE9","baseKeyType":1,"closed":-1,"used":1734398778324,"created":1734398778324,"remoteIdentityKey":"BZY1Zm01Te5mQ7I5hX4fa0MyDICjk4pq/ZeZYor6AaUi"},"_chains":{"BQbOdkjt9RH0cohkOtolmcdjX8qQ37aa+Qgl/5x6iKks":{"chainKey":{"counter":0,"key":"gSqLMDo8f8jDKiXI7uQAuJI9NVVM5rwKamV5Aa5O404="},"chainType":1,"messageKeys":{}}},"pendingPreKey":{"signedKeyId":4,"baseKey":"BVGCT69hW6f6hiyYMUqpwBk2gKiHfcg33j7aqG1V5UE9"}}},"version":"v1"}