{"_sessions":{"BSeAZnxoZKfXnB8K3hKkxlczq8y/oFXLvxoWLDqeIJMh":{"registrationId":15613,"currentRatchet":{"ephemeralKeyPair":{"pubKey":"BVajSg0V9K/np1+qxOhWEBfHiSoO/vlh9jQmfg4bxHld","privKey":"sNgUQlmYXAiYsr9oCwuMB1hTIv8xk/jRTsJA0EVDYHs="},"lastRemoteEphemeralKey":"Bfw4hkiXUvl9BgTqeV6NeEEhPtXAjOH7PERmEHPneYhz","previousCounter":0,"rootKey":"rgRr8bapm/H1wg3hDxaUUMZbThyEl+h7og61tQDURvg="},"indexInfo":{"baseKey":"BSeAZnxoZKfXnB8K3hKkxlczq8y/oFXLvxoWLDqeIJMh","baseKeyType":1,"closed":-1,"used":1734398771250,"created":1734398771250,"remoteIdentityKey":"BX6wQMpT9qMKuTsexNSVQ0I/JAiYDX2Ay+QIaAwyBm1r"},"_chains":{"BVajSg0V9K/np1+qxOhWEBfHiSoO/vlh9jQmfg4bxHld":{"chainKey":{"counter":0,"key":"56XbYsxtHoDp/dW6/sJveQ5Oj+0sTC1JT3ESYmZKpjM="},"chainType":1,"messageKeys":{}}},"pendingPreKey":{"signedKeyId":1,"baseKey":"BSeAZnxoZKfXnB8K3hKkxlczq8y/oFXLvxoWLDqeIJMh"}}},"version":"v1"}