{"_sessions":{"BWyVoSL5Em7Sv1+774bqE7JOYpxDMg6omiUy7qkJ+/ov":{"registrationId":1131300936,"currentRatchet":{"ephemeralKeyPair":{"pubKey":"BUCS9hbhFyD7TwdDHjAB8oUxlTUiQHSNIwcBF1+C4TtB","privKey":"gBtwQnbTK+SM0Ka/sOwYplBQWNfGUeIC3iw7WOjkL2Y="},"lastRemoteEphemeralKey":"BWF4636nnVQMAOJem8nCw/FY3aBfCaxmCIKikfBnY3N3","previousCounter":0,"rootKey":"y80GBnpSQwAuaaV+PJVi8no5fmNC5MwmMab4YfzUvbs="},"indexInfo":{"baseKey":"BWyVoSL5Em7Sv1+774bqE7JOYpxDMg6omiUy7qkJ+/ov","baseKeyType":1,"closed":-1,"used":1734398778338,"created":1734398778338,"remoteIdentityKey":"BV42oAyogk8mj+Ns4/ugmVoFwAx7p/abtUspvWKdoYYl"},"_chains":{"BUCS9hbhFyD7TwdDHjAB8oUxlTUiQHSNIwcBF1+C4TtB":{"chainKey":{"counter":0,"key":"OneLdAXPOkwhBT3jehZrPW+YqC87JbZQVbRHQWjFyWY="},"chainType":1,"messageKeys":{}}},"pendingPreKey":{"signedKeyId":0,"baseKey":"BWyVoSL5Em7Sv1+774bqE7JOYpxDMg6omiUy7qkJ+/ov","preKeyId":2823199}}},"version":"v1"}