{"_sessions":{"BSJp+uc+E+tsc+GlKRPyPhmdX+Z2TwA9vxUM9FQ2JQkk":{"registrationId":1476238129,"currentRatchet":{"ephemeralKeyPair":{"pubKey":"BVrLrAjHc75g+C173+l2vnHC1TH2kpn4jdc0JAF04mBE","privKey":"OGHoDnydIgfHEPnDER8/c0hwUOhsjFHK9VJer4eKykU="},"lastRemoteEphemeralKey":"BXDaHX3R6JXf5XmQitz21PM1HabYKUZMn8ziURib7X5a","previousCounter":0,"rootKey":"n+RYXq1lCmhL90/13+bXqtwklC3pJU8CesBYY3Gl86Q="},"indexInfo":{"baseKey":"BSJp+uc+E+tsc+GlKRPyPhmdX+Z2TwA9vxUM9FQ2JQkk","baseKeyType":1,"closed":-1,"used":1734398778147,"created":1734398778147,"remoteIdentityKey":"BTs0iWHtfgz6xME9+uylxnDtgXXbuXTyYx1spBqeZGx7"},"_chains":{"BVrLrAjHc75g+C173+l2vnHC1TH2kpn4jdc0JAF04mBE":{"chainKey":{"counter":0,"key":"nAZC77Kxna4x8cVaC3TjscmCO9I/I2Ge/r59u/wmRsc="},"chainType":1,"messageKeys":{}}},"pendingPreKey":{"signedKeyId":5,"baseKey":"BSJp+uc+E+tsc+GlKRPyPhmdX+Z2TwA9vxUM9FQ2JQkk","preKeyId":4820854}}},"version":"v1"}