{"_sessions":{"BZo6/UlEd7B2x/wHpA3UT1MWwk76qn457ZRVu/sZcogP":{"registrationId":1060469364,"currentRatchet":{"ephemeralKeyPair":{"pubKey":"BUtE0k7+VSHgeunM2p+ps6pd3B9NQl2ye2Mxjt1YUYh/","privKey":"UNXGYUqUKCEtOi4CV0xk52NYoGlnlMWkpLNud9TFbkY="},"lastRemoteEphemeralKey":"BbQhAwMv2fO3CvIhRBO/EwE346IvQTle3DmajpSarll0","previousCounter":0,"rootKey":"3FG6qt+RKEU8Ie0gWUuOisqFNGzyjxhwkKzoX7umoGw="},"indexInfo":{"baseKey":"BZo6/UlEd7B2x/wHpA3UT1MWwk76qn457ZRVu/sZcogP","baseKeyType":1,"closed":-1,"used":1734398778111,"created":1734398778111,"remoteIdentityKey":"BS7AHWTcsFVmnmIcbrrqVUv4m3bfOSicUk7eFUFUyHst"},"_chains":{"BUtE0k7+VSHgeunM2p+ps6pd3B9NQl2ye2Mxjt1YUYh/":{"chainKey":{"counter":0,"key":"ut55aoMEzLCU0kYk53NVo26rxxZMUYq6fm8jrcQtPZQ="},"chainType":1,"messageKeys":{}}},"pendingPreKey":{"signedKeyId":3,"baseKey":"BZo6/UlEd7B2x/wHpA3UT1MWwk76qn457ZRVu/sZcogP","preKeyId":14182290}}},"version":"v1"}