{"_sessions":{"BV2cvsXCaHfd347QUkWWApATcp5vQZBXzePBzs7JmHl4":{"registrationId":1518906286,"currentRatchet":{"ephemeralKeyPair":{"pubKey":"BVXdplPjre+G8XD55SucSDu95165MCvyxUIZfXqTIsZW","privKey":"AGfuBpYpw+jdfe9A2YcGwVgmpbwdUF6AmbrZzhFKPHo="},"lastRemoteEphemeralKey":"BUFzMxJ3jM7vyyqJvuQ+Htynkm5EOT2pSky2P1VeqMk1","previousCounter":0,"rootKey":"qPIPQtEkZrY9woxsRmPeDXikuuOOORXMNapSR7u3lio="},"indexInfo":{"baseKey":"BV2cvsXCaHfd347QUkWWApATcp5vQZBXzePBzs7JmHl4","baseKeyType":1,"closed":-1,"used":1734398773154,"created":1734398773154,"remoteIdentityKey":"BURZHsBbDzyYLp3I70aIWMoBDnXG4LReIzBeLwMNLnkn"},"_chains":{"BVXdplPjre+G8XD55SucSDu95165MCvyxUIZfXqTIsZW":{"chainKey":{"counter":0,"key":"PLlIk3jpzZO3eY8QBAZeI6u2mINh0DaJukDqY7rsIGA="},"chainType":1,"messageKeys":{}}},"pendingPreKey":{"signedKeyId":0,"baseKey":"BV2cvsXCaHfd347QUkWWApATcp5vQZBXzePBzs7JmHl4"}}},"version":"v1"}