{"_sessions":{"BZ7Me00MpjRzT8wl2qk1jDVgA369DRVq1WX3FT8lrLp9":{"registrationId":1773196261,"currentRatchet":{"ephemeralKeyPair":{"pubKey":"BXYjpybCDO4Fb7sbzLjV8Oj00xRsM/NVBUREE1JocCwT","privKey":"YAMWknhxwPiwbh1FSh9PJ+YjlsXXFRnWfjBNoKL9l2U="},"lastRemoteEphemeralKey":"BRjauOIUfb+4R9Z5HeAYQjF41/Lp93nceWTce7309aF9","previousCounter":0,"rootKey":"oq+0x9cvQdyyha5uKfML9jKPldOWGUUbI4uIhdQ3mJI="},"indexInfo":{"baseKey":"BZ7Me00MpjRzT8wl2qk1jDVgA369DRVq1WX3FT8lrLp9","baseKeyType":1,"closed":-1,"used":1734398775618,"created":1734398775618,"remoteIdentityKey":"Bd5PWP3sT9x2mMT3au1Ww9PoJDHDvJtYzf3YRUsOuOVa"},"_chains":{"BXYjpybCDO4Fb7sbzLjV8Oj00xRsM/NVBUREE1JocCwT":{"chainKey":{"counter":0,"key":"GkVLE7NgMh6vREyABojNps0zACBNkcphwCoQ2iCBrL8="},"chainType":1,"messageKeys":{}}},"pendingPreKey":{"signedKeyId":0,"baseKey":"BZ7Me00MpjRzT8wl2qk1jDVgA369DRVq1WX3FT8lrLp9"}}},"version":"v1"}