{"_sessions":{"BYERHKwN7ITgHSwx05B8bJilNHbTPlXb11luKLZSwPkv":{"registrationId":240752108,"currentRatchet":{"ephemeralKeyPair":{"pubKey":"BeVvlFCAjU8x3xJDUSg9KZUHSqDkm6j+z/YVwIxsOjVa","privKey":"qO4VRNw427XwmTSlH5QlhBorpKf5x2L1FwaZbI/3Eno="},"lastRemoteEphemeralKey":"BdFxSI4Z7M3cwsoLXCH3vt5rVNL873AHNqyYjeQDMqNw","previousCounter":0,"rootKey":"sZ47hciJh1gawJmeD5Bn0Yhssxin6Tn0UVpncAAf6cw="},"indexInfo":{"baseKey":"BYERHKwN7ITgHSwx05B8bJilNHbTPlXb11luKLZSwPkv","baseKeyType":1,"closed":-1,"used":1734398780434,"created":1734398780434,"remoteIdentityKey":"BQUwV4N+AHgqPwRqC+LevfhwSd3tgkf63Ic/u7oZi/BO"},"_chains":{"BeVvlFCAjU8x3xJDUSg9KZUHSqDkm6j+z/YVwIxsOjVa":{"chainKey":{"counter":0,"key":"cWlbMJicSVnJnDSYtx0Z6nodX7k7yG9CwjK3WdQsWlI="},"chainType":1,"messageKeys":{}}},"pendingPreKey":{"signedKeyId":13,"baseKey":"BYERHKwN7ITgHSwx05B8bJilNHbTPlXb11luKLZSwPkv"}}},"version":"v1"}