{"_sessions":{"BWzvRJbsiYWyXtaPKmIT12bzbhrptK5ALj1s7DZK/jsF":{"registrationId":1955930362,"currentRatchet":{"ephemeralKeyPair":{"pubKey":"BQWCYYJhgF6YZgI8bfxF6bt4Njnm26kyXploqFW9cH9S","privKey":"EFSutOTvglmGSp0mHmc0oUw4bCr99xP8lBp8uoT3yUY="},"lastRemoteEphemeralKey":"BRa956U5mo1eF8Th2tk4NBMAgmBLRkkRnzX6DUDNBbNL","previousCounter":0,"rootKey":"x6EAxqdbKsz2MC/upNDg13taJ6guqR1iBWTFl/xN2nA="},"indexInfo":{"baseKey":"BWzvRJbsiYWyXtaPKmIT12bzbhrptK5ALj1s7DZK/jsF","baseKeyType":1,"closed":-1,"used":1734398780348,"created":1734398780348,"remoteIdentityKey":"BZO4W+fU9eDhLjUsARiIEBSitAYUB9/SgN0KLILKIoJu"},"_chains":{"BQWCYYJhgF6YZgI8bfxF6bt4Njnm26kyXploqFW9cH9S":{"chainKey":{"counter":0,"key":"iJPW5n8NsO+cchn23Gm2DT+pYMveFNEayKSJlEh3dyM="},"chainType":1,"messageKeys":{}}},"pendingPreKey":{"signedKeyId":1,"baseKey":"BWzvRJbsiYWyXtaPKmIT12bzbhrptK5ALj1s7DZK/jsF","preKeyId":4311188}}},"version":"v1"}