{"_sessions":{"BeD9qycC/6ZLfP4OABSbJClr+Zm1Wgg+Vo4ZWfewW6sI":{"registrationId":760281534,"currentRatchet":{"ephemeralKeyPair":{"pubKey":"BfiiDqGceDAfWMlh+Ll8Zor8DR+llufIXdcU44300IF1","privKey":"+Gdm/klp9gY0wUswyIZYqJZkvHjoyN0Hu7O0jKLoTXI="},"lastRemoteEphemeralKey":"BayE2m75R9ovUB2WxKyGX745aC2si6ZwPszYRLEMiWZq","previousCounter":0,"rootKey":"u6x4BPRGrwhO62+Z83Ukna8C5D+HeYjBIvbEcCSS1pU="},"indexInfo":{"baseKey":"BeD9qycC/6ZLfP4OABSbJClr+Zm1Wgg+Vo4ZWfewW6sI","baseKeyType":1,"closed":-1,"used":1734398773257,"created":1734398773257,"remoteIdentityKey":"BcQQIhGQ74ATslUNam1ldHQakSPF1q1nvlOFceYEYXMr"},"_chains":{"BfiiDqGceDAfWMlh+Ll8Zor8DR+llufIXdcU44300IF1":{"chainKey":{"counter":0,"key":"mFTsoRNP7/dw5PIAZoUWbdmP9OUoEOel/x4HzAStQgE="},"chainType":1,"messageKeys":{}}},"pendingPreKey":{"signedKeyId":4,"baseKey":"BeD9qycC/6ZLfP4OABSbJClr+Zm1Wgg+Vo4ZWfewW6sI","preKeyId":13854534}}},"version":"v1"}