{"_sessions":{"BaZ1+uDJOiH4p+cCcgVqlwoWDavGbfuEro9r75z/Sk9L":{"registrationId":871151200,"currentRatchet":{"ephemeralKeyPair":{"pubKey":"BSU0qV7mNACcfF8p17K+QbJ3JYT/1DTeMz1vzhmmFDti","privKey":"wDH/6mdS/m8c6P1Yd0Xxlyoq9QdhDB0JzZDmSOQLTkQ="},"lastRemoteEphemeralKey":"Be/ydRroJ7PW46fkO2s96NHuR7ScmEIDh74rKeH5ZDMf","previousCounter":0,"rootKey":"oUDe0SwhKDn7SXwKrpyUyQY3/WFsUHYprDwjVvMx0ZY="},"indexInfo":{"baseKey":"BaZ1+uDJOiH4p+cCcgVqlwoWDavGbfuEro9r75z/Sk9L","baseKeyType":1,"closed":-1,"used":1734398773031,"created":1734398773031,"remoteIdentityKey":"BWUIOZsYBcerh3LQyoCgI28mLN911sAf9hwA4SRzZCso"},"_chains":{"BSU0qV7mNACcfF8p17K+QbJ3JYT/1DTeMz1vzhmmFDti":{"chainKey":{"counter":0,"key":"AIlm0duHvNQ8wN3/MSZstA1Yae0sFgO+ibziWRkTR9I="},"chainType":1,"messageKeys":{}}},"pendingPreKey":{"signedKeyId":1,"baseKey":"BaZ1+uDJOiH4p+cCcgVqlwoWDavGbfuEro9r75z/Sk9L","preKeyId":2319049}}},"version":"v1"}