{"_sessions":{"Ba3OlFjFEdWid4VdYzYm6aRxK9mODcHhcrby2drUI8gb":{"registrationId":597025110,"currentRatchet":{"ephemeralKeyPair":{"pubKey":"BZfoAjSsRGA/iGwBjP7oCEFcA6gpVo9nIlf2Uef63Igx","privKey":"8FDqFMuflqBj2U3zkztd5WjCguVEKsxgQaS2e+PVxFk="},"lastRemoteEphemeralKey":"BTM0XIousiFTmBdwOTJLCV9+gh6mmR5aXZzcuGai/mpP","previousCounter":0,"rootKey":"XKTf9jwJIaNHsehtjKGZV7l4jaNEefZ5R7hhPHFY3c4="},"indexInfo":{"baseKey":"Ba3OlFjFEdWid4VdYzYm6aRxK9mODcHhcrby2drUI8gb","baseKeyType":1,"closed":-1,"used":1734398778346,"created":1734398778346,"remoteIdentityKey":"BdfLVMzR7wUch7mVbo7wnGjXusnCHQSW4BsApyFpxawG"},"_chains":{"BZfoAjSsRGA/iGwBjP7oCEFcA6gpVo9nIlf2Uef63Igx":{"chainKey":{"counter":0,"key":"ZOaEM31Oq2Mnf4Pw92cGNH6c+KcLd/fZnfCx4crGH+o="},"chainType":1,"messageKeys":{}}},"pendingPreKey":{"signedKeyId":1,"baseKey":"Ba3OlFjFEdWid4VdYzYm6aRxK9mODcHhcrby2drUI8gb","preKeyId":149573}}},"version":"v1"}