{"_sessions":{"BZrInmkw//Sa4lhueqBC+1n/u2H3XZI9zX3zpja3r9w0":{"registrationId":1678370391,"currentRatchet":{"ephemeralKeyPair":{"pubKey":"BcY8Mfsq/3rQ/Fd+hlbMlGQf4R7q6O+M/1Kr6rFS2YdS","privKey":"ICRrrz9L6eesT9h2bT8gWzR3EemEhmKHR95dL3znt3A="},"lastRemoteEphemeralKey":"BSQfIhCRvegGAxk2tltCa97EMC9qRgteBft9UbVCWe5J","previousCounter":0,"rootKey":"vPsl1zlxT3pZUaL6WJaX+JHkUDK3A3WmwaInRB13Tr8="},"indexInfo":{"baseKey":"BZrInmkw//Sa4lhueqBC+1n/u2H3XZI9zX3zpja3r9w0","baseKeyType":1,"closed":-1,"used":1734398566827,"created":1734398566827,"remoteIdentityKey":"BdQ9nl+wpkYK4cH72XLUEhaCJx+eJ15Viyp+GP64vcYs"},"_chains":{"BcY8Mfsq/3rQ/Fd+hlbMlGQf4R7q6O+M/1Kr6rFS2YdS":{"chainKey":{"counter":9,"key":"paJ79Y5BGqs3G1wkPEjkiPNXNGFhS251qdGQEyJTGdQ="},"chainType":1,"messageKeys":{}}},"pendingPreKey":{"signedKeyId":33,"baseKey":"BZrInmkw//Sa4lhueqBC+1n/u2H3XZI9zX3zpja3r9w0","preKeyId":7138830}}},"version":"v1"}