{"_sessions":{"BTgyp76c2/E0Vq/hPnbaD/1opJBlmibnhBs/66R4k0Ak":{"registrationId":873991549,"currentRatchet":{"ephemeralKeyPair":{"pubKey":"BUY1Jncl7n/N1a8EaOMSmSSFRl79TO8B8avQVkG8nMoo","privKey":"IC14OqYKeT9UOBz26EPBlZpzlbi/O8PAmMzDauYjRGA="},"lastRemoteEphemeralKey":"BVGsFb8lHIvm6G+vYKfc7/+mnLaVfUaGq2y2QawPTHll","previousCounter":0,"rootKey":"HAyqu27A+VC/WJa/inWGuCPLN41sQxldwsFfGHCA2AA="},"indexInfo":{"baseKey":"BTgyp76c2/E0Vq/hPnbaD/1opJBlmibnhBs/66R4k0Ak","baseKeyType":1,"closed":-1,"used":1734398773202,"created":1734398773202,"remoteIdentityKey":"BUa/i8c5mWz+ywP2VWx8vhZVmJag6ALt/uuCXKr6dz4I"},"_chains":{"BUY1Jncl7n/N1a8EaOMSmSSFRl79TO8B8avQVkG8nMoo":{"chainKey":{"counter":0,"key":"VD+GuGmC5bCj8aJ9TTGTli0AkI2+oXHAAS0pFNFklLc="},"chainType":1,"messageKeys":{}}},"pendingPreKey":{"signedKeyId":0,"baseKey":"BTgyp76c2/E0Vq/hPnbaD/1opJBlmibnhBs/66R4k0Ak","preKeyId":14839589}}},"version":"v1"}