{"_sessions":{"BS6Oe4qJhCjP0KMXa3uxk0zCGJ8bKWMvEDl0mkdExq47":{"registrationId":1845908495,"currentRatchet":{"ephemeralKeyPair":{"pubKey":"BX3G7CHGe7cmydX6aEO3PbK+W4eYIPm1vy91ddRafftL","privKey":"kGpDJ/D5mEDKJCeKYTsJ8P0BECKRPFA97JCq+Vq/8E8="},"lastRemoteEphemeralKey":"BVFfgm45W97bU+/DT5OR+moMw4Ro1gxyIlHlfQOWyIpK","previousCounter":0,"rootKey":"+UBKDMwmiXT29eGF6GXtpT0J61J4JGFMKwVqsaY10wY="},"indexInfo":{"baseKey":"BS6Oe4qJhCjP0KMXa3uxk0zCGJ8bKWMvEDl0mkdExq47","baseKeyType":1,"closed":-1,"used":1734398771356,"created":1734398771356,"remoteIdentityKey":"BYhHR/zXhiIebAe8K/y+ASW8Dqf5wsYJbNv63+bYLbhf"},"_chains":{"BX3G7CHGe7cmydX6aEO3PbK+W4eYIPm1vy91ddRafftL":{"chainKey":{"counter":0,"key":"6DV5RBX7SvoUsBcvcSFgPuiryV7OQVkJtV4ZTsfdOJs="},"chainType":1,"messageKeys":{}}},"pendingPreKey":{"signedKeyId":7,"baseKey":"BS6Oe4qJhCjP0KMXa3uxk0zCGJ8bKWMvEDl0mkdExq47","preKeyId":11695850}}},"version":"v1"}