{"_sessions":{"BUd4boK4lIa7NYSn/KQupM17IyNkK72ydYa/1XA5bAYH":{"registrationId":407509302,"currentRatchet":{"ephemeralKeyPair":{"pubKey":"BUniKsRJpJkApgoeiMtAZRk3gCkIJlv8OurPeust+sA/","privKey":"WJKOLBaasvyFWs2wy7uzDimaKQ2DQu/FORtAMzG2EXI="},"lastRemoteEphemeralKey":"BTwZnqDSceGPpjkvkUHhv6Dfmycj1nCFHk1hSH+inTZq","previousCounter":0,"rootKey":"h8jrHV3IGt5j/vOGa1sK4ZesHZxKckF3CPHAoSVlAhs="},"indexInfo":{"baseKey":"BUd4boK4lIa7NYSn/KQupM17IyNkK72ydYa/1XA5bAYH","baseKeyType":1,"closed":-1,"used":1734398780460,"created":1734398780460,"remoteIdentityKey":"BQHJAjMSkJ7xET27nPTBaR/GMeHfycIYlx4R8R8AEr8l"},"_chains":{"BUniKsRJpJkApgoeiMtAZRk3gCkIJlv8OurPeust+sA/":{"chainKey":{"counter":0,"key":"gXxamAa2xjIJO8qs79FFXn38XE4geoFVbj51FvcaEgI="},"chainType":1,"messageKeys":{}}},"pendingPreKey":{"signedKeyId":3,"baseKey":"BUd4boK4lIa7NYSn/KQupM17IyNkK72ydYa/1XA5bAYH","preKeyId":5997059}}},"version":"v1"}