{"_sessions":{"BQ2nLN/E6GuPajXBu4qGq87AN3N0s57DRL8X+VlB8QpG":{"registrationId":1605441539,"currentRatchet":{"ephemeralKeyPair":{"pubKey":"BVU1zWc5PawGsRYUhlCQ8SUOhc7JEZchhj0vreXtsFBy","privKey":"KDcIftdPTp6H0X//EIk8FlbMrDqDZuLhLJzsjwzb+Vo="},"lastRemoteEphemeralKey":"BawRwBQfocixHUvBQ3y3QZE/TJoFyGxCDC30XiBiqYhu","previousCounter":0,"rootKey":"LWtzhQiTf3r1cWGe0GvazyB19FSSX40KfoflIpp61pk="},"indexInfo":{"baseKey":"BQ2nLN/E6GuPajXBu4qGq87AN3N0s57DRL8X+VlB8QpG","baseKeyType":1,"closed":-1,"used":1734398775802,"created":1734398775802,"remoteIdentityKey":"BXq3H30wCnGkIPihvP1M2bJhwGpUY9luLLYvVXMlM2wH"},"_chains":{"BVU1zWc5PawGsRYUhlCQ8SUOhc7JEZchhj0vreXtsFBy":{"chainKey":{"counter":0,"key":"ZeRsuMnyZZHW9wGUrKH9aVLS0EqJERP5bzkAsnmrxhk="},"chainType":1,"messageKeys":{}}},"pendingPreKey":{"signedKeyId":4,"baseKey":"BQ2nLN/E6GuPajXBu4qGq87AN3N0s57DRL8X+VlB8QpG","preKeyId":2041920}}},"version":"v1"}