{"_sessions":{"BQGB60aZx74q3Yt48UeOWt23onFyFydJzwVDdcTiblxM":{"registrationId":2052341408,"currentRatchet":{"ephemeralKeyPair":{"pubKey":"Bd9XkwjkjIdNu3IY1WE9z+FvNmCmTut89MjEHCMyaI1h","privKey":"EK87S33WfZlOfr2JRLMMYc0sYjhb4OjQhsWPMsyeDEQ="},"lastRemoteEphemeralKey":"BapZiAKt+/eq9fYKiqnqZWOJT75Jjv+Gw/ihAWC3rC0K","previousCounter":0,"rootKey":"oVQEqs5gY3JymDxzAdWruVLfdhv01Hc59GvPN6d/dms="},"indexInfo":{"baseKey":"BQGB60aZx74q3Yt48UeOWt23onFyFydJzwVDdcTiblxM","baseKeyType":1,"closed":-1,"used":1734398771445,"created":1734398771445,"remoteIdentityKey":"BbKxvzz/lV7bQWDtQCwM8cqvcgb2XpnMB6VkK9urnmxt"},"_chains":{"Bd9XkwjkjIdNu3IY1WE9z+FvNmCmTut89MjEHCMyaI1h":{"chainKey":{"counter":0,"key":"b1n5RwnZG15IcqeJcwv04JRwc3l+ffkCQJDq0XvTcxs="},"chainType":1,"messageKeys":{}}},"pendingPreKey":{"signedKeyId":2,"baseKey":"BQGB60aZx74q3Yt48UeOWt23onFyFydJzwVDdcTiblxM","preKeyId":10667380}}},"version":"v1"}