{"_sessions":{"BVDGU3N3UCNUyL05ivPHpbA4tqt421hxM1dow0ElcgVp":{"registrationId":1340452843,"currentRatchet":{"ephemeralKeyPair":{"pubKey":"BbIL9Ql+qrw+SBuvzE7uKd8jWWHBqmWHy1ZRIRc7ZHAz","privKey":"4Heydyl3rLxnsa02636hNSPV2ZggPPenzudD8fk3XFM="},"lastRemoteEphemeralKey":"BdwG8UGNt2LFua7lxv7eNx/uzfzTvf+JDS+caORZljU6","previousCounter":0,"rootKey":"/ouObxFVKRcPjgm8t1Ixn2SVnZq4i6ypHotllz6y2Fc="},"indexInfo":{"baseKey":"BVDGU3N3UCNUyL05ivPHpbA4tqt421hxM1dow0ElcgVp","baseKeyType":1,"closed":-1,"used":1734398778372,"created":1734398778372,"remoteIdentityKey":"BVT2opv5tFuSWOfnyjzeWHd8mgVgQ/mXnPozQE7KbmkU"},"_chains":{"BbIL9Ql+qrw+SBuvzE7uKd8jWWHBqmWHy1ZRIRc7ZHAz":{"chainKey":{"counter":0,"key":"X4dm3qE9o505i+kQc17cP40JM5P0yDgMCnVRd4xEcqk="},"chainType":1,"messageKeys":{}}},"pendingPreKey":{"signedKeyId":4,"baseKey":"BVDGU3N3UCNUyL05ivPHpbA4tqt421hxM1dow0ElcgVp","preKeyId":9902860}}},"version":"v1"}