{"_sessions":{"BdVr/aXf8Ad6qif8cn8QwuOPLEyaf2ieEokvMaklDDtp":{"registrationId":662747310,"currentRatchet":{"ephemeralKeyPair":{"pubKey":"Bd18GP4f2AEDrvQpjANs9ZNkZaf92tEJSxx6ZMVe5wAW","privKey":"yBUETnXcuLsrYNv2v98fZyfQhfGt2BN35kjTTK8X6HU="},"lastRemoteEphemeralKey":"BdRiXbr/+1VDlW6p5JPeizqLBuoqP7qWWvtuvlxQI8ET","previousCounter":0,"rootKey":"B9Xk6N0FjycwJCXoP0pHuM8OxG6ko5ICU7xJR9KSBT4="},"indexInfo":{"baseKey":"BdVr/aXf8Ad6qif8cn8QwuOPLEyaf2ieEokvMaklDDtp","baseKeyType":1,"closed":-1,"used":1734398778172,"created":1734398778172,"remoteIdentityKey":"BXHEBj5ud2X7qwaq+MuSaAETJqqmzraAVkkj8gMmU4kV"},"_chains":{"Bd18GP4f2AEDrvQpjANs9ZNkZaf92tEJSxx6ZMVe5wAW":{"chainKey":{"counter":0,"key":"fMrtUNqJt8hgDOw3aAJvQYQTkW1rnytpsANLOYcNuPk="},"chainType":1,"messageKeys":{}}},"pendingPreKey":{"signedKeyId":1,"baseKey":"BdVr/aXf8Ad6qif8cn8QwuOPLEyaf2ieEokvMaklDDtp","preKeyId":10014021}}},"version":"v1"}