{"_sessions":{"BdpNLUj6wHvn8azcvOXyYjxgpRJ/GWx0lhEv/j6qql0O":{"registrationId":202048939,"currentRatchet":{"ephemeralKeyPair":{"pubKey":"BWwrrDfrd5sZd0hfQsrVtU+LfzYMMaiNeey3oJwUDEkU","privKey":"WAefFGwDxW6DOdwBWB80uUObDvZ8/3B4LxjAelIMikA="},"lastRemoteEphemeralKey":"BbKD7h92uGED5udIb7CCy7JbgJYqaxNndyJdRPHpnINW","previousCounter":0,"rootKey":"4kr50Up2V9sq8mNyve7SjrRE1aatOaQdtySuNEgP+ws="},"indexInfo":{"baseKey":"BdpNLUj6wHvn8azcvOXyYjxgpRJ/GWx0lhEv/j6qql0O","baseKeyType":1,"closed":-1,"used":1734398778366,"created":1734398778366,"remoteIdentityKey":"BR7Zmb7plPCw148xo4Fz0+OZvNkFY4F1p4LGb3yhXSYk"},"_chains":{"BWwrrDfrd5sZd0hfQsrVtU+LfzYMMaiNeey3oJwUDEkU":{"chainKey":{"counter":0,"key":"1r1sKk5WqW1XFwa5S0/F4aXDYrol2DZ1o22wwo2ZIh0="},"chainType":1,"messageKeys":{}}},"pendingPreKey":{"signedKeyId":2,"baseKey":"BdpNLUj6wHvn8azcvOXyYjxgpRJ/GWx0lhEv/j6qql0O","preKeyId":13500429}}},"version":"v1"}