{"_sessions":{"Ba2N+ME3XVzn4Qnk7CX36+1laacAglRbaneGiuK6CwBv":{"registrationId":1353043123,"currentRatchet":{"ephemeralKeyPair":{"pubKey":"Bdl7DvqsIsc57ca1A6THuh4fMjfTPUkC7aG+F8KqtvkR","privKey":"YPl/96iSF3FmTtG97LgNmYN/a27K0ZqScf4laaCz8n8="},"lastRemoteEphemeralKey":"BdR3Rt1RqG1z63L39LCEyQ81IWnjXUPt7fqoP2A4mq0H","previousCounter":0,"rootKey":"Pn5rUwOmO2xwcwqqJs5c0MZ9FmakTPK8WUED0zobQrc="},"indexInfo":{"baseKey":"Ba2N+ME3XVzn4Qnk7CX36+1laacAglRbaneGiuK6CwBv","baseKeyType":1,"closed":-1,"used":1734398566820,"created":1734398566820,"remoteIdentityKey":"BVGwvCRy2VvBxSP3L7jp10NAlMY9uz3I5XqVpR3f4LR9"},"_chains":{"Bdl7DvqsIsc57ca1A6THuh4fMjfTPUkC7aG+F8KqtvkR":{"chainKey":{"counter":9,"key":"403AMuIh4MUCJQSITJ5LtErO0TwEtzAvYoafcjX9RgQ="},"chainType":1,"messageKeys":{}}},"pendingPreKey":{"signedKeyId":15,"baseKey":"Ba2N+ME3XVzn4Qnk7CX36+1laacAglRbaneGiuK6CwBv","preKeyId":11377761}}},"version":"v1"}