{"_sessions":{"BdhMYP5ctJ8GG8iuQ+9kvjbSI2/QiLT/3S2LjNMU33oY":{"registrationId":2948,"currentRatchet":{"ephemeralKeyPair":{"pubKey":"BdLm6oOO6Z+xR9LMo3sQ4mI/dEw0qm3rvy0dKECS33ZE","privKey":"eNzQT6YcEtBI49iQW/+nE8rpB4ysfSVKUzQu31pfjFw="},"lastRemoteEphemeralKey":"BUsdve8dUnd5vGuHO599AeyWDuXhOXHaM5XgjP05F8US","previousCounter":0,"rootKey":"8UOJUfIf3kHatPqLX2TsCPsZZ5BdKeELWXQsxpx34zs="},"indexInfo":{"baseKey":"BdhMYP5ctJ8GG8iuQ+9kvjbSI2/QiLT/3S2LjNMU33oY","baseKeyType":1,"closed":-1,"used":1734398771262,"created":1734398771262,"remoteIdentityKey":"BUQJ6BlVVzMyEq2Qnu3JGZ9IwpZhE/P0HvfTaDdtRrMr"},"_chains":{"BdLm6oOO6Z+xR9LMo3sQ4mI/dEw0qm3rvy0dKECS33ZE":{"chainKey":{"counter":0,"key":"nvaGh9BlMX6s+JcAWApUAUVM/6upIlBEnPYN4oun8Ds="},"chainType":1,"messageKeys":{}}},"pendingPreKey":{"signedKeyId":1,"baseKey":"BdhMYP5ctJ8GG8iuQ+9kvjbSI2/QiLT/3S2LjNMU33oY"}}},"version":"v1"}