{"_sessions":{"BcYk8vXWSwAsRTH72+QPgO899RZ4t1dmvw6lLLihMcUH":{"registrationId":621926060,"currentRatchet":{"ephemeralKeyPair":{"pubKey":"BczCqhudYphLtopbNkhiGhkA4IsPKzRE1LkqytVIilBw","privKey":"4NmnnbZKRWh0TH8fa2KyVYDqbLrQGLOQuq+hcaIV/3w="},"lastRemoteEphemeralKey":"BUVsBbN/yMwdS8sykUUKUkdQ7xQN22IW3L1q1Y8PyhU5","previousCounter":0,"rootKey":"HonWvVFfiNRC6OEgVqyUZDUw/4y5m3CcJx7siwyH5Vs="},"indexInfo":{"baseKey":"BcYk8vXWSwAsRTH72+QPgO899RZ4t1dmvw6lLLihMcUH","baseKeyType":1,"closed":-1,"used":1734398773176,"created":1734398773176,"remoteIdentityKey":"BXHGK/gIoCf+OBEVy9/saCI1UklCJqJN6IWCToA9gQ12"},"_chains":{"BczCqhudYphLtopbNkhiGhkA4IsPKzRE1LkqytVIilBw":{"chainKey":{"counter":0,"key":"HnL1mf00wO66KYpROc2ni7Fr24ZfWh1ZPcAuJhwgLgo="},"chainType":1,"messageKeys":{}}},"pendingPreKey":{"signedKeyId":5,"baseKey":"BcYk8vXWSwAsRTH72+QPgO899RZ4t1dmvw6lLLihMcUH"}}},"version":"v1"}