{"_sessions":{"BRDaeSFFVLNMp7cJADEYchs9GjdgP722MqcNCd+hWoN7":{"registrationId":1186341980,"currentRatchet":{"ephemeralKeyPair":{"pubKey":"Bb84HCf/h55jrGIZvO9oSdteyWFMjhKk7BhtlRmhzydE","privKey":"GEbCoKC74d3BjsfjYAL+mOy00KBwy2y2RoteeCB0s18="},"lastRemoteEphemeralKey":"BVKeUbgbTmSDD8zNSkn+VwBcm5h4WhxnIkvlz0EbvWFu","previousCounter":0,"rootKey":"DSN15sfQ6r6Dms10fv5UbRchdKpiQGRWWaBuKbM1gqQ="},"indexInfo":{"baseKey":"BRDaeSFFVLNMp7cJADEYchs9GjdgP722MqcNCd+hWoN7","baseKeyType":1,"closed":-1,"used":1734398773047,"created":1734398773047,"remoteIdentityKey":"BfZ89amkw+B5VjDPKs3Ii2LUNdGogk5sxG7iTDwBFfMB"},"_chains":{"Bb84HCf/h55jrGIZvO9oSdteyWFMjhKk7BhtlRmhzydE":{"chainKey":{"counter":0,"key":"M7X+Ak98KsLRs4c5rKPCJ1DEFWz+vDjrKV/P/1k4BVw="},"chainType":1,"messageKeys":{}}},"pendingPreKey":{"signedKeyId":7,"baseKey":"BRDaeSFFVLNMp7cJADEYchs9GjdgP722MqcNCd+hWoN7","preKeyId":16448329}}},"version":"v1"}