{"_sessions":{"BTIJEln6bVWIg4NYxWEBs1sNqrASKF4UpoVhrgS1uM1X":{"registrationId":852121582,"currentRatchet":{"ephemeralKeyPair":{"pubKey":"BY+YOvy6GHe9DzwOpgy0AYG1eSDSP+nK1tlxVDxpEcdF","privKey":"+Ce2N39Wv0k81+qSTZqIEYR3PkPr9HAYo23WVR/FQHs="},"lastRemoteEphemeralKey":"BYr/2+Gq4lK+BE91LS/D3qTGStVtM43/25ue0kI2cuFh","previousCounter":0,"rootKey":"apwdTP1jAzBgplnPPkBz+pikeW6UtzzgDIhsMUmWEc4="},"indexInfo":{"baseKey":"BTIJEln6bVWIg4NYxWEBs1sNqrASKF4UpoVhrgS1uM1X","baseKeyType":1,"closed":-1,"used":1734398771229,"created":1734398771229,"remoteIdentityKey":"BWVBcDK0xUJw0QtUnHS+ZeiQGNpuaA7uHR0DYd6/CpZ9"},"_chains":{"BY+YOvy6GHe9DzwOpgy0AYG1eSDSP+nK1tlxVDxpEcdF":{"chainKey":{"counter":0,"key":"XQPRyEI/NbVGP7Xd9RW7iVBZwzRcUx8GDEXbnJtxEhg="},"chainType":1,"messageKeys":{}}},"pendingPreKey":{"signedKeyId":1,"baseKey":"BTIJEln6bVWIg4NYxWEBs1sNqrASKF4UpoVhrgS1uM1X","preKeyId":15949907}}},"version":"v1"}