{"_sessions":{"Beaw2lUz0uNTQE7Jd1nNVB3JnzUFDaP6lhtHKT1n6Ncx":{"registrationId":323314226,"currentRatchet":{"ephemeralKeyPair":{"pubKey":"BdNh8wmfj2SihDtMBU9G2/eNzL+hobIBPFRVxKlx4AY6","privKey":"KPVpYIIy+nvViWcJubrUoyqhwMeOvvZuZjeDtdhEiHw="},"lastRemoteEphemeralKey":"Bdhjr7qKakmI9BTTkEr8vWUoHSjzzdbnQqecyVGub3sN","previousCounter":0,"rootKey":"pcVUhPzcRWNbwDAGTRksBFkDEiM7sFSbdz1owGqeI+Q="},"indexInfo":{"baseKey":"Beaw2lUz0uNTQE7Jd1nNVB3JnzUFDaP6lhtHKT1n6Ncx","baseKeyType":1,"closed":-1,"used":1734398773116,"created":1734398773116,"remoteIdentityKey":"BVIq7UFu2OckbrEYtZ9gksrLEKVE8IRaRqbDTU2glwl4"},"_chains":{"BdNh8wmfj2SihDtMBU9G2/eNzL+hobIBPFRVxKlx4AY6":{"chainKey":{"counter":0,"key":"shASjOwCm/GwPpnAaWN/QTKdvGOwFHMINfuQ/xwtdLw="},"chainType":1,"messageKeys":{}}},"pendingPreKey":{"signedKeyId":15,"baseKey":"Beaw2lUz0uNTQE7Jd1nNVB3JnzUFDaP6lhtHKT1n6Ncx","preKeyId":5115466}}},"version":"v1"}