{"_sessions":{"BXDmesReqZdY59/bBTm2SjJpW9BnFlgBrjBjV3Qkuqsy":{"registrationId":890696848,"currentRatchet":{"ephemeralKeyPair":{"pubKey":"BTvAbuSr3UnAHPiIzjzGZgvfEDR9NS+gu86Uy1QSn6xb","privKey":"EHZzHBIiOxOMabzvt9jHJPHTXqLrgITUcUxrQ6LDFHU="},"lastRemoteEphemeralKey":"BTBCi/jP1tDG+i0052iyb1tYvHXXrXXjO3A0pkmbPiRg","previousCounter":0,"rootKey":"ksSrjFdIFJNFN9UVO1dlhAg4A5VcIDMd7OAgBPmKmWE="},"indexInfo":{"baseKey":"BXDmesReqZdY59/bBTm2SjJpW9BnFlgBrjBjV3Qkuqsy","baseKeyType":1,"closed":-1,"used":1734398771380,"created":1734398771380,"remoteIdentityKey":"BWXJSdY/ZBUJi4RMKDj14melQr2zo2RB2QgUxKlFcZ5P"},"_chains":{"BTvAbuSr3UnAHPiIzjzGZgvfEDR9NS+gu86Uy1QSn6xb":{"chainKey":{"counter":0,"key":"rWFN0uXbOQF/zomqtM+KSbG/FDbdP5Sy/T0hkp/nQdA="},"chainType":1,"messageKeys":{}}},"pendingPreKey":{"signedKeyId":18,"baseKey":"BXDmesReqZdY59/bBTm2SjJpW9BnFlgBrjBjV3Qkuqsy","preKeyId":1552775}}},"version":"v1"}