{"_sessions":{"BVAGemFXShzMG3Obbdj6vpytvPQ9LjetkirPLCsMTmdJ":{"registrationId":949965768,"currentRatchet":{"ephemeralKeyPair":{"pubKey":"BX7HPeykhuOsf4/95Fbb2BbjHAZDck411KOK7aZs4xI2","privKey":"CJhgmT1bwBvpyLnuNR2fMXtZ3TMI1lP8RnszIci+rkc="},"lastRemoteEphemeralKey":"BZ1j+engNZIA7DFlEgeXMSfYq1pK39+eI8RCpQmcgCkr","previousCounter":0,"rootKey":"YdH/DO1VSRttbt9jXHEnSP1gT8uPmAdNAFHcaatqSAs="},"indexInfo":{"baseKey":"BVAGemFXShzMG3Obbdj6vpytvPQ9LjetkirPLCsMTmdJ","baseKeyType":1,"closed":-1,"used":1734398780401,"created":1734398780401,"remoteIdentityKey":"Be+nPEBrmzlSnndJl3D6mFbOR4skWvXSNX9JjWNBGiF7"},"_chains":{"BX7HPeykhuOsf4/95Fbb2BbjHAZDck411KOK7aZs4xI2":{"chainKey":{"counter":0,"key":"BjDHVhQluAwg5pDbdvtmoljm9qmM46R/C/xwox8v0+U="},"chainType":1,"messageKeys":{}}},"pendingPreKey":{"signedKeyId":2,"baseKey":"BVAGemFXShzMG3Obbdj6vpytvPQ9LjetkirPLCsMTmdJ"}}},"version":"v1"}