{"_sessions":{"BR1dErZPeHckQBjRoNiRqQXoJQr4HFdfrOR+253y08pg":{"registrationId":1988997259,"currentRatchet":{"ephemeralKeyPair":{"pubKey":"Ban49ltIM1y66txbeGrAuOG3u0d3O+fFcbvbgWEaCwkZ","privKey":"6JStqYVFBjlOloVy2KfR8ncV2WOZvRK7fKXH/4mUg0k="},"lastRemoteEphemeralKey":"BQcEw726Lo9/EEdk/+cLluScTeANbq1IOYWDRKQ7XSYN","previousCounter":0,"rootKey":"gt7ZyLDEDT5s3G46mBWw2F+6WtjmFLHnk+mRrBYSOlM="},"indexInfo":{"baseKey":"BR1dErZPeHckQBjRoNiRqQXoJQr4HFdfrOR+253y08pg","baseKeyType":1,"closed":-1,"used":1734398771349,"created":1734398771349,"remoteIdentityKey":"Bc4rPdAZ+udI7gEJfKKcsFYizDBmUOi0PWx36fsz8qQP"},"_chains":{"Ban49ltIM1y66txbeGrAuOG3u0d3O+fFcbvbgWEaCwkZ":{"chainKey":{"counter":0,"key":"gI1uFaQIqr98PKLDrk9m5XjIy22xsjmN9aRWT20UjIs="},"chainType":1,"messageKeys":{}}},"pendingPreKey":{"signedKeyId":1,"baseKey":"BR1dErZPeHckQBjRoNiRqQXoJQr4HFdfrOR+253y08pg","preKeyId":9377838}}},"version":"v1"}