{"_sessions":{"BUoJsyiotIi0BgvWfC1WwmYHVGG0jxKKvknJkq+7+ylA":{"registrationId":559608876,"currentRatchet":{"ephemeralKeyPair":{"pubKey":"BVVq3dvDlBY42Ows/iIoM5xbC5E1nCjkfm2GlgfY+e47","privKey":"6IaAs/nbGcK6Vhi6FtOrAFbE87c1NQ9czK78NiWrynA="},"lastRemoteEphemeralKey":"Bac87Ygvzhwv3giv8k22BOe2rmUwxyfZ9XPMKPX9E7F+","previousCounter":0,"rootKey":"GCkh8Rs86CAugMEmGTB62gN7yrtNKTuzbVorSt3FOd8="},"indexInfo":{"baseKey":"BUoJsyiotIi0BgvWfC1WwmYHVGG0jxKKvknJkq+7+ylA","baseKeyType":1,"closed":-1,"used":1734398771434,"created":1734398771434,"remoteIdentityKey":"BTnONwzejEmON3gn3IWJGwzsZyDZaPMAGISx+xYYHAI2"},"_chains":{"BVVq3dvDlBY42Ows/iIoM5xbC5E1nCjkfm2GlgfY+e47":{"chainKey":{"counter":0,"key":"ltTwcI2kbGD7Tfx6ugiYyljs4Z9REsDKONlp+dMgoXA="},"chainType":1,"messageKeys":{}}},"pendingPreKey":{"signedKeyId":11,"baseKey":"BUoJsyiotIi0BgvWfC1WwmYHVGG0jxKKvknJkq+7+ylA","preKeyId":15242822}}},"version":"v1"}