{"_sessions":{"BXTVRkEYuxaG6jUYWP9rJBs4esg+jjjFnqV866x5rk0B":{"registrationId":1596492640,"currentRatchet":{"ephemeralKeyPair":{"pubKey":"BbooiDt0HTCD36awYf3+pAfqvJj9iitjOvlVhPfzPH4z","privKey":"MCjr/bIBO69uzq1FkCR5SGXALaO/NAl3CMV1rLsNqWs="},"lastRemoteEphemeralKey":"BSDlvxy+xuwycUa+pOOZr+nuRVJOIb4MnmSryIcvNBMw","previousCounter":0,"rootKey":"8ndwnbZQNKx6+43kXPxjuwlSBQ8u+TCq2z5YG2To9Ck="},"indexInfo":{"baseKey":"BXTVRkEYuxaG6jUYWP9rJBs4esg+jjjFnqV866x5rk0B","baseKeyType":1,"closed":-1,"used":1734398775709,"created":1734398775709,"remoteIdentityKey":"BSrkUP0mSqYRgvxB4FowL0tbBWC55Kaiz3SusYEzLiMW"},"_chains":{"BbooiDt0HTCD36awYf3+pAfqvJj9iitjOvlVhPfzPH4z":{"chainKey":{"counter":0,"key":"cZ2hj8Dn1aCEN4rDTHbW8AfDFjBr4oK3EabcWSr0p6M="},"chainType":1,"messageKeys":{}}},"pendingPreKey":{"signedKeyId":1,"baseKey":"BXTVRkEYuxaG6jUYWP9rJBs4esg+jjjFnqV866x5rk0B","preKeyId":12089308}}},"version":"v1"}