{"_sessions":{"BUdeUgMNud7CzdSl7NYReeSjGozW9syrkzfNW8MIBjJO":{"registrationId":1856409687,"currentRatchet":{"ephemeralKeyPair":{"pubKey":"Bcc0LB1CEDub5X6rDDo3f31Sa6Tcd9wkCevAYUix/n1g","privKey":"8NaVoK0xVjaYTIr/w3hnUxIvtd/PhUNMKumPvdqRG2U="},"lastRemoteEphemeralKey":"BSWp9J17w/PDKSSeZVf2XdfgHMUdwkL/SsJ0vYkZXfAS","previousCounter":0,"rootKey":"8RB1q+deHR16z/00kZXd8Zxwu63y2/4M+odSBn1Z+Fo="},"indexInfo":{"baseKey":"BUdeUgMNud7CzdSl7NYReeSjGozW9syrkzfNW8MIBjJO","baseKeyType":1,"closed":-1,"used":1734398775626,"created":1734398775626,"remoteIdentityKey":"BWzGwKcl+V2crVGEHEvob1M7HCkGdOZCEbt+gAZ/dIEw"},"_chains":{"Bcc0LB1CEDub5X6rDDo3f31Sa6Tcd9wkCevAYUix/n1g":{"chainKey":{"counter":0,"key":"zvqt6s49JLoCiWOlwOg+ZSIPvBDMvqf1F0LNyjQk7R8="},"chainType":1,"messageKeys":{}}},"pendingPreKey":{"signedKeyId":6,"baseKey":"BUdeUgMNud7CzdSl7NYReeSjGozW9syrkzfNW8MIBjJO","preKeyId":14795264}}},"version":"v1"}