{"_sessions":{"BY6JmmcEn2YdJ83PXKdjEMGzlczp+lVqPrq6LIEIg5AP":{"registrationId":2026155777,"currentRatchet":{"ephemeralKeyPair":{"pubKey":"Bb4r+9JmXm+lg+uLYmaypzQBKBEvNdpP23UpFWskxakh","privKey":"SOxACbP99bzEIqb3p9BwXkQ11wgRN79LwQw30TSTSn8="},"lastRemoteEphemeralKey":"BSfvUWJCs5OWoobhwaz3dPTvf+nhoAILbdMxes5bNIBJ","previousCounter":0,"rootKey":"p82VDp719A8+ZIlWohrIWnKRRao8rrq77BqSSa6BUUQ="},"indexInfo":{"baseKey":"BY6JmmcEn2YdJ83PXKdjEMGzlczp+lVqPrq6LIEIg5AP","baseKeyType":1,"closed":-1,"used":1734398775799,"created":1734398775799,"remoteIdentityKey":"BbZspahTO707yPJHgxJZqf+FR/obmcslJBnj0j4e2qcQ"},"_chains":{"Bb4r+9JmXm+lg+uLYmaypzQBKBEvNdpP23UpFWskxakh":{"chainKey":{"counter":0,"key":"5HN9/F9MbEdBgGUq3Hi3XGm5wPcv827dCm90gH7oAoE="},"chainType":1,"messageKeys":{}}},"pendingPreKey":{"signedKeyId":5,"baseKey":"BY6JmmcEn2YdJ83PXKdjEMGzlczp+lVqPrq6LIEIg5AP","preKeyId":1752025}}},"version":"v1"}