{"_sessions":{"BWg1m7B9SRnoQ/l7eLJW0sgXVeJzNWN7d32pYdI989p5":{"registrationId":916177630,"currentRatchet":{"ephemeralKeyPair":{"pubKey":"BcQ/ILvFFF+1SENfHl8hISyFZBbTgrc8FlrBsF00VA5m","privKey":"OKX0OLstMDwADwlUPgvdUajgnAZkDgWJViuk5DOkEGc="},"lastRemoteEphemeralKey":"BdS09IdcxLaqRPM7OahpIinggOaWkfXOZ6QAvAyOBcET","previousCounter":0,"rootKey":"qxSfwkWbhJIvhe3IUp+es1ZXbT1eHXpWl+7tgEaBBiQ="},"indexInfo":{"baseKey":"BWg1m7B9SRnoQ/l7eLJW0sgXVeJzNWN7d32pYdI989p5","baseKeyType":1,"closed":-1,"used":1734398771403,"created":1734398771403,"remoteIdentityKey":"BaSAjxZmVKz675XnmfiyAsgSaNW6MhZwA8Rtjo/JbggP"},"_chains":{"BcQ/ILvFFF+1SENfHl8hISyFZBbTgrc8FlrBsF00VA5m":{"chainKey":{"counter":0,"key":"FTuS0INf2jk8Un6wE50vCVY7W2H0IgbBU47g6mVPLeI="},"chainType":1,"messageKeys":{}}},"pendingPreKey":{"signedKeyId":0,"baseKey":"BWg1m7B9SRnoQ/l7eLJW0sgXVeJzNWN7d32pYdI989p5","preKeyId":14453440}}},"version":"v1"}