{"_sessions":{"BTLfGa+OTN0qEtZHm4QAAtdSEhPSkaCg4snqblSkhsx0":{"registrationId":1081054619,"currentRatchet":{"ephemeralKeyPair":{"pubKey":"Bc7eFpBvAttfnmDl3tRFe1b8IQawwMfP8q62DgfSyaxR","privKey":"yGkX0MK74nndicZYoSM4pAUi6Y6NrK0zRWslLTanl38="},"lastRemoteEphemeralKey":"BeqiRccaWJyz1kOsTa4B1libAnXpoXZtCdy2xxKhwGAG","previousCounter":0,"rootKey":"Y+RZ6McYUN6NggOSSd83c1Qkv+aJZCbcegP8uk9EBY8="},"indexInfo":{"baseKey":"BTLfGa+OTN0qEtZHm4QAAtdSEhPSkaCg4snqblSkhsx0","baseKeyType":1,"closed":-1,"used":1734398778201,"created":1734398778201,"remoteIdentityKey":"BbjtS5AF/i/DHu4e+Q/VISkWcZ2iopJDWa4FhNw+NrEw"},"_chains":{"Bc7eFpBvAttfnmDl3tRFe1b8IQawwMfP8q62DgfSyaxR":{"chainKey":{"counter":0,"key":"gWjgRATCswjvMdG4rb3hzmSrHRkQ6yOPUmyKDSUkEfs="},"chainType":1,"messageKeys":{}}},"pendingPreKey":{"signedKeyId":3,"baseKey":"BTLfGa+OTN0qEtZHm4QAAtdSEhPSkaCg4snqblSkhsx0","preKeyId":15573851}}},"version":"v1"}