{"_sessions":{"BRtHe71ZX42dZhrv4Jac+eCrQHbN7ZZFX7kPt+jeN3w+":{"registrationId":880837027,"currentRatchet":{"ephemeralKeyPair":{"pubKey":"BQs/LVYuK09YxBbI4ARPDAuBV5i3upJoA2P+fELP4Bdf","privKey":"6OwZqG+5vasB2+jvGzj6MgDg0bocdtfycU+X+U0kz0I="},"lastRemoteEphemeralKey":"BSjgFqMss8NIbrPHDfzfg4tABD8oJLbR9duI/aZR1apl","previousCounter":0,"rootKey":"ChSBZmZP83OAvWRha/iCinvFu7cIzGWKfSY8oIf+mXQ="},"indexInfo":{"baseKey":"BRtHe71ZX42dZhrv4Jac+eCrQHbN7ZZFX7kPt+jeN3w+","baseKeyType":1,"closed":-1,"used":1734398773237,"created":1734398773237,"remoteIdentityKey":"BYzvJdd6uIVUu0mQHqn5dwelvj956TX9CUf2a4qtOTdn"},"_chains":{"BQs/LVYuK09YxBbI4ARPDAuBV5i3upJoA2P+fELP4Bdf":{"chainKey":{"counter":0,"key":"rgeWx6COpUQcZsU8fSlCc+ilVVkzYv8J3Ww3SiPws0E="},"chainType":1,"messageKeys":{}}},"pendingPreKey":{"signedKeyId":9,"baseKey":"BRtHe71ZX42dZhrv4Jac+eCrQHbN7ZZFX7kPt+jeN3w+","preKeyId":3724677}}},"version":"v1"}