{"_sessions":{"BaNtrLe7PlBQ5PGvXd/qbj8wQ7Chs/MLsD04PSJWF19/":{"registrationId":1372557424,"currentRatchet":{"ephemeralKeyPair":{"pubKey":"BcbeVaJ2Ku8E2HZPvc6DCU1KHIRNUgq28lVHL48PWNRP","privKey":"kOL+m7evHCh6+HaBeEFQgOkBJNtlOlt/bW0Z9rlj02U="},"lastRemoteEphemeralKey":"BT3F4uDkOBQDqCg2Y35lyOhltChUFC890HIQzeRXk8YQ","previousCounter":0,"rootKey":"eU/itjsqd2CuQqG4xmFTRBL9EomDG3neXVtORDtYklg="},"indexInfo":{"baseKey":"BaNtrLe7PlBQ5PGvXd/qbj8wQ7Chs/MLsD04PSJWF19/","baseKeyType":1,"closed":-1,"used":1734398778144,"created":1734398778144,"remoteIdentityKey":"BWJdY0OFLBaPdmPtyojn7DIRcV2QQESXM4Hvp8DD+dEO"},"_chains":{"BcbeVaJ2Ku8E2HZPvc6DCU1KHIRNUgq28lVHL48PWNRP":{"chainKey":{"counter":0,"key":"ZQmLS7kfjYj42FeGW1TcBmDBFYTcodiOkUUTMfCD4PM="},"chainType":1,"messageKeys":{}}},"pendingPreKey":{"signedKeyId":4,"baseKey":"BaNtrLe7PlBQ5PGvXd/qbj8wQ7Chs/MLsD04PSJWF19/","preKeyId":8604225}}},"version":"v1"}