{"_sessions":{"BQ2wyZfS1unT6oD7Uyld4szZxwdZri7nI3wZToi7rIs/":{"registrationId":1719007960,"currentRatchet":{"ephemeralKeyPair":{"pubKey":"BQQ+NF/DkCgb/AEqcO6FiNyB4xzkrxFvDOAbS1qfmXZI","privKey":"kF3OmR8p/nbW7jEW+SO6UBKyeROfr5cXjGVRzbJYx2s="},"lastRemoteEphemeralKey":"BdGHzITOHkMiIAu1rG6nGE7knhjbQnaoy0BSbsruyx83","previousCounter":0,"rootKey":"Da91lBesQbyt9PwntNdXXLyw9uWH1yx35IX7R8gmpD8="},"indexInfo":{"baseKey":"BQ2wyZfS1unT6oD7Uyld4szZxwdZri7nI3wZToi7rIs/","baseKeyType":1,"closed":-1,"used":1734398775629,"created":1734398775629,"remoteIdentityKey":"BW7sBaok+v6KiBxZaVkDSu/K4Reys8bdbuBRcUMRM8VD"},"_chains":{"BQQ+NF/DkCgb/AEqcO6FiNyB4xzkrxFvDOAbS1qfmXZI":{"chainKey":{"counter":0,"key":"QJSd4iB1r36wydJlDXKPIRlbz1vNPEi1nfrEU68/f70="},"chainType":1,"messageKeys":{}}},"pendingPreKey":{"signedKeyId":1,"baseKey":"BQ2wyZfS1unT6oD7Uyld4szZxwdZri7nI3wZToi7rIs/"}}},"version":"v1"}