{"_sessions":{"BXVBukeiKj6kISSsmPeVMLrPV8CZj1dy7+61L03rJ1pv":{"registrationId":527545698,"currentRatchet":{"ephemeralKeyPair":{"pubKey":"BdtjGT130x5jx6KFMM9eNphGSxHoONtoMKDe9aqY+oFh","privKey":"0GGp51HgVdBosVKI8MEUOSj8r8M2JmU4VEKrPrKE5nE="},"lastRemoteEphemeralKey":"BXbmZZnDcRycdgWYqMgG9FpcVgpzn8Ki0Ohs3qAFCr4K","previousCounter":0,"rootKey":"uHC3Dx5yevnWLVQCX55hb3u8FyF2itlnOgWYEyO90yk="},"indexInfo":{"baseKey":"BXVBukeiKj6kISSsmPeVMLrPV8CZj1dy7+61L03rJ1pv","baseKeyType":1,"closed":-1,"used":1734398778207,"created":1734398778207,"remoteIdentityKey":"BTMQXH3941W5KMMf87oN4MhBgck+LE4Qh2wwGVAa88lW"},"_chains":{"BdtjGT130x5jx6KFMM9eNphGSxHoONtoMKDe9aqY+oFh":{"chainKey":{"counter":0,"key":"hYgaDBrjf2nrKOuxaDFRwjc2+VUB4eKO8aj48lKBQ7A="},"chainType":1,"messageKeys":{}}},"pendingPreKey":{"signedKeyId":3,"baseKey":"BXVBukeiKj6kISSsmPeVMLrPV8CZj1dy7+61L03rJ1pv","preKeyId":1410669}}},"version":"v1"}