{"_sessions":{"BTbhDUOgA4y4kBjbKFc6gFluByYs3ko/TWCSxS6JNzIs":{"registrationId":2002679357,"currentRatchet":{"ephemeralKeyPair":{"pubKey":"BSebWiDzKM0PMof9zOpskOOB0s/GJrLZSOtEjnM6CyEt","privKey":"0KJWNJynd1p+YqdERboQMaLa0nQpD7V92qhB+HowwW0="},"lastRemoteEphemeralKey":"BTqzIKUMdpAL7hzTeGJurc/QLRQ6ciyXvKalhc22fARz","previousCounter":0,"rootKey":"DGoROWM/3za9nyGpdOP6DUTzvRgBDteB9gaTeb82b2k="},"indexInfo":{"baseKey":"BTbhDUOgA4y4kBjbKFc6gFluByYs3ko/TWCSxS6JNzIs","baseKeyType":1,"closed":-1,"used":1734398778113,"created":1734398778113,"remoteIdentityKey":"BYgfEA0kfc1AoEUr9k89blOnjTnPznDigBKnwskcZHwG"},"_chains":{"BSebWiDzKM0PMof9zOpskOOB0s/GJrLZSOtEjnM6CyEt":{"chainKey":{"counter":0,"key":"hNNRiyYCEEGXjC72gtpit/ZFTNInkKj1tG+rq6N9Zlc="},"chainType":1,"messageKeys":{}}},"pendingPreKey":{"signedKeyId":16,"baseKey":"BTbhDUOgA4y4kBjbKFc6gFluByYs3ko/TWCSxS6JNzIs","preKeyId":6618055}}},"version":"v1"}