{"_sessions":{"BS3vo0gWZMnRi+BTT1dzuRyohBqb2aNUkIuLOXY9OU4s":{"registrationId":785233913,"currentRatchet":{"ephemeralKeyPair":{"pubKey":"BdSIwQ4o8kVMqIOBteWDgQ+R7AOCyHt1LbqTWofVlqcG","privKey":"eD9GM3qA2gegU2fKRFbdf8eooKqZ0cXhNH0OlLYX90U="},"lastRemoteEphemeralKey":"BZaOD27DPKY17jUvpM4ftGwxu0EI4KRIvtEgsRGznisn","previousCounter":0,"rootKey":"ZoG9wxatyRFqMtr/E3n7cj8gXOfYuZz7QOWXElVD19I="},"indexInfo":{"baseKey":"BS3vo0gWZMnRi+BTT1dzuRyohBqb2aNUkIuLOXY9OU4s","baseKeyType":1,"closed":-1,"used":1734398775539,"created":1734398775539,"remoteIdentityKey":"BZe5OtOZ35rRKQrxjNU/r4Gn6cRfUeZvB249qBMlg6sG"},"_chains":{"BdSIwQ4o8kVMqIOBteWDgQ+R7AOCyHt1LbqTWofVlqcG":{"chainKey":{"counter":0,"key":"7goPRWpr+CJK2X2b81CI1nnhfm7cf8ME0E4n5qCM4Fo="},"chainType":1,"messageKeys":{}}},"pendingPreKey":{"signedKeyId":4,"baseKey":"BS3vo0gWZMnRi+BTT1dzuRyohBqb2aNUkIuLOXY9OU4s","preKeyId":7818732}}},"version":"v1"}