{"_sessions":{"BUrbZnssm9cbrZkI7JPCGsC5352ja8pzO8yxH0TTOC41":{"registrationId":1361382242,"currentRatchet":{"ephemeralKeyPair":{"pubKey":"BRbKYpWaOpA4xBmJQHmTuSDdSlZCyZz4luliGb5Sh6Bj","privKey":"EMyEdfwKbHMxZRNNdjqvBEd4GQ/lwLFRi7ZExb20AmM="},"lastRemoteEphemeralKey":"Bc+/9trsGPIplgylJr4XzWua9GuF0ONrP/m1VA3wQdpY","previousCounter":0,"rootKey":"w/WrO2nKI7MB6oouGLDym8ZUROwPZNfqDydWmJ5QoFw="},"indexInfo":{"baseKey":"BUrbZnssm9cbrZkI7JPCGsC5352ja8pzO8yxH0TTOC41","baseKeyType":1,"closed":-1,"used":1734398775507,"created":1734398775507,"remoteIdentityKey":"BbdGOMGpXDny6q5m7G/S4RyCK6FCEp0wgEoprNWK6AFl"},"_chains":{"BRbKYpWaOpA4xBmJQHmTuSDdSlZCyZz4luliGb5Sh6Bj":{"chainKey":{"counter":0,"key":"nrUihtvq6d1Z6Pxv4SJxtAK5ZPbAta175Loe3cvOZg0="},"chainType":1,"messageKeys":{}}},"pendingPreKey":{"signedKeyId":15,"baseKey":"BUrbZnssm9cbrZkI7JPCGsC5352ja8pzO8yxH0TTOC41","preKeyId":13063089}}},"version":"v1"}