{"_sessions":{"BY71zVE9xiqTqDFg6LYuh3g0NCugfcxDj92XapOwexNH":{"registrationId":1637946763,"currentRatchet":{"ephemeralKeyPair":{"pubKey":"BeyppPK2a+JpvIdf1LO2c8+Y2ObZBVRkCBTaA564qZ4k","privKey":"aF14ioxs67FTHPh8YFmCoWwCPlTmAbXpmgy+N5qLEnM="},"lastRemoteEphemeralKey":"BTQaMpzVZfYKVP7+jnj39q9Tawg/LT0NpFKgwegyQIY0","previousCounter":0,"rootKey":"uqlJivThY6cj8Zv1i3AKWq2QWvv9GMCec/V1W2SquAo="},"indexInfo":{"baseKey":"BY71zVE9xiqTqDFg6LYuh3g0NCugfcxDj92XapOwexNH","baseKeyType":1,"closed":-1,"used":1734398773319,"created":1734398773319,"remoteIdentityKey":"BboKHzKM223T16/02aFGmmqjAuxCB43Z55pFOy5AvrRs"},"_chains":{"BeyppPK2a+JpvIdf1LO2c8+Y2ObZBVRkCBTaA564qZ4k":{"chainKey":{"counter":0,"key":"2J9T7FNlv4Bsc7pU0QBrketoqidJeKpfxQgkwN2eK38="},"chainType":1,"messageKeys":{}}},"pendingPreKey":{"signedKeyId":0,"baseKey":"BY71zVE9xiqTqDFg6LYuh3g0NCugfcxDj92XapOwexNH"}}},"version":"v1"}