{"_sessions":{"Bbd500EUxo+ZpPlORj9JIJJn5lyFmlYNd0K0qSiGjCtp":{"registrationId":316533271,"currentRatchet":{"ephemeralKeyPair":{"pubKey":"BXxk3F7z8IErn8bk9Jk3RWeL5tyt0mDx30MQukJEBCNd","privKey":"uNh6shy8JcGrEMIe7/ZG4jPKbT20amWEBNQ59VMvAHE="},"lastRemoteEphemeralKey":"BQ4xtBnpMhD5Q4dB9LV85F4GZoGMHDscXiKty2FdX+4f","previousCounter":0,"rootKey":"9XiK5WRuThKp/1BRxGt8N2lVGLGadmw3UwAtdUborWc="},"indexInfo":{"baseKey":"Bbd500EUxo+ZpPlORj9JIJJn5lyFmlYNd0K0qSiGjCtp","baseKeyType":1,"closed":-1,"used":1734398775516,"created":1734398775516,"remoteIdentityKey":"BYRKmrdNFrZILJEUjKlBUiSl7i8DBAoazeg8mtGtQqVJ"},"_chains":{"BXxk3F7z8IErn8bk9Jk3RWeL5tyt0mDx30MQukJEBCNd":{"chainKey":{"counter":0,"key":"4jIFVoXf2pFTMp2u3Vlllb924kzz1CTxcbtpRRJAIKk="},"chainType":1,"messageKeys":{}}},"pendingPreKey":{"signedKeyId":0,"baseKey":"Bbd500EUxo+ZpPlORj9JIJJn5lyFmlYNd0K0qSiGjCtp"}}},"version":"v1"}