{"_sessions":{"BSzogApcCxa6fhtRBuXgsRtDyKFWmtTb2gg+h1broclo":{"registrationId":419025661,"currentRatchet":{"ephemeralKeyPair":{"pubKey":"Bb5spN5ftWzdjM0u1ssQvmUot3jsMXXy4xsqCs7ebBNB","privKey":"4Lmnw3GeRZ8K89K+Y8Cdi0Bv7UQm7y747a6ytXmudGk="},"lastRemoteEphemeralKey":"BTtfgts5v4ND+3y9olxlc+kh2OMajE669NXhTvy7SIMA","previousCounter":0,"rootKey":"39kmyu6XPf/38IAlrcRIly2XOE7JdMx1obqNTic23X8="},"indexInfo":{"baseKey":"BSzogApcCxa6fhtRBuXgsRtDyKFWmtTb2gg+h1broclo","baseKeyType":1,"closed":-1,"used":1734398773034,"created":1734398773034,"remoteIdentityKey":"BfT9mBctODgqAEySGhBqSZ6YgM8zegMp+o6M221KLw4V"},"_chains":{"Bb5spN5ftWzdjM0u1ssQvmUot3jsMXXy4xsqCs7ebBNB":{"chainKey":{"counter":0,"key":"NIqmtBI6TC3kGuF88Fa2Lzh3rTg6lLjL7xLbVyqUOBM="},"chainType":1,"messageKeys":{}}},"pendingPreKey":{"signedKeyId":4,"baseKey":"BSzogApcCxa6fhtRBuXgsRtDyKFWmtTb2gg+h1broclo","preKeyId":12088101}}},"version":"v1"}