{"_sessions":{"BcHmvsR05u6HWZ2HPdaon/lD4e9Q0STTAGFbUHnk1bR6":{"registrationId":631050102,"currentRatchet":{"ephemeralKeyPair":{"pubKey":"BQgV5emJ+N1p3h1+20D46lBUvw1OZrZctjeKlJhSoqE1","privKey":"2GyfVBRu5FH4RMs+i6FcdvKW+l+RUDph/kbX/ebDUWk="},"lastRemoteEphemeralKey":"Bb/KGeEFRAMEUPJh6fo5g2UY5noH44aMx2pMHl2moscY","previousCounter":0,"rootKey":"BvDC8z+Y77HwRfL1Sj0M5CbsXffYZtgBbp7UjDu2jKQ="},"indexInfo":{"baseKey":"BcHmvsR05u6HWZ2HPdaon/lD4e9Q0STTAGFbUHnk1bR6","baseKeyType":1,"closed":-1,"used":1734398780447,"created":1734398780447,"remoteIdentityKey":"BdnzV1MSnni1rDRxsQIkEmvEYw+X6OXt79bNka+etcRU"},"_chains":{"BQgV5emJ+N1p3h1+20D46lBUvw1OZrZctjeKlJhSoqE1":{"chainKey":{"counter":0,"key":"BQ+2PZbzx3jCA/HSHdaKt/5e0KrJN4G2ppY9APKoErE="},"chainType":1,"messageKeys":{}}},"pendingPreKey":{"signedKeyId":6,"baseKey":"BcHmvsR05u6HWZ2HPdaon/lD4e9Q0STTAGFbUHnk1bR6","preKeyId":8127978}}},"version":"v1"}