{"_sessions":{"BVZDltRBPInVsOWFaI/67T+Dk0M2AYizgIPDCG4LwfJ5":{"registrationId":1468632788,"currentRatchet":{"ephemeralKeyPair":{"pubKey":"BWsetCZnni0iyo7o7PgnjkXeyfiwg1vGyL2pGmNj8Xko","privKey":"0PL7LxceLPTYk7VNijGycHxnc8qTGyJh0nCiQFQ0OEw="},"lastRemoteEphemeralKey":"BeHU60WK9+fLwd9ujTU/XfzVP735xz3bLHrIvdzVpB1B","previousCounter":0,"rootKey":"s8r9ypg0XFtToteiARPcHq78jnyviIcJwlDo2c5Wzf4="},"indexInfo":{"baseKey":"BVZDltRBPInVsOWFaI/67T+Dk0M2AYizgIPDCG4LwfJ5","baseKeyType":1,"closed":-1,"used":1734398771377,"created":1734398771377,"remoteIdentityKey":"BeUhDbdYRQ9Dg/ONNPue+UBE2/3sc8uHGj0wC42hBdcU"},"_chains":{"BWsetCZnni0iyo7o7PgnjkXeyfiwg1vGyL2pGmNj8Xko":{"chainKey":{"counter":0,"key":"vLPKTqLl5ORweC/gzW8QCc8qb/HZsYUcfYaCgbI+oVw="},"chainType":1,"messageKeys":{}}},"pendingPreKey":{"signedKeyId":0,"baseKey":"BVZDltRBPInVsOWFaI/67T+Dk0M2AYizgIPDCG4LwfJ5","preKeyId":9439570}}},"version":"v1"}