{"_sessions":{"BfyuvVRwqaHYN+qVFT/dANw+hEvkcMzyAvJcp21QexIr":{"registrationId":426,"currentRatchet":{"ephemeralKeyPair":{"pubKey":"BbSx/xvblQgEpSpNbu8YmmvhgFei0t2OL1Qzt6TE/G0v","privKey":"eI0yxDlUFJ0DAhUqiLNy6DY6p9lFfFvpKPAm4FmqYHE="},"lastRemoteEphemeralKey":"BVXBEncLhJiD7ohtc4rLILYGN/ZOR0EOOS8tCRG77KQ0","previousCounter":0,"rootKey":"2MSiw3I7AJ04wsmKQKfsahWtXmB0/hrZW8cCCPXS18A="},"indexInfo":{"baseKey":"BfyuvVRwqaHYN+qVFT/dANw+hEvkcMzyAvJcp21QexIr","baseKeyType":1,"closed":-1,"used":1734398468007,"created":1734398468007,"remoteIdentityKey":"BTIY1f1YrewS0kHw9H8TzguAmhDJucCEaURCoQW+Pz4k"},"_chains":{"BbSx/xvblQgEpSpNbu8YmmvhgFei0t2OL1Qzt6TE/G0v":{"chainKey":{"counter":0,"key":"55TCZhkmyyvovbhxsZchE+Bee2C35DnNeZFMF2vWNE8="},"chainType":1,"messageKeys":{}}},"pendingPreKey":{"signedKeyId":1,"baseKey":"BfyuvVRwqaHYN+qVFT/dANw+hEvkcMzyAvJcp21QexIr"}}},"version":"v1"}