{"_sessions":{"BUlBZpDfNo4ioZCEJf9/xOge5C4NbWjl2Uj3cpiJDPke":{"registrationId":1301878542,"currentRatchet":{"ephemeralKeyPair":{"pubKey":"BZouah4HRw0/YCICY+I/V22yqoQAOxzZnr+mKAUi+8BE","privKey":"EBxH1sgF3SGqTx3lFRKs3r/lxQUISBruYZyGVyG1i0A="},"lastRemoteEphemeralKey":"Bd3nglPeoar9c9CngF1fHXMD/wNygYCA9LDkYJQjBggM","previousCounter":0,"rootKey":"u5cZ9VJjPMBDyFtH8rvgweK9tKejsA1BKiSTogNkCCE="},"indexInfo":{"baseKey":"BUlBZpDfNo4ioZCEJf9/xOge5C4NbWjl2Uj3cpiJDPke","baseKeyType":1,"closed":-1,"used":1734398775681,"created":1734398775681,"remoteIdentityKey":"BaWs3yINeIT4BUucWp6PwWaCqLSfHDKDAqJ9CCF/Uu55"},"_chains":{"BZouah4HRw0/YCICY+I/V22yqoQAOxzZnr+mKAUi+8BE":{"chainKey":{"counter":0,"key":"crMmHKoltlB+UthNot7VPlRfkz/voS3iaRbCi/YKCuo="},"chainType":1,"messageKeys":{}}},"pendingPreKey":{"signedKeyId":3,"baseKey":"BUlBZpDfNo4ioZCEJf9/xOge5C4NbWjl2Uj3cpiJDPke","preKeyId":11261373}}},"version":"v1"}