{"_sessions":{"BZ6tlXEJc0wDATTuqltHsNXdbM1RLzabGs0DfWL+pYQo":{"registrationId":683018094,"currentRatchet":{"ephemeralKeyPair":{"pubKey":"BQqTHi8BKCKPU9QuXD0XHhyZLOHw55yrs+KHi1o+Tt9N","privKey":"IOxDpW9LWqIuMJz7F+VDQe6FZNTHsKEID3FfSIUP+U0="},"lastRemoteEphemeralKey":"BRTD3Q31XoLIK+e0mqZ1je9HMViPFTMe509EPXJ4d643","previousCounter":0,"rootKey":"M/grSZkrYIbZr/mg2mhn1OG/cx59chB4bRZAs1pqV00="},"indexInfo":{"baseKey":"BZ6tlXEJc0wDATTuqltHsNXdbM1RLzabGs0DfWL+pYQo","baseKeyType":1,"closed":-1,"used":1734398778344,"created":1734398778344,"remoteIdentityKey":"BeXmCAUB0CfjUKDM10s3fOcOo7fivAT6BEP4HPl+RxA/"},"_chains":{"BQqTHi8BKCKPU9QuXD0XHhyZLOHw55yrs+KHi1o+Tt9N":{"chainKey":{"counter":0,"key":"oyvj6mt8ly4vERhQ5LFIxmlGXTOfaYrVKPVIH0CeliQ="},"chainType":1,"messageKeys":{}}},"pendingPreKey":{"signedKeyId":3,"baseKey":"BZ6tlXEJc0wDATTuqltHsNXdbM1RLzabGs0DfWL+pYQo","preKeyId":3076252}}},"version":"v1"}