{"_sessions":{"BULde185VIexSP7911LcIA7R5U9VIg+Gt/qa3l0s4LRM":{"registrationId":842969623,"currentRatchet":{"ephemeralKeyPair":{"pubKey":"BclHfpDTKKxa2+LQBvDGxTU8XBAM836fpR+ATfTbByZB","privKey":"cJZMI8qTnRRdvaX44DLd1uFvvyYPv2C2fP/EsERmKm4="},"lastRemoteEphemeralKey":"BV/AAEcJTTbV8E0kSY3/BMT4yHADJj8YQs9ODKBk6ARH","previousCounter":0,"rootKey":"SLgmRUfy2wEIyCKpxbxNM7HLJA043Prv8fH+WvrfTtA="},"indexInfo":{"baseKey":"BULde185VIexSP7911LcIA7R5U9VIg+Gt/qa3l0s4LRM","baseKeyType":1,"closed":-1,"used":1734398773156,"created":1734398773156,"remoteIdentityKey":"Bd3n0qjbMXBG68aeIlpzCBoAXk4gdv3Kjf+cGaMU9dly"},"_chains":{"BclHfpDTKKxa2+LQBvDGxTU8XBAM836fpR+ATfTbByZB":{"chainKey":{"counter":0,"key":"JakS+wnkjXPTyRRzR9JR/hxAgsM0z8CoRD8cxlnJXr8="},"chainType":1,"messageKeys":{}}},"pendingPreKey":{"signedKeyId":5,"baseKey":"BULde185VIexSP7911LcIA7R5U9VIg+Gt/qa3l0s4LRM"}}},"version":"v1"}