{"_sessions":{"BevXl4KWkGsnuELAN1rgDltiYMBtRHgLzOydxJ9TWWg/":{"registrationId":2126787382,"currentRatchet":{"ephemeralKeyPair":{"pubKey":"BcmFkvwoLK0YG3Wy8omb9+0TeXWiLOucgZLhgDNbdvA6","privKey":"uKXMZjJx7JojXAtqYq4uuvKOpmHds3Yj9dPE811FEkY="},"lastRemoteEphemeralKey":"BVgXSaE4TFLzBW/uIONSzN+tDbnvk744DBX+rDJ8rGAR","previousCounter":0,"rootKey":"kIu+eq2YK41yINl2yL8Mut5REVMZn78kM0PF6FMuizk="},"indexInfo":{"baseKey":"BevXl4KWkGsnuELAN1rgDltiYMBtRHgLzOydxJ9TWWg/","baseKeyType":1,"closed":-1,"used":1734398771395,"created":1734398771395,"remoteIdentityKey":"Ba+k2aJwffRAvdfmmsqRCu+8v9bUCN/0gRQ+UdFY+JgV"},"_chains":{"BcmFkvwoLK0YG3Wy8omb9+0TeXWiLOucgZLhgDNbdvA6":{"chainKey":{"counter":0,"key":"3QFviZBhcAcMmwkzuVQoOjbvivTVvfipx0dxQm6M3IU="},"chainType":1,"messageKeys":{}}},"pendingPreKey":{"signedKeyId":16,"baseKey":"BevXl4KWkGsnuELAN1rgDltiYMBtRHgLzOydxJ9TWWg/","preKeyId":7163165}}},"version":"v1"}