{"_sessions":{"BSKQzSy6iYuiwWs8gTg3JpLcQ1zU/JktUDdcZJObHNNx":{"registrationId":756342158,"currentRatchet":{"ephemeralKeyPair":{"pubKey":"BaIJKksQGz02NliIv1IquM92ij5w5WjM4XfesX35kWZX","privKey":"mDQKpYSPTL4TP7Kb2lU8DR1xqeZocYndEQwARCreRUs="},"lastRemoteEphemeralKey":"BWjOkCnm5o1u9XYch7I8vn4seFcuBhzxEyJJrl+qdLNd","previousCounter":0,"rootKey":"Tx6JDhGIgSCpDVDThT9YFVokZToQol5NMJDgx5NGgLQ="},"indexInfo":{"baseKey":"BSKQzSy6iYuiwWs8gTg3JpLcQ1zU/JktUDdcZJObHNNx","baseKeyType":1,"closed":-1,"used":1734398771406,"created":1734398771406,"remoteIdentityKey":"Bc5FD8/HZTSwaTEC/RJdh3uOG/km+lC7aOMcTF3UYaBg"},"_chains":{"BaIJKksQGz02NliIv1IquM92ij5w5WjM4XfesX35kWZX":{"chainKey":{"counter":0,"key":"Z2ouQSgv5a5wkn/Vg6y0iuquBhD3v9Nl54bCnZomw7E="},"chainType":1,"messageKeys":{}}},"pendingPreKey":{"signedKeyId":3,"baseKey":"BSKQzSy6iYuiwWs8gTg3JpLcQ1zU/JktUDdcZJObHNNx","preKeyId":5359350}}},"version":"v1"}