{"_sessions":{"BbFMOL4D1VY7tG/DhkuvRD0sUNL7wNm4l++YRu8KwdB2":{"registrationId":1626221361,"currentRatchet":{"ephemeralKeyPair":{"pubKey":"BYtJHh4Ws1RRtYKsfff30YQm4xtbBqH5YExuvxYEDXJd","privKey":"6IFqT18G+PH3FbRTRap5N+p4i64wnqsXIbX6K2xVCUg="},"lastRemoteEphemeralKey":"BXqEYF7WH+gMrG7/HFXwfBTcEn/BKUVzjNXZvLtDW71f","previousCounter":0,"rootKey":"dN3JmNYtAB2uLIHn3L55pdEI6BfFv4u3/4Jwx9UmlHg="},"indexInfo":{"baseKey":"BbFMOL4D1VY7tG/DhkuvRD0sUNL7wNm4l++YRu8KwdB2","baseKeyType":1,"closed":-1,"used":1734398775781,"created":1734398775781,"remoteIdentityKey":"BcFE7udQAPfnOtEbktq13flTF+fC8iyjm4VU7tIzoYYa"},"_chains":{"BYtJHh4Ws1RRtYKsfff30YQm4xtbBqH5YExuvxYEDXJd":{"chainKey":{"counter":0,"key":"eh5KTaHxdWJJReBQnUX++KSZQaiumUh+v0qZ7QW3JTI="},"chainType":1,"messageKeys":{}}},"pendingPreKey":{"signedKeyId":12,"baseKey":"BbFMOL4D1VY7tG/DhkuvRD0sUNL7wNm4l++YRu8KwdB2","preKeyId":16047345}}},"version":"v1"}