{"_sessions":{"BV1cunZ7COSHyrbiS4R0cQeaJPT1gAIBrF3alasQZQxs":{"registrationId":104841656,"currentRatchet":{"ephemeralKeyPair":{"pubKey":"BQVl/ua4HeHMjkgJKocph4lwZAD2PYQK/JJcjq3xElR1","privKey":"mP+N5hPktPvqLG4UrB/LQgiAxoS6EHSEcaZdldZ2uWM="},"lastRemoteEphemeralKey":"BUWFRB9ikAWAR4XOB13tDHLtCJ2Ui6R2lRobm5IJhpM1","previousCounter":0,"rootKey":"Jny8Q/ZSlWCghUY7srg4uzVb4atROMNjLPb3FnK1+uE="},"indexInfo":{"baseKey":"BV1cunZ7COSHyrbiS4R0cQeaJPT1gAIBrF3alasQZQxs","baseKeyType":1,"closed":-1,"used":1734398775721,"created":1734398775721,"remoteIdentityKey":"BWLBTBLutpX6QlIugrmgT9wlDTrSnuV1KIrICGehyp5b"},"_chains":{"BQVl/ua4HeHMjkgJKocph4lwZAD2PYQK/JJcjq3xElR1":{"chainKey":{"counter":0,"key":"lRfxcxG1xufer9Sy5nxEuf7tBLGXeoVA+g43tbBXj8Y="},"chainType":1,"messageKeys":{}}},"pendingPreKey":{"signedKeyId":0,"baseKey":"BV1cunZ7COSHyrbiS4R0cQeaJPT1gAIBrF3alasQZQxs","preKeyId":8573946}}},"version":"v1"}