{"_sessions":{"BVXOtLZ2QMeWmhZ15eXSWwvUIf05yiYmJG8MmpF0MqQq":{"registrationId":1289675762,"currentRatchet":{"ephemeralKeyPair":{"pubKey":"BeR7dNYIezSRDJKT2DaKKrmLtTkd4uSlMftVnJBg0hQx","privKey":"4H/gVXzHKttXapCExcD6CbLT0xOZpcFQ3nqEl+lEE2k="},"lastRemoteEphemeralKey":"BZ/ZQ0vST9uONxdw6n3u1hYGbbq5axS5j3Hub6UoCcRo","previousCounter":0,"rootKey":"0kKmby0VLcv5KNlg8b2+34MPbdTONQNTlA1uJPN9Nvk="},"indexInfo":{"baseKey":"BVXOtLZ2QMeWmhZ15eXSWwvUIf05yiYmJG8MmpF0MqQq","baseKeyType":1,"closed":-1,"used":1734398771409,"created":1734398771409,"remoteIdentityKey":"BZaFvTodWn2ITYXbiKDgbZs392cAVf6TrpUjkqQ6hUZE"},"_chains":{"BeR7dNYIezSRDJKT2DaKKrmLtTkd4uSlMftVnJBg0hQx":{"chainKey":{"counter":0,"key":"ELu/U8K+LTlkkkqtOXd9ckrEFDLYOChc/mXrn9wr4Eg="},"chainType":1,"messageKeys":{}}},"pendingPreKey":{"signedKeyId":19,"baseKey":"BVXOtLZ2QMeWmhZ15eXSWwvUIf05yiYmJG8MmpF0MqQq","preKeyId":4902079}}},"version":"v1"}