{"_sessions":{"BWAdSiNPHyFxwAo4ERRaAL1D812ICER5snzbDaH+OzsY":{"registrationId":1154315063,"currentRatchet":{"ephemeralKeyPair":{"pubKey":"BVRSDEgMhGUIaKTjiDiPFlYHDWTA1N7UTmPMOM4HJvIT","privKey":"wFEczM6ixK9uXi5pOzJ11+/K6d3eNV/hGXVsQ7Xc8UY="},"lastRemoteEphemeralKey":"BfV2ttTB3q1cJSDLRGVsdIELZz/nPdwZYQfBsE9yxisL","previousCounter":0,"rootKey":"6TsnxFJMiiHUipGbWIa6xIjGcG/5wIs6UC7R/txckR0="},"indexInfo":{"baseKey":"BWAdSiNPHyFxwAo4ERRaAL1D812ICER5snzbDaH+OzsY","baseKeyType":1,"closed":-1,"used":1734398775821,"created":1734398775821,"remoteIdentityKey":"BY/txTJ6f+8j0e8nWcjqWCegXSxN7zIU9FWLEKfzcsgB"},"_chains":{"BVRSDEgMhGUIaKTjiDiPFlYHDWTA1N7UTmPMOM4HJvIT":{"chainKey":{"counter":0,"key":"J/TpHSwt/4epTQuDfyG1+Yoqb2A3SrtuUuGx5hyN778="},"chainType":1,"messageKeys":{}}},"pendingPreKey":{"signedKeyId":17,"baseKey":"BWAdSiNPHyFxwAo4ERRaAL1D812ICER5snzbDaH+OzsY"}}},"version":"v1"}