{"_sessions":{"BesM+OWwHUP5DzpWKwYu02+ximtZOoy5878e4AcDWRAl":{"registrationId":1863436662,"currentRatchet":{"ephemeralKeyPair":{"pubKey":"BZe34u6Ssq1R0gBrgXII4A+vt+snU+2W7iBHuHsl4kMZ","privKey":"oGN+8Fs2kJWJMhL1o5fOWICtoa8f8vSQWSUbV1MT/GQ="},"lastRemoteEphemeralKey":"BXCZiPNYX0a9G3DAdweG5fG+jex/N8fO1jukG2/Bex95","previousCounter":0,"rootKey":"gJJCwLZzz8GR/b9Df8UEVEq+CJl8HS9oL+d7vmhqxGM="},"indexInfo":{"baseKey":"BesM+OWwHUP5DzpWKwYu02+ximtZOoy5878e4AcDWRAl","baseKeyType":1,"closed":-1,"used":1734398778329,"created":1734398778329,"remoteIdentityKey":"BQdSA3BqKR0aMLwEfazKp9apIVkMf65jpmR+cW/ZDqkr"},"_chains":{"BZe34u6Ssq1R0gBrgXII4A+vt+snU+2W7iBHuHsl4kMZ":{"chainKey":{"counter":0,"key":"vBxS9kepAdTcTQVD10eQUNVwKoRN55Mo9JEyv7zt9/U="},"chainType":1,"messageKeys":{}}},"pendingPreKey":{"signedKeyId":2,"baseKey":"BesM+OWwHUP5DzpWKwYu02+ximtZOoy5878e4AcDWRAl","preKeyId":9348273}}},"version":"v1"}