{"_sessions":{"BQ9vBZdw80n4TvEh4cKzWtbVnTOpRSBAyZTq6Hc5RPNv":{"registrationId":1919469954,"currentRatchet":{"ephemeralKeyPair":{"pubKey":"BVyQ1re0eh0Te6jd90+I6YL+5K5daam4ZR3G/XhXLzxB","privKey":"wPpLHoycwDfv7qpyZWZ84/zsv8JIiJN9rbghgRM5kVE="},"lastRemoteEphemeralKey":"BZjec7qC4Ryg8JN9OLESTrnIHbg+eKHB4LIBr2IhF4Jk","previousCounter":0,"rootKey":"UJKoJTF0aJPWTHL/mp7psp9s7nsJZqVUMzWNWeHUA0E="},"indexInfo":{"baseKey":"BQ9vBZdw80n4TvEh4cKzWtbVnTOpRSBAyZTq6Hc5RPNv","baseKeyType":1,"closed":-1,"used":1734398773321,"created":1734398773321,"remoteIdentityKey":"BZDRX8hAw6ZPBb/T9LG/iF20Q5ZxQB7ACzrlD923y0Ag"},"_chains":{"BVyQ1re0eh0Te6jd90+I6YL+5K5daam4ZR3G/XhXLzxB":{"chainKey":{"counter":0,"key":"qsFWXam8BYZ6ObmplB83GB3Xmgx74Lnz9xwEX6ma77s="},"chainType":1,"messageKeys":{}}},"pendingPreKey":{"signedKeyId":7,"baseKey":"BQ9vBZdw80n4TvEh4cKzWtbVnTOpRSBAyZTq6Hc5RPNv"}}},"version":"v1"}