{"_sessions":{"BfiK859Yz3Hw5UwuEobPuGqXNlETnk1S5/jUUMR6c+0P":{"registrationId":223397240,"currentRatchet":{"ephemeralKeyPair":{"pubKey":"BZgYIA9ttNnKGZjtk2h8lJ8TtpsuKyuBnIkqq9z0CAc3","privKey":"iLh7Dw5puqklDaW0PoktA0iqPA7B2VQm+GhCZbMCWHc="},"lastRemoteEphemeralKey":"Ba1EFnTQCG/dDjjgCgo+qkODEQfKX65Yh46kZW10BHZ5","previousCounter":0,"rootKey":"pwOjtqNcc+BbsFpycQDYsjHYFDXXOBhi45jtDWkhios="},"indexInfo":{"baseKey":"BfiK859Yz3Hw5UwuEobPuGqXNlETnk1S5/jUUMR6c+0P","baseKeyType":1,"closed":-1,"used":1734398778231,"created":1734398778231,"remoteIdentityKey":"Bd6ETo6J4FyffzbHuXTmLy9oTjC5cOkhOby14oTE4IQR"},"_chains":{"BZgYIA9ttNnKGZjtk2h8lJ8TtpsuKyuBnIkqq9z0CAc3":{"chainKey":{"counter":0,"key":"J13zDwAqd2lPK++6dwtEWEDe74cO0PNK+YS6TABEoew="},"chainType":1,"messageKeys":{}}},"pendingPreKey":{"signedKeyId":6,"baseKey":"BfiK859Yz3Hw5UwuEobPuGqXNlETnk1S5/jUUMR6c+0P","preKeyId":13480565}}},"version":"v1"}