{"_sessions":{"BWqrcoEsK+CMyJs9FC1b9vYL3wPuoxKBqMZEicvmluZV":{"registrationId":2116979049,"currentRatchet":{"ephemeralKeyPair":{"pubKey":"BWKq0kbMP5iUbU8jIaJZhEBWKcnbes8YaH46p3APytZu","privKey":"+HyN6Ziw4F0Zw1CGBLS+n84qT6m3wWs/Bs+D2Rws3Wk="},"lastRemoteEphemeralKey":"BfrCtz1rSR/KkDXdIgguXyWV3+1ZaPvgV26sQ9auJVAk","previousCounter":0,"rootKey":"nkfY6lofo3dBApJVL3HUqWYgPSELdQJdgY8qszDuULE="},"indexInfo":{"baseKey":"BWqrcoEsK+CMyJs9FC1b9vYL3wPuoxKBqMZEicvmluZV","baseKeyType":1,"closed":-1,"used":1734398775550,"created":1734398775550,"remoteIdentityKey":"BVQD1ds4tVOK60n7nk5ba1OySPjik0uBKPweMWpe4VNV"},"_chains":{"BWKq0kbMP5iUbU8jIaJZhEBWKcnbes8YaH46p3APytZu":{"chainKey":{"counter":0,"key":"Lm/3bsNiC8cihW6biLzYjlYI88Z7ke87d5cMC6JWyPw="},"chainType":1,"messageKeys":{}}},"pendingPreKey":{"signedKeyId":1,"baseKey":"BWqrcoEsK+CMyJs9FC1b9vYL3wPuoxKBqMZEicvmluZV","preKeyId":10649371}}},"version":"v1"}