{"_sessions":{"Bf2ZHiPa3g6Ufg7DzHvSKemC4moSru/3Wd0l3EzWyiJj":{"registrationId":13406,"currentRatchet":{"ephemeralKeyPair":{"pubKey":"BUTPsP2uQco0kuPfkt8Q5ZpZhJ8K/7v99kWNxlZwibFc","privKey":"gCeo39ADebP67ngIwJSqCfgyM2te0Xx9K2TpSa5wgEU="},"lastRemoteEphemeralKey":"BQrpuSBHQju1KuNqhuk4ufbc0nxSld7Q+WOlexhvKDd1","previousCounter":0,"rootKey":"BEWj9Ay/79ZhnqjJvCgSj6PJPGnSV07uwig+/QqCJ4Q="},"indexInfo":{"baseKey":"Bf2ZHiPa3g6Ufg7DzHvSKemC4moSru/3Wd0l3EzWyiJj","baseKeyType":1,"closed":-1,"used":1734398771236,"created":1734398771236,"remoteIdentityKey":"Bd1MBYE87ZV1p9iswGJDjTKsB/oxwbZJ28cmFC7eg4QD"},"_chains":{"BUTPsP2uQco0kuPfkt8Q5ZpZhJ8K/7v99kWNxlZwibFc":{"chainKey":{"counter":0,"key":"NerGyQjVQZE5NLweu9Fs3ZBTQ+4Y1+WpIe3P8jCGBL8="},"chainType":1,"messageKeys":{}}},"pendingPreKey":{"signedKeyId":1,"baseKey":"Bf2ZHiPa3g6Ufg7DzHvSKemC4moSru/3Wd0l3EzWyiJj"}}},"version":"v1"}