{"_sessions":{"BbHi8mtoi77TuPiyUyisg5GQUtu8lU6ENBhYTMVYY8JX":{"registrationId":1587173625,"currentRatchet":{"ephemeralKeyPair":{"pubKey":"BWBzCz3JnqWuyJ35bAAyYRz3rmYntt0aPGhEghdNapZ+","privKey":"GMdmZ1V8NlkG5SEtXDo7JwUa34sditBoc19TbXcmK3s="},"lastRemoteEphemeralKey":"BcJWLijh13W4iHG9SyAljSE89LbGaanlhU56MtiTNAlS","previousCounter":0,"rootKey":"BVAAwlI21Fc01xsWD0hFjurjcP1aY751pqE8gUEWuaE="},"indexInfo":{"baseKey":"BbHi8mtoi77TuPiyUyisg5GQUtu8lU6ENBhYTMVYY8JX","baseKeyType":1,"closed":-1,"used":1734398771340,"created":1734398771340,"remoteIdentityKey":"BQFHINnVN+n1xYhVqFUAzFriRqBGTIFNf/LmlA/8lCZf"},"_chains":{"BWBzCz3JnqWuyJ35bAAyYRz3rmYntt0aPGhEghdNapZ+":{"chainKey":{"counter":0,"key":"Mmw6giFsKad6MtH6Fq8r+GwEAd/xRuM4i10vDY3MK7M="},"chainType":1,"messageKeys":{}}},"pendingPreKey":{"signedKeyId":0,"baseKey":"BbHi8mtoi77TuPiyUyisg5GQUtu8lU6ENBhYTMVYY8JX","preKeyId":6792317}}},"version":"v1"}