{"_sessions":{"BQYf5dIoRLJ1Z88lXlTW/R7hX6AViPAynU502NmmziJz":{"registrationId":1197290193,"currentRatchet":{"ephemeralKeyPair":{"pubKey":"BcCA3dTELGGdGVXXGIw3x0yPKAaEY5ZwZS/G/acH7acK","privKey":"EAeyXGFjZTYW8z5+DB14kE9rfF9diCqncwd0Hywhml0="},"lastRemoteEphemeralKey":"BT7l9KWEKUbBSVXtDB/zHN9yOqSh7gSipBc40/0j2/QV","previousCounter":0,"rootKey":"VVPV7XcBuiru0nTN6o78r66OYwknt+uCYmxMh/lQhpw="},"indexInfo":{"baseKey":"BQYf5dIoRLJ1Z88lXlTW/R7hX6AViPAynU502NmmziJz","baseKeyType":1,"closed":-1,"used":1734398775652,"created":1734398775652,"remoteIdentityKey":"BQL+RZ8dQqVq199nY47+Pc46B3FR0ZYiFcqjko6nICxY"},"_chains":{"BcCA3dTELGGdGVXXGIw3x0yPKAaEY5ZwZS/G/acH7acK":{"chainKey":{"counter":0,"key":"rQ63X0Uv1ugl/hfzhHd1+yaCO7Q3ddpbyD/rMXqBm+U="},"chainType":1,"messageKeys":{}}},"pendingPreKey":{"signedKeyId":0,"baseKey":"BQYf5dIoRLJ1Z88lXlTW/R7hX6AViPAynU502NmmziJz","preKeyId":8303172}}},"version":"v1"}