{"_sessions":{"BQzqpCvDEFrlQ6zvVsz5e+oG4zdE5B/BvAHOfiDhOy84":{"registrationId":606363936,"currentRatchet":{"ephemeralKeyPair":{"pubKey":"BSGJqrgft1cBRUq0vJYLrrGBvXKNrv0LjpRzuEpd2T5w","privKey":"SDWxJXSoCe807NJHTpif1M1ugHarM1Beez6ARnMTLm8="},"lastRemoteEphemeralKey":"BQLOlQGZJP0KDl6TK9VivJJZIV7wEQgF96eGAPQzdZl4","previousCounter":0,"rootKey":"z7+vCPHCy6yVBhf/+hXPKix5hzC4E/SnZBWHCVurNN0="},"indexInfo":{"baseKey":"BQzqpCvDEFrlQ6zvVsz5e+oG4zdE5B/BvAHOfiDhOy84","baseKeyType":1,"closed":-1,"used":1734398775810,"created":1734398775810,"remoteIdentityKey":"BeRxRD2OM9AExQIdb0FCt4MqdKKFrUl0DfuXNQagGMN1"},"_chains":{"BSGJqrgft1cBRUq0vJYLrrGBvXKNrv0LjpRzuEpd2T5w":{"chainKey":{"counter":0,"key":"tYEntKveMGhPshHQPw4Yz70v0rA8WlLFzYtpc3SU7H8="},"chainType":1,"messageKeys":{}}},"pendingPreKey":{"signedKeyId":0,"baseKey":"BQzqpCvDEFrlQ6zvVsz5e+oG4zdE5B/BvAHOfiDhOy84","preKeyId":1778911}}},"version":"v1"}