{"_sessions":{"BSvMm21zWuw72PYh94ns9HNy7bNPNt+Ke7DLUP2R4GRW":{"registrationId":1246049833,"currentRatchet":{"ephemeralKeyPair":{"pubKey":"BbfbjI2rEdJTUdHj/5CF3LfD651CUTeOoYZI24XoqU4g","privKey":"6FcM57t99UyQl6QtCCg11p3XU6ChvA6FmouzmExdtWQ="},"lastRemoteEphemeralKey":"BTVmguoPozRqgLtkTM9v2Nl155LsyE+X2lg4gr/xjv5k","previousCounter":0,"rootKey":"T408nuG5fhF/SMl0BdmLOCxhdZYvqhk5S7rYtTJF+x4="},"indexInfo":{"baseKey":"BSvMm21zWuw72PYh94ns9HNy7bNPNt+Ke7DLUP2R4GRW","baseKeyType":1,"closed":-1,"used":1734398775646,"created":1734398775646,"remoteIdentityKey":"BYd9kRocSlkTjoWgdxvpej7u0tjzB4EDGnEHx3jj4soT"},"_chains":{"BbfbjI2rEdJTUdHj/5CF3LfD651CUTeOoYZI24XoqU4g":{"chainKey":{"counter":0,"key":"JGxF3YbMqEiKcg0FO+s38kV60NUdkcXSxBpzg66nDxc="},"chainType":1,"messageKeys":{}}},"pendingPreKey":{"signedKeyId":1,"baseKey":"BSvMm21zWuw72PYh94ns9HNy7bNPNt+Ke7DLUP2R4GRW"}}},"version":"v1"}