{"_sessions":{"BS3cTQQFZIomeXptdG5R/Gyf+SY2XigqhGrWrSws2TBE":{"registrationId":7863,"currentRatchet":{"ephemeralKeyPair":{"pubKey":"BRXqaNFs4zNojlL5eVl4MttLwdrNZ+jq8RgDzJqjo2o1","privKey":"wGyvdWwMLZHWRk0p0E479d3VxYWSKRQcXfot+5Y3YFQ="},"lastRemoteEphemeralKey":"BRzqnOfPl/d/qUtTWPJn6HgLslExCj+mIIforRtIqZVT","previousCounter":0,"rootKey":"s+8KX+OAMIYA7qtXK4HAikQJ3U2n8qvDYvypvD7fyK8="},"indexInfo":{"baseKey":"BS3cTQQFZIomeXptdG5R/Gyf+SY2XigqhGrWrSws2TBE","baseKeyType":1,"closed":-1,"used":1734398771260,"created":1734398771260,"remoteIdentityKey":"BYexCNvl6cnHrcDwUZ8a7ErGoaM7AJyU9OkigilaBfYc"},"_chains":{"BRXqaNFs4zNojlL5eVl4MttLwdrNZ+jq8RgDzJqjo2o1":{"chainKey":{"counter":0,"key":"5+Fp0NKk8HBDIqMohCAIIq4dKPzqSo4P3GwW8w4a074="},"chainType":1,"messageKeys":{}}},"pendingPreKey":{"signedKeyId":1,"baseKey":"BS3cTQQFZIomeXptdG5R/Gyf+SY2XigqhGrWrSws2TBE","preKeyId":4251}}},"version":"v1"}