{"_sessions":{"BRsipQKcEypDep0fp7PTIg21pqJ2aZkV3l7oOeSnMHVG":{"registrationId":6796,"currentRatchet":{"ephemeralKeyPair":{"pubKey":"BVWHvep++ORJDbYoD8Rc2ZHX6tXBh3AnXuv4MN8Eh5gp","privKey":"SAbvOey6oaMMA8AgdZnXn/38qnoxwNZ3aMFpE9nKz3M="},"lastRemoteEphemeralKey":"BaZ3YvB/tvGqfDXfjQzb1A63WXzDmdIMSKM2xi7DntkZ","previousCounter":0,"rootKey":"TLOfm/0Ci1nwmWnJD6cLmySbq30rTNOj9rRBzCLEZGo="},"indexInfo":{"baseKey":"BRsipQKcEypDep0fp7PTIg21pqJ2aZkV3l7oOeSnMHVG","baseKeyType":1,"closed":-1,"used":1734398771203,"created":1734398771203,"remoteIdentityKey":"BbNZpPj1iwUY0dyBY7yfYXG6kY1SYlHS/M/ygKgm9g4y"},"_chains":{"BVWHvep++ORJDbYoD8Rc2ZHX6tXBh3AnXuv4MN8Eh5gp":{"chainKey":{"counter":0,"key":"170IO42BSEBJ/WKiAhITuKD5qdwgGAhmG0g0vUPkyVI="},"chainType":1,"messageKeys":{}}},"pendingPreKey":{"signedKeyId":1,"baseKey":"BRsipQKcEypDep0fp7PTIg21pqJ2aZkV3l7oOeSnMHVG"}}},"version":"v1"}