{"_sessions":{"BU/tGgr7Sm5NZ/nUmdpj6VEL2OvxSkfB87nzQfgsnvtb":{"registrationId":1089688256,"currentRatchet":{"ephemeralKeyPair":{"pubKey":"BYg4Lmzg+Ufm3fDpvCyu3n/kejGegdakv9qPhkLj23Ax","privKey":"qKmOXt9HVXnNCrOldLvUDVyWUpveedgokKVE8ZLOQE0="},"lastRemoteEphemeralKey":"Bcg7gpoYoKBMgIPhhdTEdNzCM1QGGlR0Utn7OluN47hp","previousCounter":0,"rootKey":"MUrcKAPFC04+kqrgLDd07xBXGe410B87s40eN7Y/Buc="},"indexInfo":{"baseKey":"BU/tGgr7Sm5NZ/nUmdpj6VEL2OvxSkfB87nzQfgsnvtb","baseKeyType":1,"closed":-1,"used":1734398778108,"created":1734398778108,"remoteIdentityKey":"BQs7d/lEWIjZQ6RL5lKLb4m+pOdBnFmVnaWEiYIQyWRT"},"_chains":{"BYg4Lmzg+Ufm3fDpvCyu3n/kejGegdakv9qPhkLj23Ax":{"chainKey":{"counter":0,"key":"O+dGxnRmG9nffXaL66p9z1mUl13SrYdxp+xFMFXG4QU="},"chainType":1,"messageKeys":{}}},"pendingPreKey":{"signedKeyId":0,"baseKey":"BU/tGgr7Sm5NZ/nUmdpj6VEL2OvxSkfB87nzQfgsnvtb","preKeyId":7142356}}},"version":"v1"}