{"_sessions":{"BfuMcRgdZEMSrq5VG4z//gaHR455yApBTu82p745wGZO":{"registrationId":1599015024,"currentRatchet":{"ephemeralKeyPair":{"pubKey":"BXImFaEjxV+weXbEWUmtUXtRItZDwT/xBMd0gGkJZ5lc","privKey":"SA/XSTGvBlY4YKhNoNLb0pyJs1CaB2wct3VdZMuquW0="},"lastRemoteEphemeralKey":"BSJm67VfiH4VfB/1saWDkHt5PpvOw5/+nGrCLWB9968i","previousCounter":0,"rootKey":"xNYh5zyII4zm09H+n2au39ISJGyA6wnse6AB/IsqeWE="},"indexInfo":{"baseKey":"BfuMcRgdZEMSrq5VG4z//gaHR455yApBTu82p745wGZO","baseKeyType":1,"closed":-1,"used":1734398778268,"created":1734398778268,"remoteIdentityKey":"BZE1KUxIeoi6lYeSRKilrtoPd9fqyBh/a37XcnMhCWlJ"},"_chains":{"BXImFaEjxV+weXbEWUmtUXtRItZDwT/xBMd0gGkJZ5lc":{"chainKey":{"counter":0,"key":"EXJx16wK01AvI0S+YyrpzG4ugA4SPrW88eiQxRHmD7A="},"chainType":1,"messageKeys":{}}},"pendingPreKey":{"signedKeyId":2,"baseKey":"BfuMcRgdZEMSrq5VG4z//gaHR455yApBTu82p745wGZO","preKeyId":12197096}}},"version":"v1"}