{"_sessions":{"BXqWMEU3eS60Nn8dZ9z/m19kpIfQt/2vyhPgEi3HiXwx":{"registrationId":1694496076,"currentRatchet":{"ephemeralKeyPair":{"pubKey":"BezOvF8pta0bM2AFoOnvbrkP73S0XgjYMpFChuiHploa","privKey":"4Eiypz7TTIIoYGVyHYECUo+3q0QjgJRo2AJtv+g9y0Q="},"lastRemoteEphemeralKey":"BbJKSi1f9EmsqKUTHXos95j5Xw2rOWjJamPFICXgWjJX","previousCounter":0,"rootKey":"DcauTvSSMei/Q5yWJA7NIUDALJ/crM4mqZXxT/csMgg="},"indexInfo":{"baseKey":"BXqWMEU3eS60Nn8dZ9z/m19kpIfQt/2vyhPgEi3HiXwx","baseKeyType":1,"closed":-1,"used":1734398773311,"created":1734398773311,"remoteIdentityKey":"BeEgJ5j+MOejppu7UztyLL48x9+P1AfA0AsDMUVYM+pu"},"_chains":{"BezOvF8pta0bM2AFoOnvbrkP73S0XgjYMpFChuiHploa":{"chainKey":{"counter":0,"key":"N5lTYwZBQj4/RIgqPtvb8hpKsm7X4Pq8teXh+pIhiy8="},"chainType":1,"messageKeys":{}}},"pendingPreKey":{"signedKeyId":1,"baseKey":"BXqWMEU3eS60Nn8dZ9z/m19kpIfQt/2vyhPgEi3HiXwx","preKeyId":5523066}}},"version":"v1"}