{"_sessions":{"BUq2BZIae1bKBK0b8FnRDTXgD6ZrvYOkfVCMYGqgs00k":{"registrationId":1116397012,"currentRatchet":{"ephemeralKeyPair":{"pubKey":"BfuentXS4xFAMGKVZvONb9MgUuT8dBAdQ3TFXM7jGUUE","privKey":"kCsoXjf9bXhRwLqbD3PzgCQRfJvyuaphYUk9sm+mK3o="},"lastRemoteEphemeralKey":"BQZWfzf3Wi7URzbtiqnxWHZVu6XOINAF+XUdGtkj6e0F","previousCounter":0,"rootKey":"Wi7ne2pH/mJH3A9gzuFwgLIPwfAnfuYFv7R26MEJALs="},"indexInfo":{"baseKey":"BUq2BZIae1bKBK0b8FnRDTXgD6ZrvYOkfVCMYGqgs00k","baseKeyType":1,"closed":-1,"used":1734398780350,"created":1734398780350,"remoteIdentityKey":"BXaIRokZZZ8MbG48GWNnXZ6x3wYLlwQwrCkitbeOLkR2"},"_chains":{"BfuentXS4xFAMGKVZvONb9MgUuT8dBAdQ3TFXM7jGUUE":{"chainKey":{"counter":0,"key":"qV1nothN7Ry8hAtv5D2huxe5Ie00VG7PjUMISsgdnTI="},"chainType":1,"messageKeys":{}}},"pendingPreKey":{"signedKeyId":0,"baseKey":"BUq2BZIae1bKBK0b8FnRDTXgD6ZrvYOkfVCMYGqgs00k"}}},"version":"v1"}