{"_sessions":{"BVcqsbHQrYASPRpsOUTaW+MgycEn6+m5QFGAcd+laBJk":{"registrationId":676710905,"currentRatchet":{"ephemeralKeyPair":{"pubKey":"Bcghjgz/w2dJRk27ZFGxCu+MsUfQ+6xebhrQX10H3N9n","privKey":"QE11QJRSo/iE9QUWeR9O3vRzoTf2zVzeUjt9Rl8yF3Y="},"lastRemoteEphemeralKey":"BX7xQ/KILKhSzSCyPdUd4RP/MrChOFZWVqW6KSA5RBp3","previousCounter":0,"rootKey":"a+gxDIgul8GEbCxpdd/P2Sou2qz2G+ufc3/n3qXKAtI="},"indexInfo":{"baseKey":"BVcqsbHQrYASPRpsOUTaW+MgycEn6+m5QFGAcd+laBJk","baseKeyType":1,"closed":-1,"used":1734398773296,"created":1734398773296,"remoteIdentityKey":"Bec7d/G+5uDDlpdV//SoVtayh+TpMPmzVsiTCbI73Iwd"},"_chains":{"Bcghjgz/w2dJRk27ZFGxCu+MsUfQ+6xebhrQX10H3N9n":{"chainKey":{"counter":0,"key":"QF3OgBbQX9rJYF8HmwtaREH/ShKwtPRyXHXC2OT2onY="},"chainType":1,"messageKeys":{}}},"pendingPreKey":{"signedKeyId":7,"baseKey":"BVcqsbHQrYASPRpsOUTaW+MgycEn6+m5QFGAcd+laBJk","preKeyId":1286477}}},"version":"v1"}