{"_sessions":{"BekKsdbcimlS36yawjwXGc9CnlPUedbHMf3U9zcH7DRx":{"registrationId":1583828725,"currentRatchet":{"ephemeralKeyPair":{"pubKey":"BS1/pL1xiWjD2tQ2mHLoGARPvrBsr6E9cd9F3NtNxCUn","privKey":"wIRNNZmZ3ofmH9NdyI0sZkf+uM+ayniGgZmoH0PYUFM="},"lastRemoteEphemeralKey":"BR8o+kpwpBPMCCptbgfBA9DhF/uW3JOvopFjUMM8KAZv","previousCounter":0,"rootKey":"jLXxvXfWl6s3fC6sXOf4fWJOsN8nRpgBbp5Ux40JC3E="},"indexInfo":{"baseKey":"BekKsdbcimlS36yawjwXGc9CnlPUedbHMf3U9zcH7DRx","baseKeyType":1,"closed":-1,"used":1734398773327,"created":1734398773327,"remoteIdentityKey":"BSuP6sfKbj8uOM717JXGXkZpFAyyup1BsTTdHueGT0dv"},"_chains":{"BS1/pL1xiWjD2tQ2mHLoGARPvrBsr6E9cd9F3NtNxCUn":{"chainKey":{"counter":0,"key":"qnw8T+NEngeot7BEgI0ax7LtB6VVzuhKWCFmpa1ivEY="},"chainType":1,"messageKeys":{}}},"pendingPreKey":{"signedKeyId":0,"baseKey":"BekKsdbcimlS36yawjwXGc9CnlPUedbHMf3U9zcH7DRx","preKeyId":11389665}}},"version":"v1"}