{"_sessions":{"BR+1EA84LxB5Ie4ToPmtoXa3iGR2DHGCOeKJsoOT2Goq":{"registrationId":576313256,"currentRatchet":{"ephemeralKeyPair":{"pubKey":"BQQaj9rWS2ACANv32Sh5oOsWVBWu7WhPZj1amwPhJWx8","privKey":"KMA0qAHdmtUpxlPp0IG9fMAjH3Wo53kXBekPAxTEfmk="},"lastRemoteEphemeralKey":"BegVGSwJQY4G/EJxFulubR9q0D8qZZjmwwDYqogHXq8U","previousCounter":0,"rootKey":"sqsfI+6XtdFlxD9Oht7UhtoUzehFKnqn6JfEM55wRig="},"indexInfo":{"baseKey":"BR+1EA84LxB5Ie4ToPmtoXa3iGR2DHGCOeKJsoOT2Goq","baseKeyType":1,"closed":-1,"used":1734398771431,"created":1734398771431,"remoteIdentityKey":"BUYuczf5Y04wBB+W/79yF+xhymo6CC2t/corgMVDTW1l"},"_chains":{"BQQaj9rWS2ACANv32Sh5oOsWVBWu7WhPZj1amwPhJWx8":{"chainKey":{"counter":0,"key":"UYrRR8RCmIIUmjNxo7cL/WGvNOpHCgs/Fk7pusiW1H0="},"chainType":1,"messageKeys":{}}},"pendingPreKey":{"signedKeyId":3,"baseKey":"BR+1EA84LxB5Ie4ToPmtoXa3iGR2DHGCOeKJsoOT2Goq"}}},"version":"v1"}