{"_sessions":{"BbuTqOM0I0bHdZfBmuZ9Lcar2xa2caoFMnjfscqrLzYm":{"registrationId":1662208596,"currentRatchet":{"ephemeralKeyPair":{"pubKey":"BTt56AWUVIAp6E+H3Ii1Tr+LjajLsmOAiwiG5dlRGd5M","privKey":"WKnrpiV7qVkLOpvgdsanCcpU8PXhuhibW2DfDTrio2w="},"lastRemoteEphemeralKey":"BaiDY1er+BlUKlNXk9LIS03qeWEG1yo7sjvMeLwgPO1p","previousCounter":0,"rootKey":"3fsbBP5V5zUBbXgiJ8XIWJVnFT80X9ZBS4IGXhy9zOI="},"indexInfo":{"baseKey":"BbuTqOM0I0bHdZfBmuZ9Lcar2xa2caoFMnjfscqrLzYm","baseKeyType":1,"closed":-1,"used":1734398771361,"created":1734398771361,"remoteIdentityKey":"BRijN7hNalxwX9JC+S4IuEAW2QtVbtWHW4SAe90UNQpC"},"_chains":{"BTt56AWUVIAp6E+H3Ii1Tr+LjajLsmOAiwiG5dlRGd5M":{"chainKey":{"counter":0,"key":"b9xZtgpzqiCygiJaUwX+pxNffMf7+jzoEp/AzAwkvnU="},"chainType":1,"messageKeys":{}}},"pendingPreKey":{"signedKeyId":11,"baseKey":"BbuTqOM0I0bHdZfBmuZ9Lcar2xa2caoFMnjfscqrLzYm","preKeyId":8922401}}},"version":"v1"}