{"_sessions":{"BdQcMBsHXMHAiomGDhMhxXNnFivURLfxPcCgF4JknDxb":{"registrationId":1718424276,"currentRatchet":{"ephemeralKeyPair":{"pubKey":"BYMGbMVAMNvRgSDVL0FE+JpQ5iYI4rNe49KF2pTNobIr","privKey":"CDCsFmlAWmqkT00nnejf/6rEJBYDaIl/s460z+wsGH8="},"lastRemoteEphemeralKey":"BUAPF0CHk4fCbSK5sFCJrfw1MA29Nez/24lzuP68Khl6","previousCounter":0,"rootKey":"7EsJoAYDGlUz9SNhsTiOH7NPPZiF4I04Ac0PmS/yDGE="},"indexInfo":{"baseKey":"BdQcMBsHXMHAiomGDhMhxXNnFivURLfxPcCgF4JknDxb","baseKeyType":1,"closed":-1,"used":1734398771423,"created":1734398771423,"remoteIdentityKey":"BWMWJzCI3qn3GArzNNDUuaD6/xkgA+wT9waholDuS2VQ"},"_chains":{"BYMGbMVAMNvRgSDVL0FE+JpQ5iYI4rNe49KF2pTNobIr":{"chainKey":{"counter":0,"key":"Vp2ncxZR8O8MhRZHR4x6go1Jt/UHZE8ITiVkoQAy2Bg="},"chainType":1,"messageKeys":{}}},"pendingPreKey":{"signedKeyId":15,"baseKey":"BdQcMBsHXMHAiomGDhMhxXNnFivURLfxPcCgF4JknDxb","preKeyId":13466915}}},"version":"v1"}