{"_sessions":{"BQOQh4G1o4w/xr9REI3lnFZH3EVlsVUWCXrJH3uFLoso":{"registrationId":1383946023,"currentRatchet":{"ephemeralKeyPair":{"pubKey":"BazqLeDgzMeR+DqKSS47kOVPQH5IZ8Ushn8PUKYwMRo7","privKey":"UH6MGYJstOF2laCp344BUUjlAWcWLhhbSED2YeggemA="},"lastRemoteEphemeralKey":"BdwgLegWyPR6s+1ekccF+3goVUKpKmly5GcTRBHLSJFY","previousCounter":0,"rootKey":"IPy2rOliZsT7Zzxc44ZWFdtoZHO1sPSCzDg4Mi3sZH0="},"indexInfo":{"baseKey":"BQOQh4G1o4w/xr9REI3lnFZH3EVlsVUWCXrJH3uFLoso","baseKeyType":1,"closed":-1,"used":1734398775525,"created":1734398775525,"remoteIdentityKey":"BVnOylnfVW/B8qA0v475q3nFMid9yhqX3BFETMHJklV9"},"_chains":{"BazqLeDgzMeR+DqKSS47kOVPQH5IZ8Ushn8PUKYwMRo7":{"chainKey":{"counter":0,"key":"JVJ7rIqNxzyijZ6GGgfDnu7otRsRIrL5OG4i3AAw7Hc="},"chainType":1,"messageKeys":{}}},"pendingPreKey":{"signedKeyId":15,"baseKey":"BQOQh4G1o4w/xr9REI3lnFZH3EVlsVUWCXrJH3uFLoso","preKeyId":4321636}}},"version":"v1"}