{"_sessions":{"BVe/o3kjWwboUXmprh5j//mrwayKqSNsawg6Q96qNjVV":{"registrationId":2147057064,"currentRatchet":{"ephemeralKeyPair":{"pubKey":"BZei3cu65TROUChkXQGtEayf6MYagbq1uKg1Uo7PMk17","privKey":"mEw84yLzfOOh3mHq5cCZzuJpmsaTQcJK0SA3z1C6aVg="},"lastRemoteEphemeralKey":"BdfCUE3g19lr7pECF3wmZDMv7vhSHXPn32ISZ99PYXsX","previousCounter":0,"rootKey":"mSNhHDTZc/8qLZj/KwNGMftDQX12BoT9ZskqlUxfj/c="},"indexInfo":{"baseKey":"BVe/o3kjWwboUXmprh5j//mrwayKqSNsawg6Q96qNjVV","baseKeyType":1,"closed":-1,"used":1734398775738,"created":1734398775738,"remoteIdentityKey":"BZknKg3DUHZ9a+RUXv1WGxlqGyx1wFYDQPTBBvsOv/li"},"_chains":{"BZei3cu65TROUChkXQGtEayf6MYagbq1uKg1Uo7PMk17":{"chainKey":{"counter":0,"key":"eWXGoZk7DtrkvFgU7EZIX8651JatvgX6X/qVqvNCRuc="},"chainType":1,"messageKeys":{}}},"pendingPreKey":{"signedKeyId":2,"baseKey":"BVe/o3kjWwboUXmprh5j//mrwayKqSNsawg6Q96qNjVV","preKeyId":8843749}}},"version":"v1"}