{"_sessions":{"BfuyXlyg5BsVNa/H0HcXnLyCNUpjD/jTqJZdpHiwYaUI":{"registrationId":1626443406,"currentRatchet":{"ephemeralKeyPair":{"pubKey":"BTW95ef+lgB6IY+nXaTZvq6dKp4aynSQ7kQV4kzv7iVF","privKey":"yBzx3Rdvbq+xUx5dWzETyE7It/XIyfBmWos27kj3ZVg="},"lastRemoteEphemeralKey":"BQHPAffoU0mPEwDh1iuPcqZ993o9467FZAzzPNFTveQW","previousCounter":0,"rootKey":"UwZvylv4HzHNP1WV/787XEKNvet3pnNInlUkXY+WzPs="},"indexInfo":{"baseKey":"BfuyXlyg5BsVNa/H0HcXnLyCNUpjD/jTqJZdpHiwYaUI","baseKeyType":1,"closed":-1,"used":1734398780458,"created":1734398780458,"remoteIdentityKey":"BdzEprGDLEN9OfHj71YVQHAX7r0/E/d1n3okrKkEA/pW"},"_chains":{"BTW95ef+lgB6IY+nXaTZvq6dKp4aynSQ7kQV4kzv7iVF":{"chainKey":{"counter":0,"key":"pP9sf7BB/OmtqF6cOeAiPLsIaFQUiZmmoZsFSsLsXbg="},"chainType":1,"messageKeys":{}}},"pendingPreKey":{"signedKeyId":0,"baseKey":"BfuyXlyg5BsVNa/H0HcXnLyCNUpjD/jTqJZdpHiwYaUI","preKeyId":3057132}}},"version":"v1"}