{"_sessions":{"Bbp0mLHQ1bdeE+txAPtyQClycYstM4LjH2vGGr+qq2ZJ":{"registrationId":325806439,"currentRatchet":{"ephemeralKeyPair":{"pubKey":"BdqjduI4FU8urL44s6npwVNrHmSE7sJd+M03EhgR36IK","privKey":"YLgPwnIxmg1TaDHV/FWu0QX598uCVCLO0sn+w8+L9mw="},"lastRemoteEphemeralKey":"BU56xO+nkYmN3jTKbkZ7IncQ7X24rrBpujzfVt5MHTBy","previousCounter":0,"rootKey":"joXLSjTNw4Dk85TrZZ0VOPluEVZHBOmHE6+5i7beHwk="},"indexInfo":{"baseKey":"Bbp0mLHQ1bdeE+txAPtyQClycYstM4LjH2vGGr+qq2ZJ","baseKeyType":1,"closed":-1,"used":1734398778245,"created":1734398778245,"remoteIdentityKey":"BerCI83U34Fb0Jnf/MuefJu95z36Vcvp7+3f/eJxuzJL"},"_chains":{"BdqjduI4FU8urL44s6npwVNrHmSE7sJd+M03EhgR36IK":{"chainKey":{"counter":0,"key":"iaIuFPIjhUiqDJbr2U/El1C5o9ZcHzaN9beCYcGCf6Y="},"chainType":1,"messageKeys":{}}},"pendingPreKey":{"signedKeyId":2,"baseKey":"Bbp0mLHQ1bdeE+txAPtyQClycYstM4LjH2vGGr+qq2ZJ","preKeyId":13768501}}},"version":"v1"}