{"_sessions":{"BSAFn3q55yUMse9dwT92CVQC02gTurZ+sKxJpvc2ELxN":{"registrationId":876286516,"currentRatchet":{"ephemeralKeyPair":{"pubKey":"BXZZpDIs4u19o/VkJDpyeErAOKD/mN0Q4W1yHf/7e0ku","privKey":"gAzlnfqUPXFQmSEBZmAvOMvwt5dQQRIQKScgv0ifDWA="},"lastRemoteEphemeralKey":"BYczfCT6oKpau+99o3U9zMexfNKABfQA5ttO0KNW+WYo","previousCounter":0,"rootKey":"KuqYQjae8xVAPDHf65s6k/iwOSL1U2fH0bRmoEvtYqQ="},"indexInfo":{"baseKey":"BSAFn3q55yUMse9dwT92CVQC02gTurZ+sKxJpvc2ELxN","baseKeyType":1,"closed":-1,"used":1734398771426,"created":1734398771426,"remoteIdentityKey":"BYjItqVquUFluGa7DeJJUR2IXZWTLZ5N1HlbQFqW4uIU"},"_chains":{"BXZZpDIs4u19o/VkJDpyeErAOKD/mN0Q4W1yHf/7e0ku":{"chainKey":{"counter":0,"key":"/qj70LSiMHFSo/oGfReWHfgHo/4O9dk151K4bpLis8A="},"chainType":1,"messageKeys":{}}},"pendingPreKey":{"signedKeyId":3,"baseKey":"BSAFn3q55yUMse9dwT92CVQC02gTurZ+sKxJpvc2ELxN","preKeyId":11648912}}},"version":"v1"}