{"_sessions":{"BUqubiAQ/cQUfACPlKl0jaUMr2vi225k98oFhQWeTkw7":{"registrationId":1292726358,"currentRatchet":{"ephemeralKeyPair":{"pubKey":"BWrQHfyhG3t6KGnaEA2iiE+Esq/SQiExsrQe3hN3N2MF","privKey":"2InAze54hMFhTwCa7gs1pKMvps9Z9Q03CUKpyHFGD0k="},"lastRemoteEphemeralKey":"BSjTGq9kXDHO3HeMY4JXQXUDAnU9FCTk1xNA0bcq44M8","previousCounter":0,"rootKey":"uKoSyE/cgma4oBVfrvLojX8IwebO22kJ3qH+ZDfS1VU="},"indexInfo":{"baseKey":"BUqubiAQ/cQUfACPlKl0jaUMr2vi225k98oFhQWeTkw7","baseKeyType":1,"closed":-1,"used":1734398773122,"created":1734398773122,"remoteIdentityKey":"BWQG5fAhFAA081KBc3lXM1MdTwU+Hbbgnd9R7U4VJqxQ"},"_chains":{"BWrQHfyhG3t6KGnaEA2iiE+Esq/SQiExsrQe3hN3N2MF":{"chainKey":{"counter":0,"key":"hacAfDDPdCnjyrXDljl9aTGJQm1yIjSWMNQ1gwzPzOs="},"chainType":1,"messageKeys":{}}},"pendingPreKey":{"signedKeyId":16,"baseKey":"BUqubiAQ/cQUfACPlKl0jaUMr2vi225k98oFhQWeTkw7"}}},"version":"v1"}