{"_sessions":{"BfypSjXGf57Z+QNEKENV3ZGV4NARd1NaYK3xBWNEKJh5":{"registrationId":1533503314,"currentRatchet":{"ephemeralKeyPair":{"pubKey":"Ba7gAC48BCjwdSSuvFYKv+3K++EdhZsVou+ECC3nlWxL","privKey":"KEEpvGztHEhhjunGW9wqkjwHicAVNNOf5GCnycePX0A="},"lastRemoteEphemeralKey":"BZBUq8D9wG990/ZVsjmVIvhyCvU/2SGvb5Whhfciaqpl","previousCounter":0,"rootKey":"Cc2c5tAL5eqAfm5HBPRipjmdiWdUYP0J5T7CTPBYVcw="},"indexInfo":{"baseKey":"BfypSjXGf57Z+QNEKENV3ZGV4NARd1NaYK3xBWNEKJh5","baseKeyType":1,"closed":-1,"used":1734398778219,"created":1734398778219,"remoteIdentityKey":"BVQd7kA2aIE+zyLNTj/HtjvDFdPpNOT3quHC1gPZXuVf"},"_chains":{"Ba7gAC48BCjwdSSuvFYKv+3K++EdhZsVou+ECC3nlWxL":{"chainKey":{"counter":0,"key":"BrE4ZNx2xhOstAyZt7YFEXuftcJxKqDaYHiz+FqjFvE="},"chainType":1,"messageKeys":{}}},"pendingPreKey":{"signedKeyId":6,"baseKey":"BfypSjXGf57Z+QNEKENV3ZGV4NARd1NaYK3xBWNEKJh5","preKeyId":16317633}}},"version":"v1"}