{"_sessions":{"Bb7TrRzfC4+xE89GGTRf3rSIkwVQJC9T3STNZI/Mwch/":{"registrationId":1358319403,"currentRatchet":{"ephemeralKeyPair":{"pubKey":"BeQAK+nl6Q2Gv0iaz7Jq14umEbZ4egh+jcOB4QEWUX9J","privKey":"SF4e+6ZXcP5Tu2R0ZRJIC9UtY8BsZVfBvs8c4j9Di3M="},"lastRemoteEphemeralKey":"BdFJzu+UKUDi0KR8kS4Dif823RVEtxCL4QPcUnyfRZVQ","previousCounter":0,"rootKey":"onr89aubfpTYcD3SEa7UJfl/4LlaCARZML3FZUioIlA="},"indexInfo":{"baseKey":"Bb7TrRzfC4+xE89GGTRf3rSIkwVQJC9T3STNZI/Mwch/","baseKeyType":1,"closed":-1,"used":1734398780321,"created":1734398780321,"remoteIdentityKey":"BQrzWdipKOvH1tH5c83YHF8j/vN0laHgJ3Loh0df8bFX"},"_chains":{"BeQAK+nl6Q2Gv0iaz7Jq14umEbZ4egh+jcOB4QEWUX9J":{"chainKey":{"counter":0,"key":"Ty1/6a5evPvjj/vsftF1qn8Hf1cq4dXp79sUUogwI9M="},"chainType":1,"messageKeys":{}}},"pendingPreKey":{"signedKeyId":10,"baseKey":"Bb7TrRzfC4+xE89GGTRf3rSIkwVQJC9T3STNZI/Mwch/"}}},"version":"v1"}