{"_sessions":{"BTDZTbCX0548loVJd/gnVoEXnvzUxMDdI9ewo+IMV700":{"registrationId":5072474,"currentRatchet":{"ephemeralKeyPair":{"pubKey":"BWFYcQMnnDOK/2TQVxbyU/Wn+DOAcO9iQWp+bGqoyxpP","privKey":"6L1IhvUGrEIYOacdzZdUs9leoz5HH7+xv0KGZiQ1kVs="},"lastRemoteEphemeralKey":"BcYrD/eQaxvYgSeTSETO2TRLLxQ4SgdEYH+s9HbfoTkL","previousCounter":0,"rootKey":"74DpPaFKYAZ//xOdO+mDxPisIdPjtPI/Tg7woS+DrX8="},"indexInfo":{"baseKey":"BTDZTbCX0548loVJd/gnVoEXnvzUxMDdI9ewo+IMV700","baseKeyType":1,"closed":-1,"used":1734398778273,"created":1734398778273,"remoteIdentityKey":"BVVlSLR6Niwmm8izJITOdZDrK4TfOXM/OcFPp5iGWA5c"},"_chains":{"BWFYcQMnnDOK/2TQVxbyU/Wn+DOAcO9iQWp+bGqoyxpP":{"chainKey":{"counter":0,"key":"71SU4V86rHJHuoKMDaJR5JOrerpltHd4GlWGCSmWZ7k="},"chainType":1,"messageKeys":{}}},"pendingPreKey":{"signedKeyId":8,"baseKey":"BTDZTbCX0548loVJd/gnVoEXnvzUxMDdI9ewo+IMV700","preKeyId":1303980}}},"version":"v1"}