{"_sessions":{"BfL1oGUtR904rXAgQ9Oc3w3tf5EiJbX7dMfh3B2FNMIi":{"registrationId":708424927,"currentRatchet":{"ephemeralKeyPair":{"pubKey":"BTWiZdDbs+ypt9riI8nluiMVN1atIqkl4N0kvrrkb0Qu","privKey":"YJefuaSovoQpZUIk6om5mX0Qm6dmhsDxDEEF1HnFc2I="},"lastRemoteEphemeralKey":"BR/3MHGCZq8h1ta4yggRSRyQl1q5NN6RMEAYjrHjIc1j","previousCounter":0,"rootKey":"FPWpEbf8rEFXz06gG/dKWg40HsdEYJ9Bcujs1p8frBM="},"indexInfo":{"baseKey":"BfL1oGUtR904rXAgQ9Oc3w3tf5EiJbX7dMfh3B2FNMIi","baseKeyType":1,"closed":-1,"used":1734398771343,"created":1734398771343,"remoteIdentityKey":"BQVx33qVqHzn77T/PLs2nE3tiYq8YC5kafhNGm9fk/UC"},"_chains":{"BTWiZdDbs+ypt9riI8nluiMVN1atIqkl4N0kvrrkb0Qu":{"chainKey":{"counter":0,"key":"mTJSMN65JwYN3kMfq4k3UjsFB9VgOvoHl5+9TNbDiOE="},"chainType":1,"messageKeys":{}}},"pendingPreKey":{"signedKeyId":9,"baseKey":"BfL1oGUtR904rXAgQ9Oc3w3tf5EiJbX7dMfh3B2FNMIi","preKeyId":12143313}}},"version":"v1"}