{"_sessions":{"BaDlnXLq54II+pUCXbfDKCoX+0NatGVq2fb5QWSiF+4U":{"registrationId":1087588199,"currentRatchet":{"ephemeralKeyPair":{"pubKey":"BdubTuppfTAJiJ1e0GWaDRwcyNp9eRTSABILj3PNUI9i","privKey":"IDY6uNZyBTVzBJZ/EMnAcFZSUG5oCn930No9//MK3WA="},"lastRemoteEphemeralKey":"BaLEZP9yMVzP/E0yR8DNTflzBlInNEiL3L1doVD4higM","previousCounter":0,"rootKey":"RLWJnW5JRPJxlAPDzHYoBQTroCpekuI4Ml8mQ+CZsBs="},"indexInfo":{"baseKey":"BaDlnXLq54II+pUCXbfDKCoX+0NatGVq2fb5QWSiF+4U","baseKeyType":1,"closed":-1,"used":1734398778097,"created":1734398778097,"remoteIdentityKey":"BXH7L+uAPA9h20SbXdbsBWfxLuC3VHqPrh7ywJ6q9j9+"},"_chains":{"BdubTuppfTAJiJ1e0GWaDRwcyNp9eRTSABILj3PNUI9i":{"chainKey":{"counter":0,"key":"AEi/6MFu5dXRJEPJp6SafoUYi/7FJJc6fXmTsZO9hac="},"chainType":1,"messageKeys":{}}},"pendingPreKey":{"signedKeyId":1,"baseKey":"BaDlnXLq54II+pUCXbfDKCoX+0NatGVq2fb5QWSiF+4U","preKeyId":14294414}}},"version":"v1"}