{"_sessions":{"BYojMLcsG/q1O56X4tchPhaZcB8ahU9gBENY/dIPX1tt":{"registrationId":1878957831,"currentRatchet":{"ephemeralKeyPair":{"pubKey":"Ba5G/KTH80nsF8vBgnZb+8uOwgAgIFl2yl/e47v0oZ5M","privKey":"4PLtKyKVSI1zKmWtW+qAuGuDH1Ms49E7M9xB/Svge3Q="},"lastRemoteEphemeralKey":"Bbd0juWNHGzswM5X0FylGoz9CiRTFBcHN7kLuz2OvgQa","previousCounter":0,"rootKey":"hJdt65JVm/alKEHqQslm02SlBI2eSm6gAz4vNlP8px0="},"indexInfo":{"baseKey":"BYojMLcsG/q1O56X4tchPhaZcB8ahU9gBENY/dIPX1tt","baseKeyType":1,"closed":-1,"used":1734398780472,"created":1734398780472,"remoteIdentityKey":"BU+JQb4X3LzgZYE1CN62u+olJfEekNEpPwXOMaqi3P1u"},"_chains":{"Ba5G/KTH80nsF8vBgnZb+8uOwgAgIFl2yl/e47v0oZ5M":{"chainKey":{"counter":0,"key":"c6nVxzbcl/XXmIzfjIhU42Kg7zBbChS1J9VOnYJWMOs="},"chainType":1,"messageKeys":{}}},"pendingPreKey":{"signedKeyId":5,"baseKey":"BYojMLcsG/q1O56X4tchPhaZcB8ahU9gBENY/dIPX1tt","preKeyId":15842649}}},"version":"v1"}