{"_sessions":{"BeK4VKpmcG791P6w4v9Ppw7IoVCBdIxMd5YS07FPRzMS":{"registrationId":2088057822,"currentRatchet":{"ephemeralKeyPair":{"pubKey":"BYBEX0UXhmnZEajMizco5FvpUrnfbPWZH6vCQTzauGcA","privKey":"eIwPqEJw2+BGkdun8JQ9RmEsV9oSr6TboM2dJMQS82E="},"lastRemoteEphemeralKey":"BYAaavA/aqaAIgoINKFHOPqU0tkpqsoHEhS/l/nhaBE5","previousCounter":0,"rootKey":"YwX248qM93yWNhDolVlaHDJBhKun4ZDH0o91Z+coYcQ="},"indexInfo":{"baseKey":"BeK4VKpmcG791P6w4v9Ppw7IoVCBdIxMd5YS07FPRzMS","baseKeyType":1,"closed":-1,"used":1734398780432,"created":1734398780432,"remoteIdentityKey":"BY67ivemKcdOTMtgnprzJozmjqZ841ud5GziomPgkb0w"},"_chains":{"BYBEX0UXhmnZEajMizco5FvpUrnfbPWZH6vCQTzauGcA":{"chainKey":{"counter":0,"key":"1SlcFtjnkpEVwJiYDJsB7TfMuWZQYJ33BgkdvIo/DrU="},"chainType":1,"messageKeys":{}}},"pendingPreKey":{"signedKeyId":0,"baseKey":"BeK4VKpmcG791P6w4v9Ppw7IoVCBdIxMd5YS07FPRzMS","preKeyId":2508}}},"version":"v1"}