{"_sessions":{"BUIVWsVrrgp8CG6RLYue47Ui/sF3ky4BW05IUMsyfkV4":{"registrationId":83424355,"currentRatchet":{"ephemeralKeyPair":{"pubKey":"BQv4QBk55TrZ1t8hxlEnW+OxrLhzxVvJ4aW1EM+1yztz","privKey":"SCA77dIBFx0TdzHgzxNbRyXPPlSmLe/IfhFfaQ48oks="},"lastRemoteEphemeralKey":"Bbl6wWK5SanTDaH0tCQpmqBZgXFci1+dObGBO9VsV8Ya","previousCounter":0,"rootKey":"76rZmx8fW1IxNOq7UcRSzOUyrA51xLJmStH4M4G35QU="},"indexInfo":{"baseKey":"BUIVWsVrrgp8CG6RLYue47Ui/sF3ky4BW05IUMsyfkV4","baseKeyType":1,"closed":-1,"used":1734398778198,"created":1734398778198,"remoteIdentityKey":"BZXGST2dcEdRjLbFpnKeff6/mWOEWMy7XkBlk/ZwcZMV"},"_chains":{"BQv4QBk55TrZ1t8hxlEnW+OxrLhzxVvJ4aW1EM+1yztz":{"chainKey":{"counter":0,"key":"+xyoGrf300f8IWeEFee//Ke46s98/DHvM0znS+MC/BU="},"chainType":1,"messageKeys":{}}},"pendingPreKey":{"signedKeyId":1,"baseKey":"BUIVWsVrrgp8CG6RLYue47Ui/sF3ky4BW05IUMsyfkV4","preKeyId":10498580}}},"version":"v1"}