{"_sessions":{"BV0G3rYWek61bC2n8bQ6anCHxbBZLv5waesDAaopR0cy":{"registrationId":959047074,"currentRatchet":{"ephemeralKeyPair":{"pubKey":"BVRy6W6Aq/4GFk/HC8GqVhv0dRiYB5Pg8mdf+7Sw3Rh1","privKey":"APXLY7YSzjBtJoNKdAGdqm01x+yypkOC/3mOgOGRoWE="},"lastRemoteEphemeralKey":"Be7vdRodhWZ4A4pHLOGJQ2kLQUFdC/pC/3eUAR2FQCNx","previousCounter":0,"rootKey":"bp4dtUQUWCWpNrLmCO3oZaE+N8LA08I7vtFscRo9dGI="},"indexInfo":{"baseKey":"BV0G3rYWek61bC2n8bQ6anCHxbBZLv5waesDAaopR0cy","baseKeyType":1,"closed":-1,"used":1734398775761,"created":1734398775761,"remoteIdentityKey":"BdXIVkqnV8IK1l9emkzbYJwyhKBC0CYCsaZCzc6yI2ZH"},"_chains":{"BVRy6W6Aq/4GFk/HC8GqVhv0dRiYB5Pg8mdf+7Sw3Rh1":{"chainKey":{"counter":0,"key":"NsK3EL0gyuzNxloz2rG6hTX3xWBzx/CplSBVY98lT3E="},"chainType":1,"messageKeys":{}}},"pendingPreKey":{"signedKeyId":4,"baseKey":"BV0G3rYWek61bC2n8bQ6anCHxbBZLv5waesDAaopR0cy","preKeyId":14599835}}},"version":"v1"}