{"_sessions":{"BbV8+0DnunhFG2ZYvLm3wf/WHtZ5KvkPrw1LvnfRGlpA":{"registrationId":50857152,"currentRatchet":{"ephemeralKeyPair":{"pubKey":"BRp9P/CJXjmFDmbppxLzltbXcRtjkwTeIKbHpf+1ec1t","privKey":"8FHPi2ynKzv+wU6/GPwmfPEwlyWYPL9AHn1z1SQUf1Q="},"lastRemoteEphemeralKey":"BT9TM/XhV7INuYBlcvXDOZO0HZ3h7fUsRzxz8ik36MJf","previousCounter":0,"rootKey":"3KtgexS/+2z67pEeNN4qs76D1Fn4EIUqssQOo6kfbwM="},"indexInfo":{"baseKey":"BbV8+0DnunhFG2ZYvLm3wf/WHtZ5KvkPrw1LvnfRGlpA","baseKeyType":1,"closed":-1,"used":1734398773179,"created":1734398773179,"remoteIdentityKey":"BV8B3umHwvBRHAo2uENtkUOmEJ9dllLG5/pZ/H/H0ctK"},"_chains":{"BRp9P/CJXjmFDmbppxLzltbXcRtjkwTeIKbHpf+1ec1t":{"chainKey":{"counter":0,"key":"0YkfgtTaovaIDDzDYSzh/k8SH6GRsn2ChaKOwJUMtzQ="},"chainType":1,"messageKeys":{}}},"pendingPreKey":{"signedKeyId":0,"baseKey":"BbV8+0DnunhFG2ZYvLm3wf/WHtZ5KvkPrw1LvnfRGlpA","preKeyId":10823915}}},"version":"v1"}