{"_sessions":{"BRW7beOwzY8xOhWecelAX521ZVY4PWryEbKWbdHUzEB9":{"registrationId":1960957686,"currentRatchet":{"ephemeralKeyPair":{"pubKey":"BamJBhKsW9tOv9Ik7lT+w37p+Ar3gqo0Bx5Z7KoIQi4X","privKey":"0HszijfJESMgCgjY6dW0yPjxQ3TrYyS6E26ZtZ44DU0="},"lastRemoteEphemeralKey":"BQQKu851yz5+uDg4IhQE4hXx6F9/mFXZe4u9kT0fscZV","previousCounter":0,"rootKey":"BQEvOzp3Eb1I+UL/37JH11dbl+85PkxEAktLQ39WwF4="},"indexInfo":{"baseKey":"BRW7beOwzY8xOhWecelAX521ZVY4PWryEbKWbdHUzEB9","baseKeyType":1,"closed":-1,"used":1734398566854,"created":1734398566854,"remoteIdentityKey":"BTLM5bwTW2GgZSY4hTjm+62AW5pCxitOayhL8bpFqT88"},"_chains":{"BamJBhKsW9tOv9Ik7lT+w37p+Ar3gqo0Bx5Z7KoIQi4X":{"chainKey":{"counter":9,"key":"xMvQOo5oGHs43LLf8xsZQfynPdKpIx2C4olqmvPja+w="},"chainType":1,"messageKeys":{}}},"pendingPreKey":{"signedKeyId":5,"baseKey":"BRW7beOwzY8xOhWecelAX521ZVY4PWryEbKWbdHUzEB9","preKeyId":5636979}}},"version":"v1"}