{"_sessions":{"BQ0/gtw3j8b/AbtqREaQw6mNESGHAP6GUB8e2YBF5axF":{"registrationId":1929480188,"currentRatchet":{"ephemeralKeyPair":{"pubKey":"BXBZavbgWheRi0Or2g35gA/18aoREQDEeIYyylqgIEwd","privKey":"SKbLV6JxfRlgm+eUBjejmlPRlq8NXKBXW5OzNU26Dkg="},"lastRemoteEphemeralKey":"BQr9URXaSkY4c71xSKd6qi56wHyHW/XSvkglCn9ISH5b","previousCounter":0,"rootKey":"G7H3vIcF6caGTyEmDTT26mNSrkMW+z9/LL82wb7pEMA="},"indexInfo":{"baseKey":"BQ0/gtw3j8b/AbtqREaQw6mNESGHAP6GUB8e2YBF5axF","baseKeyType":1,"closed":-1,"used":1734398773037,"created":1734398773037,"remoteIdentityKey":"BY6qHCShJHFUM4/lsmveelSA8sLNoAtDxk8pY+i+dRAK"},"_chains":{"BXBZavbgWheRi0Or2g35gA/18aoREQDEeIYyylqgIEwd":{"chainKey":{"counter":0,"key":"1BbhO4/g6aDMXvezuqzjuwFyrJ5h78qJuPR5K0IzMgM="},"chainType":1,"messageKeys":{}}},"pendingPreKey":{"signedKeyId":1,"baseKey":"BQ0/gtw3j8b/AbtqREaQw6mNESGHAP6GUB8e2YBF5axF"}}},"version":"v1"}