{"_sessions":{"BQB56L0cmBxMPg5ZVJkDTWbfd2hsbNbWKq0vjebrkZ8+":{"registrationId":1866354960,"currentRatchet":{"ephemeralKeyPair":{"pubKey":"Bakw7kvARA1gJif1P+6pQ5OMzwLLPsG2B9d+/zjbsIUB","privKey":"yGweqrr8JucR4+stg58pVmNkElhGeXcrTCothXklb34="},"lastRemoteEphemeralKey":"Bb/0j5PYXUE9+XiYP+rgVbzWG0IL+HTevdfBoCUiJCIz","previousCounter":0,"rootKey":"K4YlGdsW8sQ0fm/UfVgaj3cDwFX2pmQ0ouicv1JQmz4="},"indexInfo":{"baseKey":"BQB56L0cmBxMPg5ZVJkDTWbfd2hsbNbWKq0vjebrkZ8+","baseKeyType":1,"closed":-1,"used":1734398778167,"created":1734398778167,"remoteIdentityKey":"BQdjEujP9dQ0sFi3yIa/5lJ8FUZ+aGB83SrS+aDZHhh4"},"_chains":{"Bakw7kvARA1gJif1P+6pQ5OMzwLLPsG2B9d+/zjbsIUB":{"chainKey":{"counter":0,"key":"F+mVFYngbkOX5ezWrekJqvBJLe2u7WE1mOOliuO9Lyc="},"chainType":1,"messageKeys":{}}},"pendingPreKey":{"signedKeyId":2,"baseKey":"BQB56L0cmBxMPg5ZVJkDTWbfd2hsbNbWKq0vjebrkZ8+","preKeyId":15648818}}},"version":"v1"}