{"_sessions":{"BZHCPCW8ZBTmdlD/wasjoDqU1Q7TTbVjuxI6Yy+x2A4Q":{"registrationId":1074055917,"currentRatchet":{"ephemeralKeyPair":{"pubKey":"BTfqfo1/5izJyAIztBw25EiJpnDHnj4DhyE7ngteqp86","privKey":"4MM6z2tQHhQJxRByMcaB5GWmHrRGOGK44gMvABfKlHk="},"lastRemoteEphemeralKey":"BZzFe22ymxVJXJl6juFJzHXdTsKn8iyr826/JX9l9MNa","previousCounter":0,"rootKey":"taE+O/jqYcMvMCiqcmsepf5p8tWph2KYhJOcK8f5qH0="},"indexInfo":{"baseKey":"BZHCPCW8ZBTmdlD/wasjoDqU1Q7TTbVjuxI6Yy+x2A4Q","baseKeyType":2,"closed":-1,"used":1734398697318,"created":1734398697318,"remoteIdentityKey":"BWXkVNgjSKJSKQGNucKGeeKGOERqMyxhaoQpfqrsuuFT"},"_chains":{"BZzFe22ymxVJXJl6juFJzHXdTsKn8iyr826/JX9l9MNa":{"chainKey":{"counter":0,"key":"TyJOR8Y1pfB6mFLYtqZ1PQ4EuSz9uHwT5ofQc9jK9fk="},"chainType":2,"messageKeys":{}},"BTfqfo1/5izJyAIztBw25EiJpnDHnj4DhyE7ngteqp86":{"chainKey":{"counter":-1,"key":"ZXz52CSV1HH9JI0T4feNKrdvPvytwRXGDDaRKRiEhlo="},"chainType":1,"messageKeys":{}}}}},"version":"v1"}