{"_sessions":{"BTKfgS22/SSScAbvDYV1X0odAsk2XR+LSRm/RYtqmw4b":{"registrationId":1509138687,"currentRatchet":{"ephemeralKeyPair":{"pubKey":"BbNgN0b4VVOKnqzE8wanjrXuF31Ds5zNvv8e44zCOvdA","privKey":"aJF5efGXPSfhDMcDfrHNrBvHKcaJnjYFBkVDEzoWLXE="},"lastRemoteEphemeralKey":"BbHDk5QxxPXiA82cEpFvGJRuarkqyfJHkMYgU1de4YAG","previousCounter":0,"rootKey":"jnRANdrDpYYu0PLGffCl72LQRnhW9xKO2jvbL1wyWq8="},"indexInfo":{"baseKey":"BTKfgS22/SSScAbvDYV1X0odAsk2XR+LSRm/RYtqmw4b","baseKeyType":1,"closed":-1,"used":1734398778305,"created":1734398778305,"remoteIdentityKey":"BbrLPipOVSCZ1MqJE76xfF+tvv4HqnQIp5cZppQTsK4Q"},"_chains":{"BbNgN0b4VVOKnqzE8wanjrXuF31Ds5zNvv8e44zCOvdA":{"chainKey":{"counter":0,"key":"M+qkG/3IlGHghIByCZIFHd6QcTnbnn7pHR9aavv7tpM="},"chainType":1,"messageKeys":{}}},"pendingPreKey":{"signedKeyId":1,"baseKey":"BTKfgS22/SSScAbvDYV1X0odAsk2XR+LSRm/RYtqmw4b","preKeyId":12001119}}},"version":"v1"}