{"_sessions":{"BdMKufcDQUbULsl4BdGScUmeTlUbAKCUkpbNfBj4R4o5":{"registrationId":2088587445,"currentRatchet":{"ephemeralKeyPair":{"pubKey":"BVe2iP7uVXRSxf1QrQOuTLDP+/vf+d/AD65h2ymgOZQz","privKey":"yF1+X/oqie77s/lGILvNRLJCnQEVAJM1S04+ovdbgmo="},"lastRemoteEphemeralKey":"BV/Y7MyaEm9pS0igwuXWLF41sKYj+ddIUbszMH8gxC9y","previousCounter":0,"rootKey":"txAclGKX570ktxpd5ceX0Z4V7VcimXL8JNN+UtjZcFY="},"indexInfo":{"baseKey":"BdMKufcDQUbULsl4BdGScUmeTlUbAKCUkpbNfBj4R4o5","baseKeyType":1,"closed":-1,"used":1734398771397,"created":1734398771397,"remoteIdentityKey":"BXs7GacCVAqKzvS1lPxpNZpkT16vj6RDL6vLbjp4m6Nn"},"_chains":{"BVe2iP7uVXRSxf1QrQOuTLDP+/vf+d/AD65h2ymgOZQz":{"chainKey":{"counter":0,"key":"CioCzIH+XZQoC8eqrmsNcHdx1Hxc33e7hB5doAeRsDA="},"chainType":1,"messageKeys":{}}},"pendingPreKey":{"signedKeyId":36,"baseKey":"BdMKufcDQUbULsl4BdGScUmeTlUbAKCUkpbNfBj4R4o5","preKeyId":1369224}}},"version":"v1"}