{"_sessions":{"BYoaMw8TaMTt+acxxT7CryW43NRN05YmCO/dL6TrDmJ0":{"registrationId":2013159416,"currentRatchet":{"ephemeralKeyPair":{"pubKey":"BYcJnOpZdGbiPsPUgLcXV7wGdDNHC8Hq5iarHlHjjBw9","privKey":"MGltdzofGM9eVrlJ2pU8RLtpz6VLmfPrvnGRmiXDklg="},"lastRemoteEphemeralKey":"BeLOMxL4HCcpl4hPJ16n7iIz5/QfnnbAbXjExzwLMN5t","previousCounter":0,"rootKey":"NepRQr33BamE0ew3QE1miBBHbQ4uF1aYs1tkJ4CfK08="},"indexInfo":{"baseKey":"BYoaMw8TaMTt+acxxT7CryW43NRN05YmCO/dL6TrDmJ0","baseKeyType":1,"closed":-1,"used":1734398778125,"created":1734398778125,"remoteIdentityKey":"BeoGiM3Kq+24ODRUsd9hxGCdoAWfwlf4Y9jLO2RPzV5F"},"_chains":{"BYcJnOpZdGbiPsPUgLcXV7wGdDNHC8Hq5iarHlHjjBw9":{"chainKey":{"counter":0,"key":"EZ32zqfxNy2JzFFOxDL42nGCPNYJ5sTXF+zflL+nnog="},"chainType":1,"messageKeys":{}}},"pendingPreKey":{"signedKeyId":6,"baseKey":"BYoaMw8TaMTt+acxxT7CryW43NRN05YmCO/dL6TrDmJ0","preKeyId":6258075}}},"version":"v1"}