{"_sessions":{"BYQSsPBMj4wZbwJZyrf8+2VhNGoqNow8BSPVlVjbw8UZ":{"registrationId":1492309390,"currentRatchet":{"ephemeralKeyPair":{"pubKey":"BRIRvugzNVSEUigqgLiJp8bmYhzU5AfpD2ev55be8ctV","privKey":"2CPQwXfE2eKO8MJkA38qyJnqKY16pLWJ8s+QLa8YplM="},"lastRemoteEphemeralKey":"BWYO242J5iCdeOWy/R/6v+b2M/NJn7NrtjVMge43Y8I6","previousCounter":0,"rootKey":"zPEYVe2TPowDv9BwmElyardIBqd7ki9Zrtt31Rc1U9g="},"indexInfo":{"baseKey":"BYQSsPBMj4wZbwJZyrf8+2VhNGoqNow8BSPVlVjbw8UZ","baseKeyType":1,"closed":-1,"used":1734398778225,"created":1734398778225,"remoteIdentityKey":"Bd0FTNNn4IX2loTujjYLKsnJu0iR03Z7usM5qQL4w5s2"},"_chains":{"BRIRvugzNVSEUigqgLiJp8bmYhzU5AfpD2ev55be8ctV":{"chainKey":{"counter":0,"key":"CdSldFR8kSh2Pw48LQqOWjl6C/VjjGJnsmJY+nH5MfI="},"chainType":1,"messageKeys":{}}},"pendingPreKey":{"signedKeyId":3,"baseKey":"BYQSsPBMj4wZbwJZyrf8+2VhNGoqNow8BSPVlVjbw8UZ","preKeyId":12484702}}},"version":"v1"}