{"_sessions":{"BaJj8Bo5R4Oes52u1iqnWVjSao4W1NCaQEOIfoxz2OF+":{"registrationId":1343969645,"currentRatchet":{"ephemeralKeyPair":{"pubKey":"BTR8aTL7MT33pMmtOF8WDGR7e41QWGZDqVTxCcWE+qwm","privKey":"YAIivZ+GWLqpaWibqOnSkCfGUNfeLFv9KH76mgH8M1c="},"lastRemoteEphemeralKey":"BSTe+p/cxa0p7Jc/Yo/LaQWi+MDobBJnxAleMPKDnvU+","previousCounter":0,"rootKey":"AQg0xRpjvS/ngS/DKTR2BIx5ZEwiDN0sM/6N+KDHL8E="},"indexInfo":{"baseKey":"BaJj8Bo5R4Oes52u1iqnWVjSao4W1NCaQEOIfoxz2OF+","baseKeyType":1,"closed":-1,"used":1734398780367,"created":1734398780367,"remoteIdentityKey":"BQdY01YWJ3WGaTc2MDi4q4ggXwrGBxHSyk4BPAIf+twz"},"_chains":{"BTR8aTL7MT33pMmtOF8WDGR7e41QWGZDqVTxCcWE+qwm":{"chainKey":{"counter":0,"key":"VxPUEsd7rZiJzuYkkFsIDELc6RocACqAtfeIL1+d3WA="},"chainType":1,"messageKeys":{}}},"pendingPreKey":{"signedKeyId":2,"baseKey":"BaJj8Bo5R4Oes52u1iqnWVjSao4W1NCaQEOIfoxz2OF+","preKeyId":16132842}}},"version":"v1"}