{"_sessions":{"BX5uc5r4rQkKjMQzVIcl4zOS/Rt+9eicv99BT2yaqHIX":{"registrationId":1614564795,"currentRatchet":{"ephemeralKeyPair":{"pubKey":"BbPCEgXeEnoY4BcJqoT3Mxo4gGwAXouNuYCreCVk9+QD","privKey":"KBPLC70IDGn4GXtBMEO1sz4WRjV58owqWCMHeFwkpX4="},"lastRemoteEphemeralKey":"Be2hx8d6xvEGbwH5T96ZIzRtwKJy4i8IBqvTGaOisW18","previousCounter":0,"rootKey":"4IgQY0v5OR9uioK3uZyV8YY6cLznFcU86sJXXqJcLpk="},"indexInfo":{"baseKey":"BX5uc5r4rQkKjMQzVIcl4zOS/Rt+9eicv99BT2yaqHIX","baseKeyType":1,"closed":-1,"used":1734398780410,"created":1734398780410,"remoteIdentityKey":"BWjqH96DkkwDYqjZCMSjXX5GkPVOMeCAVblZ28v7HW00"},"_chains":{"BbPCEgXeEnoY4BcJqoT3Mxo4gGwAXouNuYCreCVk9+QD":{"chainKey":{"counter":0,"key":"T+Q2JvemugpzI+32jucuHUUgvmfWgOUufUJhcHHPxNY="},"chainType":1,"messageKeys":{}}},"pendingPreKey":{"signedKeyId":5,"baseKey":"BX5uc5r4rQkKjMQzVIcl4zOS/Rt+9eicv99BT2yaqHIX","preKeyId":859434}}},"version":"v1"}