{"_sessions":{"Beby4OP9i32RW3htbr+US/TJdIJszFxXh4vH3EfULJt1":{"registrationId":278133801,"currentRatchet":{"ephemeralKeyPair":{"pubKey":"BQ2WMKnn5WKbXKyoW8GR1/8lkFxeXFb4YEfHcmn/C+Fk","privKey":"KCU8iPm4JmAprA38inGd290vYEhk3hJCcqJVst+PLk8="},"lastRemoteEphemeralKey":"BV97ENNCXzFtJRMS3CvSD+ck5yOG/Q+h3u4ibtUtqSp5","previousCounter":0,"rootKey":"C49qOt2OvLPw2FMsLDx3H0jPeA7wS39AFqCe4HIqCYw="},"indexInfo":{"baseKey":"Beby4OP9i32RW3htbr+US/TJdIJszFxXh4vH3EfULJt1","baseKeyType":1,"closed":-1,"used":1734398778335,"created":1734398778335,"remoteIdentityKey":"BWs/cumR2GeHxvUrMTPVorlOm4DekXq0D1uA4ggV2fZ2"},"_chains":{"BQ2WMKnn5WKbXKyoW8GR1/8lkFxeXFb4YEfHcmn/C+Fk":{"chainKey":{"counter":0,"key":"ezYl1zzlp7ZWUSJreXy/bZ84xivp2ZDWx0wMLtiNRCY="},"chainType":1,"messageKeys":{}}},"pendingPreKey":{"signedKeyId":10,"baseKey":"Beby4OP9i32RW3htbr+US/TJdIJszFxXh4vH3EfULJt1","preKeyId":9782770}}},"version":"v1"}