{"_sessions":{"BaecFvVSeGIdXhstjVNuOCCqG1CNt9LW3tga96tm3tov":{"registrationId":1783420143,"currentRatchet":{"ephemeralKeyPair":{"pubKey":"Bal7b4FL5KgYu2vp2R02vJi8dvbEQ3QSZZqBT/H1/wYw","privKey":"2C36DVgRlDG6/Wtmf8b3sb4bKy4NFyEoOey5UJM5R1Y="},"lastRemoteEphemeralKey":"BeOAOlsje9dL5yIxGbt/V2ZT0VzBub/kRJwOeJKTqdNK","previousCounter":0,"rootKey":"Ev9B85PMpgKnaHfLmxn9P0wSRhSWh4ups5GB9HneICM="},"indexInfo":{"baseKey":"BaecFvVSeGIdXhstjVNuOCCqG1CNt9LW3tga96tm3tov","baseKeyType":1,"closed":-1,"used":1734398773182,"created":1734398773182,"remoteIdentityKey":"BePWm5cbA+yfj9ZZURaVPxp4VAsSJmspOI7KJHJzVB88"},"_chains":{"Bal7b4FL5KgYu2vp2R02vJi8dvbEQ3QSZZqBT/H1/wYw":{"chainKey":{"counter":0,"key":"MGVTP25UGytAnvgwh4yIKkhFfKUQ8cS/wVzTHkzYVQ8="},"chainType":1,"messageKeys":{}}},"pendingPreKey":{"signedKeyId":0,"baseKey":"BaecFvVSeGIdXhstjVNuOCCqG1CNt9LW3tga96tm3tov","preKeyId":14247230}}},"version":"v1"}