{"_sessions":{"BZQqZqwh//Fkqxezfjlp2VS5/xqNzZieSne26UAojjoV":{"registrationId":1258222760,"currentRatchet":{"ephemeralKeyPair":{"pubKey":"Bddn/pGDAh8v4lsX1UHuObKg+aSlh1CGPtj6DdRLo2R2","privKey":"kABaVol3pZX59uFtuAvERY5NxmyIFr4K/Er/Esb4OG8="},"lastRemoteEphemeralKey":"BQBTP4MnRQRxCHciAHjF+8Xy+AMpF4YbKx9n9Cfbd5F4","previousCounter":0,"rootKey":"lrC5tsEaXH8SEjON4+VTF4qidVBJhKBQ/JCYEJfCMas="},"indexInfo":{"baseKey":"BZQqZqwh//Fkqxezfjlp2VS5/xqNzZieSne26UAojjoV","baseKeyType":1,"closed":-1,"used":1734398773024,"created":1734398773024,"remoteIdentityKey":"BQjGZYNnKZYqHVVkW4Yfgnl5qGtOBb3X23o890MgizY8"},"_chains":{"Bddn/pGDAh8v4lsX1UHuObKg+aSlh1CGPtj6DdRLo2R2":{"chainKey":{"counter":0,"key":"4LBTI6xbgKhlkb3u+0CAVv4t9p0TUio5TyfNn8puODs="},"chainType":1,"messageKeys":{}}},"pendingPreKey":{"signedKeyId":7,"baseKey":"BZQqZqwh//Fkqxezfjlp2VS5/xqNzZieSne26UAojjoV","preKeyId":5133652}}},"version":"v1"}