{"_sessions":{"BU1EHUvKtTiI/U4VCporhfBwCE9QTwcP0K5STpGP7mxo":{"registrationId":318157903,"currentRatchet":{"ephemeralKeyPair":{"pubKey":"Ba2N2mqtYXlZYQrZfd722cB92I3YJujxl6DfAtJ7y0I7","privKey":"kBBkC3iF3D2qZmm27oIOh4hVOqe9WBJqZE0YbFcy00A="},"lastRemoteEphemeralKey":"BfY+gtgWjNsYuwcnos2+KtH1JSquhSKlmpZs7oZRz7lC","previousCounter":0,"rootKey":"TJADqoF8pFrcMmIouTrzmT8YdVay8wbMzSb9kQmaAc0="},"indexInfo":{"baseKey":"BU1EHUvKtTiI/U4VCporhfBwCE9QTwcP0K5STpGP7mxo","baseKeyType":1,"closed":-1,"used":1734398778127,"created":1734398778127,"remoteIdentityKey":"BZhjLEoCq7xqPgym9SaDpQbaiaUWOLjczi85BwUDsZZy"},"_chains":{"Ba2N2mqtYXlZYQrZfd722cB92I3YJujxl6DfAtJ7y0I7":{"chainKey":{"counter":0,"key":"JTkOEcIYHJqnYsx+mrElVREbwuddcJZWVa2wvK4Qy+U="},"chainType":1,"messageKeys":{}}},"pendingPreKey":{"signedKeyId":0,"baseKey":"BU1EHUvKtTiI/U4VCporhfBwCE9QTwcP0K5STpGP7mxo"}}},"version":"v1"}