{"_sessions":{"BZOiRllAmYy2CetTMCZLrWDpM/AZINZCzu+OkC1JQDxY":{"registrationId":1126253404,"currentRatchet":{"ephemeralKeyPair":{"pubKey":"BWjOcrIVWQd3qB//i3IrKsx2SY9zjD3q2CVUsXSf4e9b","privKey":"yOA8LoaCOWfKFdU8qxV4FKKqe80UuCkU0tT73ivJ3GE="},"lastRemoteEphemeralKey":"BUVE49pQscaRm/KMwaplWTFxIn4WkcKpq+9HD1bus+Eb","previousCounter":0,"rootKey":"s9RCx88j/p67uasILIKaakSoeKHxEuxPGjS/PizVB+E="},"indexInfo":{"baseKey":"BZOiRllAmYy2CetTMCZLrWDpM/AZINZCzu+OkC1JQDxY","baseKeyType":1,"closed":-1,"used":1734398778289,"created":1734398778289,"remoteIdentityKey":"BUwaO2lkFxfNTZs6oBzkK7a3KUxe5zTfsF6pNvZHBIwG"},"_chains":{"BWjOcrIVWQd3qB//i3IrKsx2SY9zjD3q2CVUsXSf4e9b":{"chainKey":{"counter":0,"key":"7gEY05HMziwvjn5gituKXj1nhcoKax1XAINrphrXPBc="},"chainType":1,"messageKeys":{}}},"pendingPreKey":{"signedKeyId":0,"baseKey":"BZOiRllAmYy2CetTMCZLrWDpM/AZINZCzu+OkC1JQDxY"}}},"version":"v1"}