{"_sessions":{"BS9n1TpEUdady4d2wxSjo/WsZAJXBUf35FKKiaCbt/VW":{"registrationId":1839329506,"currentRatchet":{"ephemeralKeyPair":{"pubKey":"BQ+ejgwtBiQ8cSsBzh2KNvRoBS0n21312qNJn/BmTDBK","privKey":"aALL9SudsEz6msTKsMWiqi5nSQGyzTEqTZ7nX2Rct3I="},"lastRemoteEphemeralKey":"BbnFkElZtiifcHLitbH8+pWIGH5pSJdVYimL2Bvcfc4t","previousCounter":0,"rootKey":"CdZ76vAhkqeZZxna9cEx7Ces7fl/06zC5Xch2iFgsb4="},"indexInfo":{"baseKey":"BS9n1TpEUdady4d2wxSjo/WsZAJXBUf35FKKiaCbt/VW","baseKeyType":1,"closed":-1,"used":1734398780399,"created":1734398780399,"remoteIdentityKey":"BT75q80ZjhK2nQYuZkLx+rm8DFJxdecPI4cESILg72RK"},"_chains":{"BQ+ejgwtBiQ8cSsBzh2KNvRoBS0n21312qNJn/BmTDBK":{"chainKey":{"counter":0,"key":"DxYpoFErdNGYqy4ytBqsSS1XHIkYamstbPx8Q1WaTPU="},"chainType":1,"messageKeys":{}}},"pendingPreKey":{"signedKeyId":8,"baseKey":"BS9n1TpEUdady4d2wxSjo/WsZAJXBUf35FKKiaCbt/VW","preKeyId":7865796}}},"version":"v1"}