{"_sessions":{"BaamLz59eOOMCRxY6lv/2Pv6aV5gmEnRJLiUkMbiAOR7":{"registrationId":1448977467,"currentRatchet":{"ephemeralKeyPair":{"pubKey":"BU597xEpGWNPBZtDjDl1tHOXvQY/FkliBskIBNWqCEtW","privKey":"iOSWxAFzwxfgrwlHEBYMRW3ohWiVHjnamyvRe3zFtXQ="},"lastRemoteEphemeralKey":"Bek9H8uMjUWXrpMLWxyNg07erMDWLUY91XUpFIJH2Mlu","previousCounter":0,"rootKey":"qu0i4WMoxZCchnjUCixX7OgQ2t+9S4Ru2QL8wt5uxxk="},"indexInfo":{"baseKey":"BaamLz59eOOMCRxY6lv/2Pv6aV5gmEnRJLiUkMbiAOR7","baseKeyType":1,"closed":-1,"used":1734398773287,"created":1734398773287,"remoteIdentityKey":"BbBLMl2aQcbIlXNweI/2btGuW3HTOrrHQ9F2e/Tb6Zo6"},"_chains":{"BU597xEpGWNPBZtDjDl1tHOXvQY/FkliBskIBNWqCEtW":{"chainKey":{"counter":0,"key":"yLiyz3ArslNkbufAgqMCsuUzfmk05I2r/k92qx0JF0E="},"chainType":1,"messageKeys":{}}},"pendingPreKey":{"signedKeyId":19,"baseKey":"BaamLz59eOOMCRxY6lv/2Pv6aV5gmEnRJLiUkMbiAOR7","preKeyId":15326968}}},"version":"v1"}