{"_sessions":{"BX/uH5zYKLPur2G+QNucUno8S9LVm4frhgnSC0r5ukVb":{"registrationId":599022618,"currentRatchet":{"ephemeralKeyPair":{"pubKey":"BfHTOa7/MFj9FVtV6JC1VtT/VVCh8PhVtxpS14765VB1","privKey":"0Ev+KUwcEuHBM+JGKuAwbgDZkmqAVitPqpDl6mtoanw="},"lastRemoteEphemeralKey":"BekUhShXul63twyYhXBkmJfvv0mB6bLlbrEsoI+YYjEl","previousCounter":0,"rootKey":"/X2WCzUWLYA+zxLgEDtQAHdRVhIQA3cFk71e4rzVq2w="},"indexInfo":{"baseKey":"BX/uH5zYKLPur2G+QNucUno8S9LVm4frhgnSC0r5ukVb","baseKeyType":1,"closed":-1,"used":1734398780439,"created":1734398780439,"remoteIdentityKey":"BfZlKuA71lIyPVdKFY+qEWr9xP419bCEjSWDUlA293oy"},"_chains":{"BfHTOa7/MFj9FVtV6JC1VtT/VVCh8PhVtxpS14765VB1":{"chainKey":{"counter":0,"key":"aScSUd/0oocZB9fuTA9RmE0L7i6vGRzZ2AUBtlLWeiE="},"chainType":1,"messageKeys":{}}},"pendingPreKey":{"signedKeyId":17,"baseKey":"BX/uH5zYKLPur2G+QNucUno8S9LVm4frhgnSC0r5ukVb"}}},"version":"v1"}