{"_sessions":{"BUHG+wlJSQLk4aVsoFZtTNxQa8phMxXyt8CEnzMf3F0O":{"registrationId":266247013,"currentRatchet":{"ephemeralKeyPair":{"pubKey":"BfmTpx6G/1HI00uewKliK4I+78zybeYiEGX50dH0bMVK","privKey":"8CZegsKMaY4tSSmQIPVcvmB2G4vD1EFiUWhBDTe0lno="},"lastRemoteEphemeralKey":"BTvTqprT+I0BStnO5t/9yvY7V1nbL5aUQTuPdx821NM3","previousCounter":0,"rootKey":"3cqzclnYZgCr86n3DCXQ5C7rJga+nJCn51c5svY//PI="},"indexInfo":{"baseKey":"BUHG+wlJSQLk4aVsoFZtTNxQa8phMxXyt8CEnzMf3F0O","baseKeyType":1,"closed":-1,"used":1734398773151,"created":1734398773151,"remoteIdentityKey":"BdKjFjAN6xoNvy2rW8DyHVyDEzDk8XXCEQHp+lgAp+JJ"},"_chains":{"BfmTpx6G/1HI00uewKliK4I+78zybeYiEGX50dH0bMVK":{"chainKey":{"counter":0,"key":"vhsFKl/nArkFL5qA41foIL64o2Zrr2bkT3Ei6GZoAjU="},"chainType":1,"messageKeys":{}}},"pendingPreKey":{"signedKeyId":25,"baseKey":"BUHG+wlJSQLk4aVsoFZtTNxQa8phMxXyt8CEnzMf3F0O","preKeyId":11466575}}},"version":"v1"}