{"_sessions":{"BWa0M15jbczeYTMwM0Udo2eNbiejaBM9OY58w9PBlXw3":{"registrationId":761220151,"currentRatchet":{"ephemeralKeyPair":{"pubKey":"BelJmjQWnKz2UbZHo60gWxhDmdUSgEjw/jEYGlq2mPJW","privKey":"8Bu+UQF8l26J82QyDmDJpRWmwmEQyHNfr0sptsjLCG4="},"lastRemoteEphemeralKey":"Bc3x57Fax7tcjv85XqGqVnelrfy5ysJLcnhhCtZGHMwQ","previousCounter":0,"rootKey":"mTAILfhoOhFGK/ksrDfhPcBvaR+g1gc09MosiCZlNa0="},"indexInfo":{"baseKey":"BWa0M15jbczeYTMwM0Udo2eNbiejaBM9OY58w9PBlXw3","baseKeyType":1,"closed":-1,"used":1734398780407,"created":1734398780407,"remoteIdentityKey":"BYtG1thHz/IMJtTD5ZMG5iqPdRSY9c8kZecqbKQkTAVX"},"_chains":{"BelJmjQWnKz2UbZHo60gWxhDmdUSgEjw/jEYGlq2mPJW":{"chainKey":{"counter":0,"key":"MhPS+nuYqYB8jpGjabcfff0rAMF8d5AkRpGKOwtM0sY="},"chainType":1,"messageKeys":{}}},"pendingPreKey":{"signedKeyId":4,"baseKey":"BWa0M15jbczeYTMwM0Udo2eNbiejaBM9OY58w9PBlXw3","preKeyId":6687660}}},"version":"v1"}