{"_sessions":{"BU9jDLIxIjmw4PKlkw4g6LTE8lDh4JjyM+lHo//OpV9w":{"registrationId":1446657799,"currentRatchet":{"ephemeralKeyPair":{"pubKey":"BfngfUdAEA6HACQElhejC3ahbFse6opcbOpTPhSkT9g2","privKey":"YNMpUm82yofk90Oty+DnvxY9w4nGJQOXKlEJ643xdUE="},"lastRemoteEphemeralKey":"BXAhTnonIFVQedLoDvYJ7shYHHQ7KUtBHMkaSXm8lSUU","previousCounter":0,"rootKey":"6bps4Em91CIs/d83TJT2xJMo9JgOvoT1ue/1446G1io="},"indexInfo":{"baseKey":"BU9jDLIxIjmw4PKlkw4g6LTE8lDh4JjyM+lHo//OpV9w","baseKeyType":1,"closed":-1,"used":1734398775641,"created":1734398775641,"remoteIdentityKey":"BWdupwANd3CkH/qIa0xvz+YqfItPJ1wZMjW5It2UWrs4"},"_chains":{"BfngfUdAEA6HACQElhejC3ahbFse6opcbOpTPhSkT9g2":{"chainKey":{"counter":0,"key":"hehtJbSGZbUeY82P4j3NJExCdLXHs4HxyY4aJZ66Bzk="},"chainType":1,"messageKeys":{}}},"pendingPreKey":{"signedKeyId":2,"baseKey":"BU9jDLIxIjmw4PKlkw4g6LTE8lDh4JjyM+lHo//OpV9w","preKeyId":10304256}}},"version":"v1"}