{"_sessions":{"BRyASZzurv/EN6F5CyR6LOokoXrRXqtGZC5MG0QVrisd":{"registrationId":1232779771,"currentRatchet":{"ephemeralKeyPair":{"pubKey":"BUAYqhcbrOLEB3xBeAKWJKmSZLtvrnLGV768FJj9750j","privKey":"sB4uOLA+D192aR7jTAeRskVVVBbsICEsYa6F6x3QVVo="},"lastRemoteEphemeralKey":"BeVVylTRe91NhkgWM9YSaEO6/jZ0qipkf3CiAwjqee0w","previousCounter":0,"rootKey":"NXgwGvI4cTmbKiKlaT0CTcwOFyhgu06gYS3kvWoOM5Y="},"indexInfo":{"baseKey":"BRyASZzurv/EN6F5CyR6LOokoXrRXqtGZC5MG0QVrisd","baseKeyType":1,"closed":-1,"used":1734398775498,"created":1734398775498,"remoteIdentityKey":"Be0iTFtpZOcmIVF2nD18/vOUhl3VlHzclevhpyLmL+kS"},"_chains":{"BUAYqhcbrOLEB3xBeAKWJKmSZLtvrnLGV768FJj9750j":{"chainKey":{"counter":0,"key":"Cw9xcv6i9RyklYKysxZXkXDm382p8xJbcdVMR7MOr5E="},"chainType":1,"messageKeys":{}}},"pendingPreKey":{"signedKeyId":1,"baseKey":"BRyASZzurv/EN6F5CyR6LOokoXrRXqtGZC5MG0QVrisd"}}},"version":"v1"}