{"_sessions":{"BSx1qjIY5IRl+8XBSGKcK4M0iXKxbHIWQ3MffaIAM7N6":{"registrationId":1503743869,"currentRatchet":{"ephemeralKeyPair":{"pubKey":"Bc/0J3o956BsZECyyi6SWfegUC3Tg5mQWv/kYVDSNzhU","privKey":"4Ghmbt7DFvSxNPS8rU66nTQEhstMxVdDe5gTbTgTW0o="},"lastRemoteEphemeralKey":"BZJ1u9n5ufzwt7kvzK6mthPTIjQ8cYxdZk7LoUmEMuN6","previousCounter":0,"rootKey":"XaQhTizF34K5a+jqrSVrRwt+GFqKxuxsBPcd0Up+o2c="},"indexInfo":{"baseKey":"BSx1qjIY5IRl+8XBSGKcK4M0iXKxbHIWQ3MffaIAM7N6","baseKeyType":1,"closed":-1,"used":1734398773162,"created":1734398773162,"remoteIdentityKey":"BRA2QJKLA+I09M/5XACGB0QNiXdLTgzOP+qGnv4ql2UL"},"_chains":{"Bc/0J3o956BsZECyyi6SWfegUC3Tg5mQWv/kYVDSNzhU":{"chainKey":{"counter":0,"key":"bRiQoEjy/0kB0H5S8zO7wKPSzPJrbA0vopddZdjSsQc="},"chainType":1,"messageKeys":{}}},"pendingPreKey":{"signedKeyId":20,"baseKey":"BSx1qjIY5IRl+8XBSGKcK4M0iXKxbHIWQ3MffaIAM7N6"}}},"version":"v1"}