{"_sessions":{"BUVGvRhgET+p+VveY71wavEoGbaB0bXlPFi01KDaJ5U+":{"registrationId":1940492850,"currentRatchet":{"ephemeralKeyPair":{"pubKey":"Bd1IyqjwBOAfXwqdgmKrDCo5111c8rV7VLlJVyPG4IAc","privKey":"iMiyE8+oDN5159OHoR3F8U2PF0L/A4nJHPLxc/Ri31k="},"lastRemoteEphemeralKey":"Ba4LYaG7u5bKnlzTpftx+a1x2YL6a5KUTop7w9NHIqNj","previousCounter":0,"rootKey":"CDTAHySOhcqt1HfGUAWZziauC4IrVr3JHCK925mcyeo="},"indexInfo":{"baseKey":"BUVGvRhgET+p+VveY71wavEoGbaB0bXlPFi01KDaJ5U+","baseKeyType":1,"closed":-1,"used":1734398780500,"created":1734398780500,"remoteIdentityKey":"Be807plDsTL3IpBDTGeek7fb1rOfttuccsaLeNwJhf9r"},"_chains":{"Bd1IyqjwBOAfXwqdgmKrDCo5111c8rV7VLlJVyPG4IAc":{"chainKey":{"counter":0,"key":"d/8fZDzA1XF5AmmgC66ULhNCRobJwP2zwZiojvPaC1I="},"chainType":1,"messageKeys":{}}},"pendingPreKey":{"signedKeyId":1,"baseKey":"BUVGvRhgET+p+VveY71wavEoGbaB0bXlPFi01KDaJ5U+","preKeyId":7414809}}},"version":"v1"}