{"_sessions":{"BTYt3Idcce9Zahssom0f9mq7UHmrXbewngUxq4+8hz0B":{"registrationId":1631344767,"currentRatchet":{"ephemeralKeyPair":{"pubKey":"BaGH0oFwIu+ba4+x3XAAvNL3mdVG1+RZ14jJs+Um5l5+","privKey":"iN+Q5HMxuJs21xJ9kwGl7DVyRI1Ooy1pT8rT6ScJ3UA="},"lastRemoteEphemeralKey":"BXU+M2iiXs/MozYgNk5m3re1dbcwysacOG+jQEzXqyVb","previousCounter":0,"rootKey":"aFgsC0rJkyz+cITA/GF4s1pzKrRglhf9sy/NUdDadYQ="},"indexInfo":{"baseKey":"BTYt3Idcce9Zahssom0f9mq7UHmrXbewngUxq4+8hz0B","baseKeyType":1,"closed":-1,"used":1734398773245,"created":1734398773245,"remoteIdentityKey":"BThieuFdw+wz9I3knP5u12QBapp2QCm/pv7sxW9GZFF7"},"_chains":{"BaGH0oFwIu+ba4+x3XAAvNL3mdVG1+RZ14jJs+Um5l5+":{"chainKey":{"counter":0,"key":"MUtLLRwa69+EaD0tpJAKL90SrsuVZhSsCY07/m/FSqI="},"chainType":1,"messageKeys":{}}},"pendingPreKey":{"signedKeyId":6,"baseKey":"BTYt3Idcce9Zahssom0f9mq7UHmrXbewngUxq4+8hz0B"}}},"version":"v1"}