{"_sessions":{"BZPwdYv6pe5R6oLOXU+gT5VWsKR0/xgk5G2yq6rxqp5g":{"registrationId":699730904,"currentRatchet":{"ephemeralKeyPair":{"pubKey":"BX7unGGCwjpHuD6r/yXOwcHMINr1iR5Hro0T431nwTQv","privKey":"+F53AUE/DV5vN4ABvRMJPpZlwjTfc+cj1Rlh3LG5uHE="},"lastRemoteEphemeralKey":"BSSxyldgbE1hIRuTfUWjkEl3SfWufYzAW9csUHnRkFEd","previousCounter":0,"rootKey":"JrmP9w0vOMcaV3AgeX/mr2FrkdHlE+OtoOGJA0ExqRg="},"indexInfo":{"baseKey":"BZPwdYv6pe5R6oLOXU+gT5VWsKR0/xgk5G2yq6rxqp5g","baseKeyType":1,"closed":-1,"used":1734398780466,"created":1734398780466,"remoteIdentityKey":"BYDyZk2/BZoDZQbO5YMDZ0Puv8iY3XjO0townK2IFhJl"},"_chains":{"BX7unGGCwjpHuD6r/yXOwcHMINr1iR5Hro0T431nwTQv":{"chainKey":{"counter":0,"key":"4MNnBM/37+N0R0x2Mo6gl+p8NnysstCriQMQalmuRm0="},"chainType":1,"messageKeys":{}}},"pendingPreKey":{"signedKeyId":2,"baseKey":"BZPwdYv6pe5R6oLOXU+gT5VWsKR0/xgk5G2yq6rxqp5g","preKeyId":8820121}}},"version":"v1"}