{"_sessions":{"BaY2LaZpaplYEmnS0smHox/3d4CwUctEppeMNtk3Nr1R":{"registrationId":2042754835,"currentRatchet":{"ephemeralKeyPair":{"pubKey":"BbtQWvJvW7JQzOdlpKWTdt0es3CJY+x7nvbkEJMFkA4q","privKey":"SLTLeUXuPUk+zfuzvbKbKzYe2gNq+uDBNDJ3Yly0yEw="},"lastRemoteEphemeralKey":"Bcf+3qVs8+jjh08fQ5DFCLOuxCM5WyH7miJPAQhRVFlW","previousCounter":0,"rootKey":"NhkaClvNOkmf2TH0PamJuQhdq58Qrjbqu1BlvmwfEB0="},"indexInfo":{"baseKey":"BaY2LaZpaplYEmnS0smHox/3d4CwUctEppeMNtk3Nr1R","baseKeyType":1,"closed":-1,"used":1734398780508,"created":1734398780508,"remoteIdentityKey":"BZlfHMYXivDMCaHgf35XKUU5+PD3wCfu47T9zAInjp4A"},"_chains":{"BbtQWvJvW7JQzOdlpKWTdt0es3CJY+x7nvbkEJMFkA4q":{"chainKey":{"counter":0,"key":"TgJJAJNzZUcwbLPugHHf5VWBf4Dn+YY44+V3cPslAIE="},"chainType":1,"messageKeys":{}}},"pendingPreKey":{"signedKeyId":0,"baseKey":"BaY2LaZpaplYEmnS0smHox/3d4CwUctEppeMNtk3Nr1R","preKeyId":16757076}}},"version":"v1"}