{"_sessions":{"BaSuGXDQ9kqOxIFnVpYXw/cmFJ3fvCmk4/sKqjWEQYQq":{"registrationId":878104604,"currentRatchet":{"ephemeralKeyPair":{"pubKey":"BS1gUSq8KifgiuWrFlQSZZYkpGkz9SOUxSR2L28V+IM0","privKey":"EGDqwkuvLO9DAK6bRaGGAXBUM+OfJQYG8IslyK3EsE4="},"lastRemoteEphemeralKey":"BfWZfArkSmq5XrUC/BxwTfTqyIB9d7FuBT2sYAYyCw54","previousCounter":0,"rootKey":"YhOhXkcAvYQFLxs9bEtydk8kKFcpNo1Awrl0tIzagCw="},"indexInfo":{"baseKey":"BaSuGXDQ9kqOxIFnVpYXw/cmFJ3fvCmk4/sKqjWEQYQq","baseKeyType":1,"closed":-1,"used":1734398775536,"created":1734398775536,"remoteIdentityKey":"BYhbCDmM1IsUQn8MOHOBYQ4vnqj6v4JkAGKaSaK7bA40"},"_chains":{"BS1gUSq8KifgiuWrFlQSZZYkpGkz9SOUxSR2L28V+IM0":{"chainKey":{"counter":0,"key":"rwG5C98L1dg/rDcHUSY2U/S8xjyrSz42D6EcGmY6fjg="},"chainType":1,"messageKeys":{}}},"pendingPreKey":{"signedKeyId":34,"baseKey":"BaSuGXDQ9kqOxIFnVpYXw/cmFJ3fvCmk4/sKqjWEQYQq","preKeyId":7043009}}},"version":"v1"}