{"_sessions":{"BSW3fUsrhLVMMk/du4a4H1lVDzR+l2ZFWQXhWUtUkJBu":{"registrationId":1500312175,"currentRatchet":{"ephemeralKeyPair":{"pubKey":"Bciv/ZmtBF8VNCWjXQ/BMP4IAbigDkKixufKiEFPQyx+","privKey":"8Bp9Chb5znP8AulIEuTJF8FN1gjb+TflxvnJuIJba3k="},"lastRemoteEphemeralKey":"BZdChbPTwXY0GFXFzkkvWLDqPOIiYPxDRFsb8NqWBmZs","previousCounter":0,"rootKey":"1UlAWPSVZdG+6DEujBRJXf4LabtFAC4iAlNFK2JgpF8="},"indexInfo":{"baseKey":"BSW3fUsrhLVMMk/du4a4H1lVDzR+l2ZFWQXhWUtUkJBu","baseKeyType":1,"closed":-1,"used":1734398775698,"created":1734398775698,"remoteIdentityKey":"BRHxxL7HH0+u/SIzHRhxpWG/EMolM8so2HuR48l0SZgR"},"_chains":{"Bciv/ZmtBF8VNCWjXQ/BMP4IAbigDkKixufKiEFPQyx+":{"chainKey":{"counter":0,"key":"dN9lfA7BdP+Ns+hlfry3rY3r63oG/ADrhOH0hKPs1LY="},"chainType":1,"messageKeys":{}}},"pendingPreKey":{"signedKeyId":26,"baseKey":"BSW3fUsrhLVMMk/du4a4H1lVDzR+l2ZFWQXhWUtUkJBu"}}},"version":"v1"}