{"_sessions":{"BYpyRuM5x281DU3EW1BZ0Fubtf4Gwi6HwhFMQjnZO4xD":{"registrationId":1489998427,"currentRatchet":{"ephemeralKeyPair":{"pubKey":"Bc3XTJMv98JINR3nJaI6jmQRY/N3BpZCHSrsNs23p9J5","privKey":"QKLxQO/O1WrgYonv1K19Q6nzP5bbOC/bvpmqm1cZcnU="},"lastRemoteEphemeralKey":"BQ+Mx2/1M7Hr1KKpfmoaMF46WoVkCeF6K3lboYmSpkkk","previousCounter":0,"rootKey":"kEOHwd0RrnrnkS9d60g7nOugti2IxGFAd2bWKM8CiSQ="},"indexInfo":{"baseKey":"BYpyRuM5x281DU3EW1BZ0Fubtf4Gwi6HwhFMQjnZO4xD","baseKeyType":1,"closed":-1,"used":1734398771330,"created":1734398771330,"remoteIdentityKey":"Bc7TiB26CLP1iVkIuWfuFQR9kiquYCrvmZIVo67ZbJ96"},"_chains":{"Bc3XTJMv98JINR3nJaI6jmQRY/N3BpZCHSrsNs23p9J5":{"chainKey":{"counter":0,"key":"KkbHTtbRRHIROo6lo+d5YIbnj0gS5Hl4EVZt9KGXc+c="},"chainType":1,"messageKeys":{}}},"pendingPreKey":{"signedKeyId":1,"baseKey":"BYpyRuM5x281DU3EW1BZ0Fubtf4Gwi6HwhFMQjnZO4xD","preKeyId":13262631}}},"version":"v1"}