{"_sessions":{"BdguFHENL/Ph5L8Pbu0LzOQjeDXQuia4dOjvKnPdR2o+":{"registrationId":1716930776,"currentRatchet":{"ephemeralKeyPair":{"pubKey":"BRgfubBHxcVNKlwAm5cwfFDXd500eYx/0oOuSBFF9/kw","privKey":"uJQBANMhOISastwIvcTs1/KD7izk7PAv66IWIrPAPF0="},"lastRemoteEphemeralKey":"Be+lESNS7PEOfStrWKLu/7N027u7TjEealElHbPGd7tZ","previousCounter":0,"rootKey":"fwig3lp29cilZ1x97hD2V/5/4KaU+0qMCnHHvnBduGc="},"indexInfo":{"baseKey":"BdguFHENL/Ph5L8Pbu0LzOQjeDXQuia4dOjvKnPdR2o+","baseKeyType":1,"closed":-1,"used":1734398778300,"created":1734398778300,"remoteIdentityKey":"BdjqXAL3xzNBRIvoWznG8gomCRYiPUf4lcyG4DwrA/4N"},"_chains":{"BRgfubBHxcVNKlwAm5cwfFDXd500eYx/0oOuSBFF9/kw":{"chainKey":{"counter":0,"key":"fcS+4eSldDF4ijyOvw/pRcomZ77jeYvZwxG60XIlyGw="},"chainType":1,"messageKeys":{}}},"pendingPreKey":{"signedKeyId":11,"baseKey":"BdguFHENL/Ph5L8Pbu0LzOQjeDXQuia4dOjvKnPdR2o+","preKeyId":5520410}}},"version":"v1"}