{"_sessions":{"BURVPZDppvTi/YyksnjQDtS90aTzAZgcXPmRCxGmh7Zx":{"registrationId":93813365,"currentRatchet":{"ephemeralKeyPair":{"pubKey":"BWtGyR2gDlWjPm8Wb1erEZem7kfcIijtC8cDyL12lFUq","privKey":"QBsw+pwtUhK96iIU8S3qJoBvptDRSZlTI1hkm0jmElk="},"lastRemoteEphemeralKey":"BdIliC/NPyjKc3cCXSj5izaYO18WJG0VhYumZzQtR08z","previousCounter":0,"rootKey":"pH8BIyJNSrYkgswlgtid+Z1Bxz1HJ/w2ZWcKMm9pkNc="},"indexInfo":{"baseKey":"BURVPZDppvTi/YyksnjQDtS90aTzAZgcXPmRCxGmh7Zx","baseKeyType":1,"closed":-1,"used":1734398773314,"created":1734398773314,"remoteIdentityKey":"BewPUQLjWYUrfg/asU+YHOH27Ur1VylVha23xsk6yd4s"},"_chains":{"BWtGyR2gDlWjPm8Wb1erEZem7kfcIijtC8cDyL12lFUq":{"chainKey":{"counter":0,"key":"Z9oAYDFHD31WSvhrESqViWvuxBZLW0ViyVBQwJQELUY="},"chainType":1,"messageKeys":{}}},"pendingPreKey":{"signedKeyId":24,"baseKey":"BURVPZDppvTi/YyksnjQDtS90aTzAZgcXPmRCxGmh7Zx"}}},"version":"v1"}