{"_sessions":{"BXfiWk34TkRRtbTHtDbCoq47WjAm29imNxr8jlwH7LhZ":{"registrationId":2073785149,"currentRatchet":{"ephemeralKeyPair":{"pubKey":"BZbn/GU+zG6APCenarcL+aCRNe498rPIrZSR0ZVLU0F4","privKey":"sPtbklNtyr2611ENaYzgzcKZtnqpnLOp0EFKf3/a434="},"lastRemoteEphemeralKey":"BR69CS7kl8vlHnLvsXa3yftgQH07ii1m2DHHCoJ6ZYJB","previousCounter":0,"rootKey":"TyjQHV9yDmt/z3WlJQSCpVpcG7c9lPzvgRAaaoYkHQM="},"indexInfo":{"baseKey":"BXfiWk34TkRRtbTHtDbCoq47WjAm29imNxr8jlwH7LhZ","baseKeyType":1,"closed":-1,"used":1734398771369,"created":1734398771369,"remoteIdentityKey":"BbndWzQPOBzTmF364GxYikZxDA7YmRpZhJeXcqhOyBRB"},"_chains":{"BZbn/GU+zG6APCenarcL+aCRNe498rPIrZSR0ZVLU0F4":{"chainKey":{"counter":0,"key":"qD37hn1KpQ3FvxQMRSqg/Jh8rQryNzsqSOUQfnx662g="},"chainType":1,"messageKeys":{}}},"pendingPreKey":{"signedKeyId":52,"baseKey":"BXfiWk34TkRRtbTHtDbCoq47WjAm29imNxr8jlwH7LhZ","preKeyId":7714224}}},"version":"v1"}