{"_sessions":{"BSBkBERX/i3N8+P9H4IfdgFgCBD+xlQMRLgI5OTm9VA0":{"registrationId":10869,"currentRatchet":{"ephemeralKeyPair":{"pubKey":"BaY6FaRJIvUUKgmJGAIW/loIBiwa2/gEL/L8DDzZPz1i","privKey":"uAHjWtBrSZl6NTK/NSMkQyp0jKfcpYlhFkLV6RR3J0A="},"lastRemoteEphemeralKey":"BQ5PLGcptI5rXjgSllHyp/XX3nhq3aGfQZ1GuyT261h6","previousCounter":0,"rootKey":"vPsn2fDLMYUodElxEXvbiCFAaOLYUebMtkzejMqnuVg="},"indexInfo":{"baseKey":"BSBkBERX/i3N8+P9H4IfdgFgCBD+xlQMRLgI5OTm9VA0","baseKeyType":1,"closed":-1,"used":1734398771320,"created":1734398771320,"remoteIdentityKey":"BUK1fU+/JAq6qFvwtFvB6q7iOBU+JLW0TR2tum0lK18v"},"_chains":{"BaY6FaRJIvUUKgmJGAIW/loIBiwa2/gEL/L8DDzZPz1i":{"chainKey":{"counter":0,"key":"u/uXcLUEtVvXtfil/AyjFHIhZBzV4aGPcgIXqLqZENU="},"chainType":1,"messageKeys":{}}},"pendingPreKey":{"signedKeyId":1,"baseKey":"BSBkBERX/i3N8+P9H4IfdgFgCBD+xlQMRLgI5OTm9VA0"}}},"version":"v1"}