{"_sessions":{"BcvmOah/wYryrbsfFvYquHZ1b0E3rL1Dvrjn1mU24Rs3":{"registrationId":103980054,"currentRatchet":{"ephemeralKeyPair":{"pubKey":"BQnFwLN0DDnV46bsN9EmLCDTWgGGKNiPO/nH9bJQ3LJ8","privKey":"CPWItKSNazsYIA9bh+DR917/hmmKo/0MVbRT6Y/+bWw="},"lastRemoteEphemeralKey":"BZkhu15W4m3xAz7ZlN9DaNNTOyjSt33eIB8+sLc+lb8h","previousCounter":0,"rootKey":"4cxd5p1TavhR/+oacSskCx9VXdxMktTLH25qgtGZtYY="},"indexInfo":{"baseKey":"BcvmOah/wYryrbsfFvYquHZ1b0E3rL1Dvrjn1mU24Rs3","baseKeyType":1,"closed":-1,"used":1734398780449,"created":1734398780449,"remoteIdentityKey":"BZiJv0sfIZQEQjuSFimjZ2qqkftMwbSliqEwbKHSe0wX"},"_chains":{"BQnFwLN0DDnV46bsN9EmLCDTWgGGKNiPO/nH9bJQ3LJ8":{"chainKey":{"counter":0,"key":"Hb8znIuEO6irRs7QmBy1gcW+BQtLQCM1F1qAuP9uMC0="},"chainType":1,"messageKeys":{}}},"pendingPreKey":{"signedKeyId":8,"baseKey":"BcvmOah/wYryrbsfFvYquHZ1b0E3rL1Dvrjn1mU24Rs3"}}},"version":"v1"}