{"_sessions":{"BcwKBzWAUSJ2EgtRN0qnyOn1kz1iRmtLHf9v5oFY01BE":{"registrationId":162086383,"currentRatchet":{"ephemeralKeyPair":{"pubKey":"Bf3QVA6jCrZy5qKvm4GLUjwlC3z3Jikw7LcBmzEaksJi","privKey":"KIGLOoSqosM/tCTSdHD+cMycT1IF0DwE+Kyl+D/DMHQ="},"lastRemoteEphemeralKey":"BX1iVtEfB377bpRLhKARrovqzoVhj0pSqwJrl9e7O8lg","previousCounter":0,"rootKey":"+fYYWyUMOm2EvBE0cPpytnU7xFIFTnRdHQ+ahQM8U30="},"indexInfo":{"baseKey":"BcwKBzWAUSJ2EgtRN0qnyOn1kz1iRmtLHf9v5oFY01BE","baseKeyType":1,"closed":-1,"used":1734398780442,"created":1734398780442,"remoteIdentityKey":"Ba1tthT+znn/g3Wsab2DBZxIKbXqo9PtfSrQHnwyouUq"},"_chains":{"Bf3QVA6jCrZy5qKvm4GLUjwlC3z3Jikw7LcBmzEaksJi":{"chainKey":{"counter":0,"key":"glpV9VWvH9PQwipwjFv9XPNTGfzL8C3c0bbhnJJILm0="},"chainType":1,"messageKeys":{}}},"pendingPreKey":{"signedKeyId":2,"baseKey":"BcwKBzWAUSJ2EgtRN0qnyOn1kz1iRmtLHf9v5oFY01BE","preKeyId":5215825}}},"version":"v1"}