{"_sessions":{"BZ+QhbCKHQTZ56OyVzS20ltzhu1QFMJFPyHZFONQM/tu":{"registrationId":717527758,"currentRatchet":{"ephemeralKeyPair":{"pubKey":"BaQ0AHQFh/m28IZVl7EHXqMM05M4VYNmJqQOs1seVRMQ","privKey":"4GuzQbH42uJJp7ADPfIJyRI0mYJLhkwm3RbHn4yajFs="},"lastRemoteEphemeralKey":"BclnqdmwnMg9DvbsOokCoBEMIRjeXOYtsoKXj89U+DRL","previousCounter":0,"rootKey":"UpvYhcm6SIKt6eRlBAnHR83Tuu19ggX3vAvHemaiwA0="},"indexInfo":{"baseKey":"BZ+QhbCKHQTZ56OyVzS20ltzhu1QFMJFPyHZFONQM/tu","baseKeyType":2,"closed":-1,"used":1734398529288,"created":1734398529288,"remoteIdentityKey":"BayakARGqnh9lxUdoKK+k7fW/vK70Ku/Rp94W7UPEGQC"},"_chains":{"BclnqdmwnMg9DvbsOokCoBEMIRjeXOYtsoKXj89U+DRL":{"chainKey":{"counter":0,"key":"RMz883Z6A9Lc5DjxLoFJtn4C2coaZqfPxF/UC7kHdx4="},"chainType":2,"messageKeys":{}},"BaQ0AHQFh/m28IZVl7EHXqMM05M4VYNmJqQOs1seVRMQ":{"chainKey":{"counter":-1,"key":"hOLU+S+NzoL7aGX1nd6XnIYuysUAAbmp1V0KcIcZMlU="},"chainType":1,"messageKeys":{}}}}},"version":"v1"}