{"_sessions":{"Baxt9QtUI7Kc6mSpgfZ5ndQWkPpygqnGQ0MYhjT3qndN":{"registrationId":820498116,"currentRatchet":{"ephemeralKeyPair":{"pubKey":"BZItTWVioZnmk6suAfrSK03B4AT4L2ApbVHKxC7aogIs","privKey":"gM+Mi7X5n5WkDf4PvZE6/S8IMM269gzRxiObuyTpzFs="},"lastRemoteEphemeralKey":"BWcYs1poCKmCxux/MCipJkVJP5attWzojkzXs/YqXv8F","previousCounter":0,"rootKey":"fyXGr1/iEZT76xecde3WG1wCQ3exvI5xNjcMYk5Lk50="},"indexInfo":{"baseKey":"Baxt9QtUI7Kc6mSpgfZ5ndQWkPpygqnGQ0MYhjT3qndN","baseKeyType":1,"closed":-1,"used":1734398778052,"created":1734398778052,"remoteIdentityKey":"BXMxbpgs5qiCjKWCIjoobm8hoMbV4Jl81feX/8G4GyxJ"},"_chains":{"BZItTWVioZnmk6suAfrSK03B4AT4L2ApbVHKxC7aogIs":{"chainKey":{"counter":0,"key":"PMKHeamG7dGUgenU6TspF14n0nnxJWa7RNN8L8Q/KSE="},"chainType":1,"messageKeys":{}}},"pendingPreKey":{"signedKeyId":0,"baseKey":"Baxt9QtUI7Kc6mSpgfZ5ndQWkPpygqnGQ0MYhjT3qndN","preKeyId":266487}}},"version":"v1"}