{"_sessions":{"BUdGFcPUZ26rQeiYXQvyQtFpGSPvR0CHFFEdDLKWVDZw":{"registrationId":3960,"currentRatchet":{"ephemeralKeyPair":{"pubKey":"BZMnbSFE2wyU7tqbg4CPN2iTEgTCFDRMasS44zzg8ptw","privKey":"KCUlPxZE43Zspk8yZyEs79hn6V6bGSqP9toxNVsPJmk="},"lastRemoteEphemeralKey":"BV4zvnIlLDnKjPNkE0xlIF29XPUhAE8Kf1qn6GNQDpNC","previousCounter":0,"rootKey":"0a40F+TlW3GI3yyyyTvU2RCg69lq4E+xGJXIoSPX92s="},"indexInfo":{"baseKey":"BUdGFcPUZ26rQeiYXQvyQtFpGSPvR0CHFFEdDLKWVDZw","baseKeyType":1,"closed":-1,"used":1734398771264,"created":1734398771264,"remoteIdentityKey":"BZzPcLWOETUs5928S5cTjRymIMogZ4AB8cOd1R5KqhNT"},"_chains":{"BZMnbSFE2wyU7tqbg4CPN2iTEgTCFDRMasS44zzg8ptw":{"chainKey":{"counter":0,"key":"HMZNJdw3b8Ue6zZL1JknekyRUrJdEixRMtq99pUez6k="},"chainType":1,"messageKeys":{}}},"pendingPreKey":{"signedKeyId":1,"baseKey":"BUdGFcPUZ26rQeiYXQvyQtFpGSPvR0CHFFEdDLKWVDZw"}}},"version":"v1"}