{"_sessions":{"BWt5Cgp3iNKKkNvl2sINms9N51EMP49SGTosmCVMHJs1":{"registrationId":603790736,"currentRatchet":{"ephemeralKeyPair":{"pubKey":"BUl33VFKQXIBSiSvPWFif5lWBrVzNT6dYfiuPfKxTE8M","privKey":"SB/antAozrzckEn49ziEuIoAKyFoySWzzQ/ncIB11Wg="},"lastRemoteEphemeralKey":"BQ1qcmJFgP5hfCS2nNPTp5Tg2Fr08cM/F8sZJaZrPc55","previousCounter":0,"rootKey":"BCiiRZrb6a7wA8ii1rPq37shXW3i/e9gULGCpHozd2E="},"indexInfo":{"baseKey":"BWt5Cgp3iNKKkNvl2sINms9N51EMP49SGTosmCVMHJs1","baseKeyType":1,"closed":-1,"used":1734398780358,"created":1734398780358,"remoteIdentityKey":"Ba1EV/oq/h5cOCsY/vJuWyo5dhP9Y5OXzrVWqg7x6xZe"},"_chains":{"BUl33VFKQXIBSiSvPWFif5lWBrVzNT6dYfiuPfKxTE8M":{"chainKey":{"counter":0,"key":"LDZIftIX134lBl+VMmUWZQjLQxYvYAVuqiudJyPqBGo="},"chainType":1,"messageKeys":{}}},"pendingPreKey":{"signedKeyId":15,"baseKey":"BWt5Cgp3iNKKkNvl2sINms9N51EMP49SGTosmCVMHJs1","preKeyId":8083373}}},"version":"v1"}