{"_sessions":{"BSdJiTb3oBEGCckEB6MHJQk3H1+jVGDAOVDhP+mzgYwJ":{"registrationId":2125711183,"currentRatchet":{"ephemeralKeyPair":{"pubKey":"BfWz+1QeZg1cbxj+gxiESM5H4HzezX3xpy2i6tC7BR8W","privKey":"MCqIJseAS22pcOE39Mb1f8kFBMSPNNSu8Vb67c1K6HQ="},"lastRemoteEphemeralKey":"BXri7poRXTcSNzT3UiU+dM73sUBD6wOELohsgHvyz0hD","previousCounter":0,"rootKey":"eBQVq8KT4cVUT3BqJ2ifhzvJbbNtK11WlWAgsM+v5vg="},"indexInfo":{"baseKey":"BSdJiTb3oBEGCckEB6MHJQk3H1+jVGDAOVDhP+mzgYwJ","baseKeyType":1,"closed":-1,"used":1734398780463,"created":1734398780463,"remoteIdentityKey":"BYf1CyHUZkhQ4GdOMQETkQdVyX2M8TMU1dJH0Wyz5UNG"},"_chains":{"BfWz+1QeZg1cbxj+gxiESM5H4HzezX3xpy2i6tC7BR8W":{"chainKey":{"counter":0,"key":"Gn/n+1Vr7K8qvKGw8QpzPsVjWEQd8ZeeUNyn9NoWXDg="},"chainType":1,"messageKeys":{}}},"pendingPreKey":{"signedKeyId":5,"baseKey":"BSdJiTb3oBEGCckEB6MHJQk3H1+jVGDAOVDhP+mzgYwJ","preKeyId":11126908}}},"version":"v1"}