{"_sessions":{"Bd0XssS5WeqGCwcF9/4X677By6+eOYV5Gs2iC9VvPFky":{"registrationId":1706280589,"currentRatchet":{"ephemeralKeyPair":{"pubKey":"BYWMtsVDUigscAnfb1zgUQ0wTKW0iUOYpsWcqTWuBqR2","privKey":"mDlKKYzvE7by0JJ4VJnedywItGXT0NVPKf127GgNL3U="},"lastRemoteEphemeralKey":"BfKdyaBM5vpQCQ45RGJrs05fZINe7KSbtu02PShg/9pK","previousCounter":0,"rootKey":"iR5WdpkvGNsVdRaBoW7/OHxXQ7nGzhNV90hJE5ucJNk="},"indexInfo":{"baseKey":"Bd0XssS5WeqGCwcF9/4X677By6+eOYV5Gs2iC9VvPFky","baseKeyType":1,"closed":-1,"used":1734398775542,"created":1734398775542,"remoteIdentityKey":"BbHuCtrBpp5r13hvhKrv1334DaiuLTCEddnlma6/VcsX"},"_chains":{"BYWMtsVDUigscAnfb1zgUQ0wTKW0iUOYpsWcqTWuBqR2":{"chainKey":{"counter":0,"key":"p4Pz/yGJ8bXDkAuDpMN2Hxt5DVVuKTSI82lW8DfjKZs="},"chainType":1,"messageKeys":{}}},"pendingPreKey":{"signedKeyId":9,"baseKey":"Bd0XssS5WeqGCwcF9/4X677By6+eOYV5Gs2iC9VvPFky","preKeyId":9042812}}},"version":"v1"}