{"_sessions":{"BbDfP9GZPeBCCS/GQovk/tVYCNn8vO8DSrptM7TODtgM":{"registrationId":1503043412,"currentRatchet":{"ephemeralKeyPair":{"pubKey":"BZI1ZVVGidEluFsluJEC9XHvdeC6DeLDFISW70J8ozE5","privKey":"0JAI9/ro/NFsV7nQRdSShMMpQ/1eqZC2zZqetxR+TlI="},"lastRemoteEphemeralKey":"Bd4HtguaZYKP3Zi8e5aD8C1fJJwqvoO9OazuSbIwtvgK","previousCounter":0,"rootKey":"hesiw8STlm2MS1AvbjXQStMKPkTa/8NPCMGmssSrH/0="},"indexInfo":{"baseKey":"BbDfP9GZPeBCCS/GQovk/tVYCNn8vO8DSrptM7TODtgM","baseKeyType":1,"closed":-1,"used":1734398771346,"created":1734398771346,"remoteIdentityKey":"BTAZe70tjnjz+NOTa2FxypSfKSol6U310p7sHDb+lO0c"},"_chains":{"BZI1ZVVGidEluFsluJEC9XHvdeC6DeLDFISW70J8ozE5":{"chainKey":{"counter":0,"key":"iJtvDI2ZM1CPTXRdOlpmQJuM4s+4q2kITWT8HQi03gw="},"chainType":1,"messageKeys":{}}},"pendingPreKey":{"signedKeyId":9,"baseKey":"BbDfP9GZPeBCCS/GQovk/tVYCNn8vO8DSrptM7TODtgM","preKeyId":15658371}}},"version":"v1"}