{"_sessions":{"BTvhKio5K1fbkLsL6uOSZVdnoQBBMjvp+QiQHKmchQ9e":{"registrationId":1702880715,"currentRatchet":{"ephemeralKeyPair":{"pubKey":"BV4K2olxVAJCjisaOg0jfuMAkXJ78ztPz1KerpoS350B","privKey":"WPQM7TD1ka7WUJjQOvndL9eLeCkGxAZvgS/5Quq9smA="},"lastRemoteEphemeralKey":"BYq+7F4Kee9yREqN09LIbxgfry3EKrIF4JyV8KPe/zwP","previousCounter":0,"rootKey":"YmX+hMZMd1ezD5G8iaLV5L9N3Wz/AOXkF4kvSH5j1vU="},"indexInfo":{"baseKey":"BTvhKio5K1fbkLsL6uOSZVdnoQBBMjvp+QiQHKmchQ9e","baseKeyType":1,"closed":-1,"used":1734398771327,"created":1734398771327,"remoteIdentityKey":"BQkm0ouC12USTGovYuV1gHg/QY0rrvTdhEmRzFX/03ER"},"_chains":{"BV4K2olxVAJCjisaOg0jfuMAkXJ78ztPz1KerpoS350B":{"chainKey":{"counter":0,"key":"Gnzd73yuC2aus6PfX3lo83DbL3VGmKjhnRoYjsmEWSI="},"chainType":1,"messageKeys":{}}},"pendingPreKey":{"signedKeyId":3,"baseKey":"BTvhKio5K1fbkLsL6uOSZVdnoQBBMjvp+QiQHKmchQ9e"}}},"version":"v1"}