{"_sessions":{"BXMniTnyCLwu1AQf8ommZLMTEovqqAP1LVHo38eXpOAN":{"registrationId":236638208,"currentRatchet":{"ephemeralKeyPair":{"pubKey":"BTbYERjkIKE19Uk/I9TeIhq1T1iB1jdfvSUnMW8YWAIE","privKey":"8MdfuLzgErNgK3kbOse5IpOsn1k/cs3KBano6UQCwVs="},"lastRemoteEphemeralKey":"BQhBmx2tpwjeGbbXZDO9OeMzaGdr5rzOqPsuLoQq6OxP","previousCounter":0,"rootKey":"5NHr1HYcmrRbOVcOPsgyU2Qyo4e9c51TGIh7UZiPyLw="},"indexInfo":{"baseKey":"BXMniTnyCLwu1AQf8ommZLMTEovqqAP1LVHo38eXpOAN","baseKeyType":1,"closed":-1,"used":1734398775533,"created":1734398775533,"remoteIdentityKey":"BWBnUfIw8e9pN5G5UInol638JTLPPDpd2jZa7ryM2W9l"},"_chains":{"BTbYERjkIKE19Uk/I9TeIhq1T1iB1jdfvSUnMW8YWAIE":{"chainKey":{"counter":0,"key":"4fm/71bkLgZl0rU9KZGYA8SrYoRV5q9QsHEMEmXq4gU="},"chainType":1,"messageKeys":{}}},"pendingPreKey":{"signedKeyId":1,"baseKey":"BXMniTnyCLwu1AQf8ommZLMTEovqqAP1LVHo38eXpOAN"}}},"version":"v1"}