{"_sessions":{"Bd1UMMH/l/LeKqveKNZQmbX0kjST5ELdZ9kJ1yAQLTYp":{"registrationId":503924675,"currentRatchet":{"ephemeralKeyPair":{"pubKey":"Bfvvw9dOcVPftoQz5X5CE20eXGCV1CC38A8uijc0tCN3","privKey":"QIMYn2Z8DcpcG2jNquZneJekSFHVOJit1o+KDT1/GUw="},"lastRemoteEphemeralKey":"BaugfsxDt3CpTQFUTcRjImTFgVppjpXpyo8F1dploN9R","previousCounter":0,"rootKey":"6vwDfk/rtWnhWrci4ruoZRIo87PWIrDmjZliIIZ8IEE="},"indexInfo":{"baseKey":"Bd1UMMH/l/LeKqveKNZQmbX0kjST5ELdZ9kJ1yAQLTYp","baseKeyType":1,"closed":-1,"used":1734398780315,"created":1734398780315,"remoteIdentityKey":"BTJOY6/7QJ1dK409cgjvkk4WQIlbLQRwcDlLdhwnGVw6"},"_chains":{"Bfvvw9dOcVPftoQz5X5CE20eXGCV1CC38A8uijc0tCN3":{"chainKey":{"counter":0,"key":"R7g/CgC6JG1PJ2suEVhCNoZ1yatP/B6t5UJGo1KqWMI="},"chainType":1,"messageKeys":{}}},"pendingPreKey":{"signedKeyId":0,"baseKey":"Bd1UMMH/l/LeKqveKNZQmbX0kjST5ELdZ9kJ1yAQLTYp"}}},"version":"v1"}