{"_sessions":{"Bf6+39zk6oVGA3aGuzQ3QZcjZ73Z9xXu1E7CpOFw/aQk":{"registrationId":1573158085,"currentRatchet":{"ephemeralKeyPair":{"pubKey":"BZqfLMTfNNopPBa8X4dXKz/3KDCE2fjQa5910E0Jiypm","privKey":"IIc79NiATl450lpAVxhiesTcuMauk48aprEG2Fsc+WE="},"lastRemoteEphemeralKey":"BeXrxHcX4Sj+HOYlnC4AS66AUIYagIVSPoXRW6djuOQ8","previousCounter":0,"rootKey":"7ihiqdiHovzX+2T5007JHPt8nHKS5xd7eEHy1XKtnVQ="},"indexInfo":{"baseKey":"Bf6+39zk6oVGA3aGuzQ3QZcjZ73Z9xXu1E7CpOFw/aQk","baseKeyType":1,"closed":-1,"used":1734398778130,"created":1734398778130,"remoteIdentityKey":"BR2KCIhloObaWMddFxf43tJa5RRYw8IsY2eIepceHRB5"},"_chains":{"BZqfLMTfNNopPBa8X4dXKz/3KDCE2fjQa5910E0Jiypm":{"chainKey":{"counter":0,"key":"Ypou9XrLnhmVO/mm82Z/aYnur3KBad+cWvrAO8GCiXE="},"chainType":1,"messageKeys":{}}},"pendingPreKey":{"signedKeyId":2,"baseKey":"Bf6+39zk6oVGA3aGuzQ3QZcjZ73Z9xXu1E7CpOFw/aQk","preKeyId":16674456}}},"version":"v1"}