{"_sessions":{"BRKzZx5iVij4lsrxQgl7wXYiHvL82Q1XKoyU2RpgnfUH":{"registrationId":439485962,"currentRatchet":{"ephemeralKeyPair":{"pubKey":"Bf80BoCm2YlBBWEUvJ/Lw2D9qG93lgmEdEStLQzEI7gw","privKey":"WA75XbIkDp1GO1pBrhjmMbJ8TGBYriTGlLO3YKGZMlw="},"lastRemoteEphemeralKey":"BUcWnO5MMp4pxlLNJhLVy5bEP5JBf0o35DSabI5CVr0p","previousCounter":0,"rootKey":"032Yr19cF/6kVyujm/KHYxgSjoQnxSO/itt7wmE4a68="},"indexInfo":{"baseKey":"BRKzZx5iVij4lsrxQgl7wXYiHvL82Q1XKoyU2RpgnfUH","baseKeyType":1,"closed":-1,"used":1734398773299,"created":1734398773299,"remoteIdentityKey":"BSMXXp3vvCJfGpmGCRIvoK3pmczj1GdWWYmASMpV2d0q"},"_chains":{"Bf80BoCm2YlBBWEUvJ/Lw2D9qG93lgmEdEStLQzEI7gw":{"chainKey":{"counter":0,"key":"f+Isucf6Q5KnxjemUAf6A7qgvd/Wjzy7QVoV8r+G264="},"chainType":1,"messageKeys":{}}},"pendingPreKey":{"signedKeyId":5,"baseKey":"BRKzZx5iVij4lsrxQgl7wXYiHvL82Q1XKoyU2RpgnfUH","preKeyId":1067083}}},"version":"v1"}