{"_sessions":{"BWVWl7SrNxkU9ScPfGC55T72xQGulAargrBHnakOs4lm":{"registrationId":1714199464,"currentRatchet":{"ephemeralKeyPair":{"pubKey":"Bdf6b5fiyF6CyzQsgctOdklS9sK7kwJkDFB7MJhp4GNU","privKey":"wHuFB9/X+aTbTOhM9OQZg3uiHrAZBHATASOTwa9CemY="},"lastRemoteEphemeralKey":"BXJcq+OgqfOJ+8zonWXEMjjNwvlnDds00oGnYsbjtYRZ","previousCounter":0,"rootKey":"XX5qw3pQzo0EsTe7pulXDJmFldi1DqRV2muueoDm9LQ="},"indexInfo":{"baseKey":"BWVWl7SrNxkU9ScPfGC55T72xQGulAargrBHnakOs4lm","baseKeyType":1,"closed":-1,"used":1734398771392,"created":1734398771392,"remoteIdentityKey":"BXRlo/mO3KfCZkNBuojlhB74z/Fiz6rN5mP9rVqi6UBq"},"_chains":{"Bdf6b5fiyF6CyzQsgctOdklS9sK7kwJkDFB7MJhp4GNU":{"chainKey":{"counter":0,"key":"YCDnhqM8QfkpKG+0ZxchCPoCMxDPZfvR/xzrBubIo2g="},"chainType":1,"messageKeys":{}}},"pendingPreKey":{"signedKeyId":5,"baseKey":"BWVWl7SrNxkU9ScPfGC55T72xQGulAargrBHnakOs4lm","preKeyId":2626399}}},"version":"v1"}