{"_sessions":{"BS0/Y8jnUf0eAvDHSqHSHyw30CK4u/HyWmFMem99z298":{"registrationId":1706881429,"currentRatchet":{"ephemeralKeyPair":{"pubKey":"BfFf9BwYblAcJykrA69DZVJQd38PLbWP5nMwW0+4Zxsw","privKey":"GNyG4UmZQcctc5+hpudM4CEIYxaPt2vx/RHXtJAYMno="},"lastRemoteEphemeralKey":"BbWoP8DvHhhNbp6E92O9l8LJMBK6joXxlTlLOPeveFon","previousCounter":0,"rootKey":"6NkElSr4Vh2OIC2QC+kZ7hHi9YFnVn7nAL98yJ34LZs="},"indexInfo":{"baseKey":"BS0/Y8jnUf0eAvDHSqHSHyw30CK4u/HyWmFMem99z298","baseKeyType":1,"closed":-1,"used":1734398773170,"created":1734398773170,"remoteIdentityKey":"BbIcaF7tT/p1VoyeGlu+FqzrrH9ErcekDnKzgC806DVn"},"_chains":{"BfFf9BwYblAcJykrA69DZVJQd38PLbWP5nMwW0+4Zxsw":{"chainKey":{"counter":0,"key":"eWI4AkdWxdAQcIyXwqLnoQx+fMk4M74+NcwussCtNOI="},"chainType":1,"messageKeys":{}}},"pendingPreKey":{"signedKeyId":233979,"baseKey":"BS0/Y8jnUf0eAvDHSqHSHyw30CK4u/HyWmFMem99z298","preKeyId":4472}}},"version":"v1"}