{"_sessions":{"BVquxkbajyxQg83eHEB2zX1Qs56bYJsPA8/LoN89ELgH":{"registrationId":1030578972,"currentRatchet":{"ephemeralKeyPair":{"pubKey":"BaYt8k/fVQANHTo54twfFMOqvHiYTaGcDlDLsqFsiRgN","privKey":"kGkc4DocLfJpWSaAAT9HvNk+ShOSoFM/Ugp4GtzGs2E="},"lastRemoteEphemeralKey":"BdJ5MG4qIVhyfCNnsl6u0gxEjm+nnAa5516lYJ+NTaoB","previousCounter":0,"rootKey":"jk56ybQfGfyTn/APbXHkJWiAkpZjz066RBoQcy1vW1U="},"indexInfo":{"baseKey":"BVquxkbajyxQg83eHEB2zX1Qs56bYJsPA8/LoN89ELgH","baseKeyType":1,"closed":-1,"used":1734398773324,"created":1734398773324,"remoteIdentityKey":"Ba4BsCByPzFnvY6yXbJstMeupL9VSLu8G3GKypGGjJ1+"},"_chains":{"BaYt8k/fVQANHTo54twfFMOqvHiYTaGcDlDLsqFsiRgN":{"chainKey":{"counter":0,"key":"husbJ9bKEpt89THQsJbK148Bl9flCArXfUJgZc4X7jI="},"chainType":1,"messageKeys":{}}},"pendingPreKey":{"signedKeyId":36,"baseKey":"BVquxkbajyxQg83eHEB2zX1Qs56bYJsPA8/LoN89ELgH","preKeyId":957369}}},"version":"v1"}