{"_sessions":{"BTTjO9Ocnva22U5lB78nlWjgR1ZHWjvU6cUxbLljGoF9":{"registrationId":384230894,"currentRatchet":{"ephemeralKeyPair":{"pubKey":"BYRfdEJ53VwMcIj65kP3MRLRN38wcFn95tjqTahQRpp8","privKey":"YP2qfbLI9s55hmhBIU/m+aGu0LvHrAlABcFOOEZW624="},"lastRemoteEphemeralKey":"BbizYL1cdqPnHnTzaFe1zq7dlL8TTZZZBDx8cfzYO9YA","previousCounter":0,"rootKey":"WzLPAFS1p8AtP+eciD+ZTvzGMWxET3GV218MzEYMzlc="},"indexInfo":{"baseKey":"BTTjO9Ocnva22U5lB78nlWjgR1ZHWjvU6cUxbLljGoF9","baseKeyType":1,"closed":-1,"used":1734398780404,"created":1734398780404,"remoteIdentityKey":"Bb7HTpP/TYKF2BzX8WWuXMSzgWM1N8PSebfihIXaw2QB"},"_chains":{"BYRfdEJ53VwMcIj65kP3MRLRN38wcFn95tjqTahQRpp8":{"chainKey":{"counter":0,"key":"mzH6zlIr0wmkmzi8I5BPf8Y6ESNiPa9uHYxviciLH20="},"chainType":1,"messageKeys":{}}},"pendingPreKey":{"signedKeyId":0,"baseKey":"BTTjO9Ocnva22U5lB78nlWjgR1ZHWjvU6cUxbLljGoF9","preKeyId":701892}}},"version":"v1"}