{"_sessions":{"BXrZcWdIrcGriFheuUo/e7bGJ+xxWt86IuusYx9PH9R5":{"registrationId":813129284,"currentRatchet":{"ephemeralKeyPair":{"pubKey":"BUylJniVKNEBpr+G6e7b0jWbBpb1GYtf+JFn3VV/LkEC","privKey":"QNn2+dugrPt1kAyyfd7kZSWtPa9vu7o6MqZsOP/G4nA="},"lastRemoteEphemeralKey":"BaURXNuZk833Fix4AhIOFjclR+wO81WuS4D4W9dcJmVx","previousCounter":0,"rootKey":"o2/KHcfvc+pFVGM4Hgaws7fqUju8Fi9O0UNoQtJyuoQ="},"indexInfo":{"baseKey":"BXrZcWdIrcGriFheuUo/e7bGJ+xxWt86IuusYx9PH9R5","baseKeyType":1,"closed":-1,"used":1734398780486,"created":1734398780486,"remoteIdentityKey":"BVOWLB7TlQlpDhLSS1yJcFKtMKrgPsiUlc1cMo3/fME4"},"_chains":{"BUylJniVKNEBpr+G6e7b0jWbBpb1GYtf+JFn3VV/LkEC":{"chainKey":{"counter":0,"key":"naF+1+u5Ahksn0BELbgTNTPRsvkfbIWKdTA5oH5sAeE="},"chainType":1,"messageKeys":{}}},"pendingPreKey":{"signedKeyId":8,"baseKey":"BXrZcWdIrcGriFheuUo/e7bGJ+xxWt86IuusYx9PH9R5","preKeyId":8600641}}},"version":"v1"}