{"_sessions":{"BX36kUnnV0i+KtwzoOQ/Dmu+FZafH/MpZL0L6ICrDjsG":{"registrationId":1986690573,"currentRatchet":{"ephemeralKeyPair":{"pubKey":"BTJpp0BfZhhyP3thJ5CG3JDaa4l8uYFZ7g6eR+WC6S4X","privKey":"YPAaA17uHK19SF+Z1gGlAzGh3HUkkKYGfoRMvA00oXw="},"lastRemoteEphemeralKey":"Bd3pcnu2gZ6mUmJEP7rJ9YBYFt2CEveI3p1y9CSnksof","previousCounter":0,"rootKey":"Tbzav6bPjwnIUzxyjop0L71dm3B8xQrcyJ6TzgOGOOE="},"indexInfo":{"baseKey":"BX36kUnnV0i+KtwzoOQ/Dmu+FZafH/MpZL0L6ICrDjsG","baseKeyType":1,"closed":-1,"used":1734398773159,"created":1734398773159,"remoteIdentityKey":"BZYA2By2nqxLTAGExix4cSRSRJyLVVSMuX2BWffocXF7"},"_chains":{"BTJpp0BfZhhyP3thJ5CG3JDaa4l8uYFZ7g6eR+WC6S4X":{"chainKey":{"counter":0,"key":"TYSl5/gPYC/sTSC/dU/mtvyliK9L325mnuPtLp9FFKo="},"chainType":1,"messageKeys":{}}},"pendingPreKey":{"signedKeyId":44,"baseKey":"BX36kUnnV0i+KtwzoOQ/Dmu+FZafH/MpZL0L6ICrDjsG","preKeyId":13861488}}},"version":"v1"}