{"_sessions":{"BbijU/O5qZyz9a/3ENpcknau2q8blP76rRPJLXHCLdsX":{"registrationId":1309051315,"currentRatchet":{"ephemeralKeyPair":{"pubKey":"BZVA6AUwwV68xWMIciNrOF0jSkZGE7K6/nL9VRKfrdgr","privKey":"YIdYYPXCGs85nVUhe5KldkB+pFMoxvIpnDG/opk86XA="},"lastRemoteEphemeralKey":"BQhqHxCzTeAVoIPCZuW6ECnUPlT1s4/n+hC9j4uMqjEe","previousCounter":0,"rootKey":"v2b+F8t0Eb38XJ/fyEHi6q6DkgK02cDKfx+b7Jznd/8="},"indexInfo":{"baseKey":"BbijU/O5qZyz9a/3ENpcknau2q8blP76rRPJLXHCLdsX","baseKeyType":1,"closed":-1,"used":1734398778251,"created":1734398778251,"remoteIdentityKey":"Bbit1xq76FC7Ry2Ibn0v8CmhkKRZmoIBwjtqMJndBMUW"},"_chains":{"BZVA6AUwwV68xWMIciNrOF0jSkZGE7K6/nL9VRKfrdgr":{"chainKey":{"counter":0,"key":"BJDdDtqYWvMrQyD5SfvmxlM4ceq99FsgPM9C+WMqz2I="},"chainType":1,"messageKeys":{}}},"pendingPreKey":{"signedKeyId":0,"baseKey":"BbijU/O5qZyz9a/3ENpcknau2q8blP76rRPJLXHCLdsX","preKeyId":15933361}}},"version":"v1"}