{"_sessions":{"BVi6Hf9TcJj1CJfIk1H3VAyUcWJ4LdXGTMm6rMYtUlkk":{"registrationId":14445,"currentRatchet":{"ephemeralKeyPair":{"pubKey":"BQb/fHiTOK/FDUTeY5ARXMeAbHWeofPEC6ce5ojJMn51","privKey":"YBlSkpy8IH1BGKFsbLDJu68pdnw9rkLmftDLJykxYGE="},"lastRemoteEphemeralKey":"BZlrm58jRerXUhMOiaurAKFGhqnKztojDfUpZZS/y1QP","previousCounter":0,"rootKey":"0IEe7adR8YzAyVx0fguiQqwsHiO5H8Ju1xApLxRlma0="},"indexInfo":{"baseKey":"BVi6Hf9TcJj1CJfIk1H3VAyUcWJ4LdXGTMm6rMYtUlkk","baseKeyType":1,"closed":-1,"used":1734398771245,"created":1734398771245,"remoteIdentityKey":"BSKWuw5mOJEpCL3NeJg4EcoR9CZ9AxhxIzukb3UtbNQb"},"_chains":{"BQb/fHiTOK/FDUTeY5ARXMeAbHWeofPEC6ce5ojJMn51":{"chainKey":{"counter":0,"key":"Jh/nmMtsgsvXrTKE07Ckuv6BelbAkpJ9LFJTa36Z4Kg="},"chainType":1,"messageKeys":{}}},"pendingPreKey":{"signedKeyId":1,"baseKey":"BVi6Hf9TcJj1CJfIk1H3VAyUcWJ4LdXGTMm6rMYtUlkk","preKeyId":6465}}},"version":"v1"}