{"_sessions":{"BQ7TAGYrFEJu5l97he1T6I636R3gDLKzL7kCvsjJALxs":{"registrationId":970762994,"currentRatchet":{"ephemeralKeyPair":{"pubKey":"BfR7xJkNS4R+qcHDf1hOlKUuY1dT76aNE/xq1JV05ist","privKey":"sEbih6KqQVtmRcNsio+8pE1pp+2XSSqpv/irWUIU7ls="},"lastRemoteEphemeralKey":"BVaclmJ6jN26hdqab/m2gL/KXOBs4ckS69HVP+7/lT9c","previousCounter":0,"rootKey":"mFMgFGaqyo4IlXoPEn91XaBa2+4U38dajuRFQPlDmjg="},"indexInfo":{"baseKey":"BQ7TAGYrFEJu5l97he1T6I636R3gDLKzL7kCvsjJALxs","baseKeyType":1,"closed":-1,"used":1734398773332,"created":1734398773332,"remoteIdentityKey":"BaptHyP29yhpqfSrJ5JGpZ4iSdcyiDe3yFB5t/PYcgt5"},"_chains":{"BfR7xJkNS4R+qcHDf1hOlKUuY1dT76aNE/xq1JV05ist":{"chainKey":{"counter":0,"key":"A9ffpZZaqLOxrsOeH61FCSPiI5CgX3ZstEWi6rVVg2I="},"chainType":1,"messageKeys":{}}},"pendingPreKey":{"signedKeyId":1,"baseKey":"BQ7TAGYrFEJu5l97he1T6I636R3gDLKzL7kCvsjJALxs","preKeyId":10373490}}},"version":"v1"}