{"_sessions":{"BfSrrSkGz0p3vdawDl5UYg7eJE9k6jhIUD4o91jUwQxt":{"registrationId":1967961853,"currentRatchet":{"ephemeralKeyPair":{"pubKey":"BYlEorHwP1Qhy0gtyBh2KFClWjLF8pv9Kcvkg0ifVIMG","privKey":"8K90KDBNqUVdKWyShG5aTZAbtvq1mNjMXupxxnVuvEg="},"lastRemoteEphemeralKey":"BbUaE40cCwwQjvzUd5Dr6lXyzcX9EpD6KvcQKFK6MFIM","previousCounter":0,"rootKey":"KJoxsZWrkJo1vuo5PgbLZqIs51TaQOVQ/kQmqNj8++M="},"indexInfo":{"baseKey":"BfSrrSkGz0p3vdawDl5UYg7eJE9k6jhIUD4o91jUwQxt","baseKeyType":1,"closed":-1,"used":1734398780311,"created":1734398780311,"remoteIdentityKey":"BXoPN+zOTOw2U/siCD3QeZu3IWC4+uCwPvveez6XFmIG"},"_chains":{"BYlEorHwP1Qhy0gtyBh2KFClWjLF8pv9Kcvkg0ifVIMG":{"chainKey":{"counter":0,"key":"yuGMBhKG1VipFScr997xibv7N4wU+OsdE9ob8XE/1II="},"chainType":1,"messageKeys":{}}},"pendingPreKey":{"signedKeyId":0,"baseKey":"BfSrrSkGz0p3vdawDl5UYg7eJE9k6jhIUD4o91jUwQxt","preKeyId":1020449}}},"version":"v1"}