{"_sessions":{"Ba7wgtMVnQSkVynuOD6if/C8mF2yfaR3lgT7NzFkdIYj":{"registrationId":578527623,"currentRatchet":{"ephemeralKeyPair":{"pubKey":"BY4FZ9jpHNVpzWrEzFeslTXUzAgtunKsWr4YyBuJWhE+","privKey":"uOhLJ1qQtpD8jLy+fu+t/i071hhIDlICJc7TkwMsq1M="},"lastRemoteEphemeralKey":"BY3+4sG7x8deuLs/IZZPVhIuT2174IeaAYp8nagdERQ9","previousCounter":0,"rootKey":"73vaRvp3qRvGbBYz/iBtMbnE2EQG4LunIG1SDMlFRAY="},"indexInfo":{"baseKey":"Ba7wgtMVnQSkVynuOD6if/C8mF2yfaR3lgT7NzFkdIYj","baseKeyType":1,"closed":-1,"used":1734398775632,"created":1734398775632,"remoteIdentityKey":"BZ76dZKN+HGxCNdMSfWN2JpU/qanQc1Cm69ZeSatKPl3"},"_chains":{"BY4FZ9jpHNVpzWrEzFeslTXUzAgtunKsWr4YyBuJWhE+":{"chainKey":{"counter":0,"key":"f5bZ1/K1d2sQc2u3yStr27TRl9uDUXG48b7SWwxlwL8="},"chainType":1,"messageKeys":{}}},"pendingPreKey":{"signedKeyId":7,"baseKey":"Ba7wgtMVnQSkVynuOD6if/C8mF2yfaR3lgT7NzFkdIYj","preKeyId":16023754}}},"version":"v1"}