{"_sessions":{"BUWz5b40MbxJJZwAhiiLHMV3ZcJi7kKzrstzOqrxzhpw":{"registrationId":1584348225,"currentRatchet":{"ephemeralKeyPair":{"pubKey":"BXm1ZgHHswM4SbZmA0BYy8fTgtF3pruzSf3NpZsykAUO","privKey":"YLuX1mtB7YvaIQa4gCKNHAaDVI1mE3A4w5CW/v0bym0="},"lastRemoteEphemeralKey":"BVaN9L3weLYROKgDBPZuNsZYCIigvPnZ2VGhJII59/w3","previousCounter":0,"rootKey":"KNMqvv2a8v6QHbKpvJt+OdCNoKPESIi4SfQBBDwEags="},"indexInfo":{"baseKey":"BUWz5b40MbxJJZwAhiiLHMV3ZcJi7kKzrstzOqrxzhpw","baseKeyType":1,"closed":-1,"used":1734398773093,"created":1734398773093,"remoteIdentityKey":"BQqNZLQZVPXpsU0/EG0fI3JoTMNjIaquAm+1wahPY812"},"_chains":{"BXm1ZgHHswM4SbZmA0BYy8fTgtF3pruzSf3NpZsykAUO":{"chainKey":{"counter":0,"key":"pGiLmcmTb3/WqygM2sxyJgfY4i8lrg6n1ZgAPXzDNBU="},"chainType":1,"messageKeys":{}}},"pendingPreKey":{"signedKeyId":8,"baseKey":"BUWz5b40MbxJJZwAhiiLHMV3ZcJi7kKzrstzOqrxzhpw","preKeyId":4266728}}},"version":"v1"}