{"_sessions":{"BVmHmbe+0xdpcZNcLsB6V07HfWsnJJHds2j1zNHL4UgW":{"registrationId":343819633,"currentRatchet":{"ephemeralKeyPair":{"pubKey":"BZgPBkjn5p4cJdWIfKbdSNqm4Xx2qQdJucbv6jwHyhNZ","privKey":"KEo6ee0MKfQgoPwntTE90sxXnV9Z27zFtGXqCDBEa0s="},"lastRemoteEphemeralKey":"Ba9v0HaEZXVE8HMeOCvz6aR4iJLEfAaLhKtxvcJqB2ot","previousCounter":0,"rootKey":"7/sOjuSeFpjUyc14H7UoMd3QzFLGwSKCzYW4is/MFPM="},"indexInfo":{"baseKey":"BVmHmbe+0xdpcZNcLsB6V07HfWsnJJHds2j1zNHL4UgW","baseKeyType":1,"closed":-1,"used":1734398773050,"created":1734398773050,"remoteIdentityKey":"BYUHjvVM8bBCXlTSHXyCtXiht4vciPx8HiZUmdpjSBkU"},"_chains":{"BZgPBkjn5p4cJdWIfKbdSNqm4Xx2qQdJucbv6jwHyhNZ":{"chainKey":{"counter":0,"key":"QKXKCOfISmcGMuy1BEjT7okeDsYaihvBwKLC0m41ynY="},"chainType":1,"messageKeys":{}}},"pendingPreKey":{"signedKeyId":27,"baseKey":"BVmHmbe+0xdpcZNcLsB6V07HfWsnJJHds2j1zNHL4UgW"}}},"version":"v1"}