{"_sessions":{"BZudxFglqlVAtW+w6YOmG63d3GQS+ljUNAfNvQwB/hMY":{"registrationId":633910646,"currentRatchet":{"ephemeralKeyPair":{"pubKey":"BS0Kzlk4KXLZr96C9VBkARoyDcwwCOpxCLJrue0o6+Jo","privKey":"qLWpbBAxV773yCyQd0v5kg+PAQOEgqfYHv9lVMJ0RFk="},"lastRemoteEphemeralKey":"BdtpNW2QUrBxs3/IQMrfRjerErrfZd7K7kgUb8bY9cF5","previousCounter":0,"rootKey":"8o7NnweHgc0wWpv+gTg1+/TqcgoWR3ZGJdBCEU4TkNw="},"indexInfo":{"baseKey":"BZudxFglqlVAtW+w6YOmG63d3GQS+ljUNAfNvQwB/hMY","baseKeyType":1,"closed":-1,"used":1734398773231,"created":1734398773231,"remoteIdentityKey":"BTifN7XuOXGjUfQtIZMdU+PnhMTt0/dRWZ6hzu6nZr5n"},"_chains":{"BS0Kzlk4KXLZr96C9VBkARoyDcwwCOpxCLJrue0o6+Jo":{"chainKey":{"counter":0,"key":"Q+ppGwR0yjeEMjJsF4WBSKmIbzaD/j2lOSJJyY5Py5M="},"chainType":1,"messageKeys":{}}},"pendingPreKey":{"signedKeyId":3,"baseKey":"BZudxFglqlVAtW+w6YOmG63d3GQS+ljUNAfNvQwB/hMY","preKeyId":2010097}}},"version":"v1"}