{"_sessions":{"BfQVrzs0CxMz4vVWs2cJLZcOEzn0nlViQVgOQzX/AEl9":{"registrationId":1666137516,"currentRatchet":{"ephemeralKeyPair":{"pubKey":"BWfcSxaxxA2+IC5HJYXfQ5IaaGj3mn7LAaDDwltDjdpJ","privKey":"4IhGDgNMmJVxYQThhgELMhRucLvuOOOwLmiTwlnTWlQ="},"lastRemoteEphemeralKey":"BXtiJJodaG2uBBYUDYawBi8Iq0ynVCs2sL6yt8UKFPcQ","previousCounter":0,"rootKey":"tehWgN8SPqLQjjc6/Di1iCm+ysJs12LbI9Q4ANNTZnE="},"indexInfo":{"baseKey":"BfQVrzs0CxMz4vVWs2cJLZcOEzn0nlViQVgOQzX/AEl9","baseKeyType":1,"closed":-1,"used":1734398778292,"created":1734398778292,"remoteIdentityKey":"BTl0LdwEaRr2dOXJMLOfhsJKuVqP446tW+RHg+PNaRZb"},"_chains":{"BWfcSxaxxA2+IC5HJYXfQ5IaaGj3mn7LAaDDwltDjdpJ":{"chainKey":{"counter":0,"key":"o4eiKHAgXJl94zDcrRGbUf95NRggyr6u66Q2HcdEPDA="},"chainType":1,"messageKeys":{}}},"pendingPreKey":{"signedKeyId":1,"baseKey":"BfQVrzs0CxMz4vVWs2cJLZcOEzn0nlViQVgOQzX/AEl9"}}},"version":"v1"}