{"_sessions":{"BfvE9XvqUzPdYvGiRsA5qwQy+bYJSq2yivLHiO+6Q6Jm":{"registrationId":373,"currentRatchet":{"ephemeralKeyPair":{"pubKey":"BWvTkEXSeTHhIw8yivb7FQ5EsNnFR7gzaxR7+uI9jQZd","privKey":"SHcvKULtXx6QNKuYzh+KssfO4Kc+yBlSlrXlfouLeEQ="},"lastRemoteEphemeralKey":"BZqHejXtDU4D2Z5Ubat2XJeuq7q5u6X8HP7TWb7u5i5X","previousCounter":0,"rootKey":"A6tzSGyy/Md/WVrgqOk5rS/1pdwkLwmRp2an9tKylLY="},"indexInfo":{"baseKey":"BfvE9XvqUzPdYvGiRsA5qwQy+bYJSq2yivLHiO+6Q6Jm","baseKeyType":1,"closed":-1,"used":1734398771226,"created":1734398771226,"remoteIdentityKey":"BToaEYaTDiyXMVA1tNM+Dt82x2snWiJRY64tvTzReBxK"},"_chains":{"BWvTkEXSeTHhIw8yivb7FQ5EsNnFR7gzaxR7+uI9jQZd":{"chainKey":{"counter":0,"key":"Ef+hSOMFITnCI2DoXRsTwrEIdtVFnWwpiBHubcVsZpU="},"chainType":1,"messageKeys":{}}},"pendingPreKey":{"signedKeyId":1,"baseKey":"BfvE9XvqUzPdYvGiRsA5qwQy+bYJSq2yivLHiO+6Q6Jm"}}},"version":"v1"}