{"_sessions":{"BS5iVuZgpOH1Z7ml67KKbbXFAYNrHxgaiifkno4VgKVY":{"registrationId":561516137,"currentRatchet":{"ephemeralKeyPair":{"pubKey":"BS57gPpnnDQZn7SyIjrftIoW/a/xLoBdYm7QIH/tp4E9","privKey":"cC1si+mfrktHE+j1xsl7wdJjgTL2Nrbus2RLgBk1sWo="},"lastRemoteEphemeralKey":"BRaTnYbmF7a9Pru/nlLT18G95aU7frq8LuLarVawK6RI","previousCounter":0,"rootKey":"catCflvBIG21CxC8Afcr0F7LrPPI9yc6c7uY9oDJNfg="},"indexInfo":{"baseKey":"BS5iVuZgpOH1Z7ml67KKbbXFAYNrHxgaiifkno4VgKVY","baseKeyType":1,"closed":-1,"used":1734398778228,"created":1734398778228,"remoteIdentityKey":"BQzPkVSs/OzJSfNix2PEluZT4ZczEfzMJx6nI1Sa3DAL"},"_chains":{"BS57gPpnnDQZn7SyIjrftIoW/a/xLoBdYm7QIH/tp4E9":{"chainKey":{"counter":0,"key":"nLy6gAyQtft01eCmtVJXcXlHl5Icmz2XdUjUE+FN4RU="},"chainType":1,"messageKeys":{}}},"pendingPreKey":{"signedKeyId":17,"baseKey":"BS5iVuZgpOH1Z7ml67KKbbXFAYNrHxgaiifkno4VgKVY","preKeyId":14830435}}},"version":"v1"}