{"_sessions":{"BSUtSxeuzNGFR1bErCflx2IUFKm+KuaJjdO02DAQjlB5":{"registrationId":475560517,"currentRatchet":{"ephemeralKeyPair":{"pubKey":"BfXUYKpfmdSmtVYfroQ5uUgEhTbezUOpdpR2K9vCs015","privKey":"yJAGBuswV0psQAWWnvkpOJ1lejNgM4qT5WqYySuRA0c="},"lastRemoteEphemeralKey":"BfXqvHAahEY1C8sckUuuAcuj6ZuIikOsDn0rJidhcBRj","previousCounter":0,"rootKey":"3mT9eh6l82MlcsexcMnFMtYimmRGho80sIZjsJD0bWw="},"indexInfo":{"baseKey":"BSUtSxeuzNGFR1bErCflx2IUFKm+KuaJjdO02DAQjlB5","baseKeyType":1,"closed":-1,"used":1734398780339,"created":1734398780339,"remoteIdentityKey":"BeS0z9R30ug44amFkL7DIoRCfJKVl8aBbLkc4//UJssU"},"_chains":{"BfXUYKpfmdSmtVYfroQ5uUgEhTbezUOpdpR2K9vCs015":{"chainKey":{"counter":0,"key":"DK5Y27zSsslF/AqOTYAHUTiuexgUjZp5BxUc1la0Fqo="},"chainType":1,"messageKeys":{}}},"pendingPreKey":{"signedKeyId":10,"baseKey":"BSUtSxeuzNGFR1bErCflx2IUFKm+KuaJjdO02DAQjlB5","preKeyId":14627151}}},"version":"v1"}