{"_sessions":{"BSoI3cP06oALk0YVi+y6mkS0Nv/g9Q2slkC/l94azcY6":{"registrationId":458612284,"currentRatchet":{"ephemeralKeyPair":{"pubKey":"BaGy7fy9lk4/zwp3l0Ct3jIrCMD4QRJsPloabgJLUOA2","privKey":"mOf6Tke/L5By5WXrwqSFEVcCl00c7dZHQCobdqJI6Vs="},"lastRemoteEphemeralKey":"BQXfPsvd0+DZeTs2BrGmq/2GSXFmHdJDhgnJA0NE0iIO","previousCounter":0,"rootKey":"H3QIOfHOwpQjomZvsFaR+R1xroKdX84D2UrPAjrWy9E="},"indexInfo":{"baseKey":"BSoI3cP06oALk0YVi+y6mkS0Nv/g9Q2slkC/l94azcY6","baseKeyType":1,"closed":-1,"used":1734398773059,"created":1734398773059,"remoteIdentityKey":"BSNqQeqwvylow8KbNDOf4jmFFNIsFiO/aFRxn8hrUUdc"},"_chains":{"BaGy7fy9lk4/zwp3l0Ct3jIrCMD4QRJsPloabgJLUOA2":{"chainKey":{"counter":0,"key":"/pSRdJeaVerQzxk17LgEQF35B1Bl0OzqrB7SXi2HdG0="},"chainType":1,"messageKeys":{}}},"pendingPreKey":{"signedKeyId":19,"baseKey":"BSoI3cP06oALk0YVi+y6mkS0Nv/g9Q2slkC/l94azcY6","preKeyId":3333721}}},"version":"v1"}