{"_sessions":{"BfNOTfbUygU8oOI275m6/Cc0P7J+bBvpYVu4RtnxncED":{"registrationId":61829950,"currentRatchet":{"ephemeralKeyPair":{"pubKey":"BcO8NXSh4q0TVYVpYJB5NcvVJpkQsX/IYf8nMbUwbOQP","privKey":"0A9jDxss5Ka7dauarnpyWG2SXvF8fiIRH+AbdiR0hVo="},"lastRemoteEphemeralKey":"BSoFX5Zbv7Y9pJJ0vlxfTe7wkqFgLbAGXRG0X5hbnnFl","previousCounter":0,"rootKey":"LNUzdbrXrujWrOKe7TTE8uqbdugMrrtoMgoRwO5knOY="},"indexInfo":{"baseKey":"BfNOTfbUygU8oOI275m6/Cc0P7J+bBvpYVu4RtnxncED","baseKeyType":1,"closed":-1,"used":1734398780337,"created":1734398780337,"remoteIdentityKey":"BXzRsNgL7NywquxBJlA/x4dIvFpako8iGXvCYy2J0wIY"},"_chains":{"BcO8NXSh4q0TVYVpYJB5NcvVJpkQsX/IYf8nMbUwbOQP":{"chainKey":{"counter":0,"key":"Z22w0dahwikfHQZf0NnChdHN+/rNigYZ/XOiBXRJn1s="},"chainType":1,"messageKeys":{}}},"pendingPreKey":{"signedKeyId":3,"baseKey":"BfNOTfbUygU8oOI275m6/Cc0P7J+bBvpYVu4RtnxncED","preKeyId":15306021}}},"version":"v1"}