{"_sessions":{"BYoFokJjM8phiXsjm44Mou7pYZn7vv7KYkIdvaUONCUe":{"registrationId":576179847,"currentRatchet":{"ephemeralKeyPair":{"pubKey":"BSK0YFLSRCma/lUt/6icukTBQGb371kHUYAarVtoFDBX","privKey":"wMlApV1h0+Eszt8mLzChf2Q7KN+SnSHzKZ1Pep5VeE0="},"lastRemoteEphemeralKey":"BUIMueQ5sbwwIRaN7chsezZr8HaRm+kyP4k3NkMJhHkf","previousCounter":0,"rootKey":"MJAobOYGhLzEqdpkWNBWu6an4i5yesAH0HjypEC88R8="},"indexInfo":{"baseKey":"BYoFokJjM8phiXsjm44Mou7pYZn7vv7KYkIdvaUONCUe","baseKeyType":1,"closed":-1,"used":1734398773210,"created":1734398773210,"remoteIdentityKey":"BUA9k+rjpA3QNvWgQPTkYtRyc+5OCE+uyddKObAs7eMX"},"_chains":{"BSK0YFLSRCma/lUt/6icukTBQGb371kHUYAarVtoFDBX":{"chainKey":{"counter":0,"key":"OrpXS1cnkKEgRZaX5Y3e94ZaW3l//pR/X0eHtAig9TU="},"chainType":1,"messageKeys":{}}},"pendingPreKey":{"signedKeyId":16,"baseKey":"BYoFokJjM8phiXsjm44Mou7pYZn7vv7KYkIdvaUONCUe","preKeyId":4058917}}},"version":"v1"}