{"_sessions":{"BaxsBEVuZmOqw/bSK02CO0Mrs9brlZ4l4WHBxADV0Epz":{"registrationId":288615360,"currentRatchet":{"ephemeralKeyPair":{"pubKey":"Ba9Ab96IOAoPqTbvZ8sraR2fUMqy7YhnJ7BLXtyhZgBc","privKey":"yCS24vykFxbcjTSG+8iQDInDx6pFdiL/XG5UcUYYqVU="},"lastRemoteEphemeralKey":"BYTB7iCPHObAATmYuGtFRtJwXfEdFnJBS0qTDBPTPG4f","previousCounter":0,"rootKey":"YRsOVoVDDKvcTjnLCRhDLupBXdVJbnODJvZAjv2aj7c="},"indexInfo":{"baseKey":"BaxsBEVuZmOqw/bSK02CO0Mrs9brlZ4l4WHBxADV0Epz","baseKeyType":1,"closed":-1,"used":1734398778150,"created":1734398778150,"remoteIdentityKey":"BY83ohsbGiXWopj991YiT95ElM21KJePHquMAwi2J3kv"},"_chains":{"Ba9Ab96IOAoPqTbvZ8sraR2fUMqy7YhnJ7BLXtyhZgBc":{"chainKey":{"counter":0,"key":"WEmueZEn4UM0j9ekBosGvaKhKyeb1STgWV0sk/tuIjU="},"chainType":1,"messageKeys":{}}},"pendingPreKey":{"signedKeyId":0,"baseKey":"BaxsBEVuZmOqw/bSK02CO0Mrs9brlZ4l4WHBxADV0Epz","preKeyId":15691132}}},"version":"v1"}