{"_sessions":{"BV5tzWdcVfMRIdTjMRrwPfJ+Dhv6jtdxwJA4m7Vylj1U":{"registrationId":12262,"currentRatchet":{"ephemeralKeyPair":{"pubKey":"BZOpXF7GN/F6mBh6BMWWClXJ8way57oE3jWObp9/8TkX","privKey":"EGLB2KXFV/j1xqYOxW8K2dLkDVvp6Uja3Syple9Rc1c="},"lastRemoteEphemeralKey":"BQvqyioxCjBlZPrIzYXa3ZAm//h7NNIvFcmVMe6P0Jog","previousCounter":0,"rootKey":"V1HPtvKIcu31oAQ3ZgE9fm+xfaEEfUhJc7jQ8ps4ZF8="},"indexInfo":{"baseKey":"BV5tzWdcVfMRIdTjMRrwPfJ+Dhv6jtdxwJA4m7Vylj1U","baseKeyType":1,"closed":-1,"used":1734398771252,"created":1734398771252,"remoteIdentityKey":"BaugjtdZrjcbbtFuollrWs1o0j6M3X5TRcfwxml8FRYR"},"_chains":{"BZOpXF7GN/F6mBh6BMWWClXJ8way57oE3jWObp9/8TkX":{"chainKey":{"counter":0,"key":"xArdtAWZ9nQ2izlghVHjl56eQMCkYBCSo7RdDTCnGMk="},"chainType":1,"messageKeys":{}}},"pendingPreKey":{"signedKeyId":1,"baseKey":"BV5tzWdcVfMRIdTjMRrwPfJ+Dhv6jtdxwJA4m7Vylj1U"}}},"version":"v1"}