{"_sessions":{"BYbtgSqBEgWC3kPASRCeObpPmmxmOE253hW6niTnt7U5":{"registrationId":615434567,"currentRatchet":{"ephemeralKeyPair":{"pubKey":"BQcLGefTYOzotwouPadVpjgOuyxjjtkoAxEUfZMx4hNT","privKey":"EPISVoVE3emiaKqy/f0O8pSpbehmJnJjfTT5a7SAwk8="},"lastRemoteEphemeralKey":"BcMhy2/tkHj+hqOLtBI6Lxi+9Mby6BL3Aauj+WTkEp44","previousCounter":0,"rootKey":"MFO3kxbW9pShW5x9+QRinXTJMj2NJ6EBLpfF5lheJr0="},"indexInfo":{"baseKey":"BYbtgSqBEgWC3kPASRCeObpPmmxmOE253hW6niTnt7U5","baseKeyType":1,"closed":-1,"used":1734398775558,"created":1734398775558,"remoteIdentityKey":"BR84e0biKBEP6Z9DKlmfpZJ1LvjQq6c22MzxuUTQtkwL"},"_chains":{"BQcLGefTYOzotwouPadVpjgOuyxjjtkoAxEUfZMx4hNT":{"chainKey":{"counter":0,"key":"9gg/xY2OxkZKJ7pxvZ3hGzO1vMs9ikZEZWPgWn2rXBY="},"chainType":1,"messageKeys":{}}},"pendingPreKey":{"signedKeyId":8,"baseKey":"BYbtgSqBEgWC3kPASRCeObpPmmxmOE253hW6niTnt7U5"}}},"version":"v1"}