{"_sessions":{"BVG6aGHEzl2KxCzGFP4vOhzO1upi0QTklhkdxaAMczAW":{"registrationId":443270929,"currentRatchet":{"ephemeralKeyPair":{"pubKey":"BSvf5wpuLmQokzsQcdMDx2up4VP1nZJfSjLUbw5g9HRz","privKey":"EITOKHRR+g0ylGOsn9YU69zRHNUVeV6zOXmLulUE5EU="},"lastRemoteEphemeralKey":"Bc4UbAhDPAvC+1TBTq1pYh3Ryi9QQrwNhhesQ4g3K7ZA","previousCounter":0,"rootKey":"uuMeINN6cYlUY28AxCLpxTuwryxVrYdb/FvLHVKv3aA="},"indexInfo":{"baseKey":"BVG6aGHEzl2KxCzGFP4vOhzO1upi0QTklhkdxaAMczAW","baseKeyType":1,"closed":-1,"used":1734398775770,"created":1734398775770,"remoteIdentityKey":"BeOMxcjcHyhJoD961GeZ73T3hEJAdHcj47V7qMR86bli"},"_chains":{"BSvf5wpuLmQokzsQcdMDx2up4VP1nZJfSjLUbw5g9HRz":{"chainKey":{"counter":0,"key":"+Grvnqb6SPjLUj3ufugWFvWsoqU56zDhM1TI25v8Gvs="},"chainType":1,"messageKeys":{}}},"pendingPreKey":{"signedKeyId":6,"baseKey":"BVG6aGHEzl2KxCzGFP4vOhzO1upi0QTklhkdxaAMczAW","preKeyId":16538204}}},"version":"v1"}