{"_sessions":{"BVun1h3ozyIrBeG8Suh/MmL7XMVusVyvWTUM7S9RRRZT":{"registrationId":250369938,"currentRatchet":{"ephemeralKeyPair":{"pubKey":"BWJTav7lkr+mqyBLrEbftHOB2m60fkGqHSNGxincw/QN","privKey":"OGOPCzUIrcS66dUbL2Um7FaiIcvx2Z8GkYd/ROIIzXk="},"lastRemoteEphemeralKey":"BcJsrxAZ5y9m7O2kO3rxrTwpMZoX34ZsoCwhfrLuPKdV","previousCounter":0,"rootKey":"SuQV95avEX/EFmM06fKrYU4snFRwHVVBTJFaErwNJDQ="},"indexInfo":{"baseKey":"BVun1h3ozyIrBeG8Suh/MmL7XMVusVyvWTUM7S9RRRZT","baseKeyType":1,"closed":-1,"used":1734398780477,"created":1734398780477,"remoteIdentityKey":"BSm/3jNMAttXYbV8nPHaBEA6Q+rGif1crYcNrxVOaOYN"},"_chains":{"BWJTav7lkr+mqyBLrEbftHOB2m60fkGqHSNGxincw/QN":{"chainKey":{"counter":0,"key":"pXz9YwuI2Ckreysp2XHksnjSBAKQkaR7/RwKvX30xEk="},"chainType":1,"messageKeys":{}}},"pendingPreKey":{"signedKeyId":7,"baseKey":"BVun1h3ozyIrBeG8Suh/MmL7XMVusVyvWTUM7S9RRRZT","preKeyId":8175570}}},"version":"v1"}