{"_sessions":{"BXxuZlMm7DTHdh5N9H3N7EPV7uWA5sWtq9/LIE3Du7p8":{"registrationId":1656022227,"currentRatchet":{"ephemeralKeyPair":{"pubKey":"BYwRASTVCoepdkpgVMXHc+xUbKA2uGuUOkyfWCZm6egm","privKey":"0H2YlTgo/4Cz3vP+vv+Qv3WtpNu0I7OPtX8kRCcjsn8="},"lastRemoteEphemeralKey":"BYZOJ4k4AUVRN8gPCQ+wqQV+cfFAQACE0Mw80Ld4E/Yn","previousCounter":0,"rootKey":"5O5mi6vqk+ns9nln2FP4stK+INgJZUM2ijxXAesGaCE="},"indexInfo":{"baseKey":"BXxuZlMm7DTHdh5N9H3N7EPV7uWA5sWtq9/LIE3Du7p8","baseKeyType":1,"closed":-1,"used":1734398780483,"created":1734398780483,"remoteIdentityKey":"BZFc+blUCGTDy55JYE+PhCwUtprIN+SvbYFcK958M1cs"},"_chains":{"BYwRASTVCoepdkpgVMXHc+xUbKA2uGuUOkyfWCZm6egm":{"chainKey":{"counter":0,"key":"OnUjrhwHTxrwLhYqkXp1nN/bI/wyjjm3tJK4oZG3cvU="},"chainType":1,"messageKeys":{}}},"pendingPreKey":{"signedKeyId":1,"baseKey":"BXxuZlMm7DTHdh5N9H3N7EPV7uWA5sWtq9/LIE3Du7p8","preKeyId":13851296}}},"version":"v1"}