{"_sessions":{"BTiEzJPGJMLafoagOY8WOdy9nSkNtYb16i0zFFjED6UH":{"registrationId":882972688,"currentRatchet":{"ephemeralKeyPair":{"pubKey":"BbpHTP0vfGgIbSn/+Va0iUmzLf2LhaJi2BiAPrYZ2REY","privKey":"gJZRbnPuSK5+/rabtJVIkbra7R/Eahs+XjkYerAiEHU="},"lastRemoteEphemeralKey":"BW3xCDrOHA1JocGW9cRRqVvpzMQE9XI+GEhrJlSiwMYx","previousCounter":0,"rootKey":"/g51u81W/ft+fT1bFoETu44geQS4QR33ldcnZOivv1E="},"indexInfo":{"baseKey":"BTiEzJPGJMLafoagOY8WOdy9nSkNtYb16i0zFFjED6UH","baseKeyType":1,"closed":-1,"used":1734398775704,"created":1734398775704,"remoteIdentityKey":"BdC+x+6qYGkaQumIWK6eTEbgn7lHR0owyxBy6ClEHE5T"},"_chains":{"BbpHTP0vfGgIbSn/+Va0iUmzLf2LhaJi2BiAPrYZ2REY":{"chainKey":{"counter":0,"key":"H2FK80Y5rfFzuSJer1cQsHYNuI7LdIvo7KDm1Gt03RM="},"chainType":1,"messageKeys":{}}},"pendingPreKey":{"signedKeyId":2,"baseKey":"BTiEzJPGJMLafoagOY8WOdy9nSkNtYb16i0zFFjED6UH","preKeyId":327932}}},"version":"v1"}