{"_sessions":{"BZBatxmzyDAWmdIOevmVQ4LF79LVmDqzC86fbwwbZAVa":{"registrationId":1231268553,"currentRatchet":{"ephemeralKeyPair":{"pubKey":"BcvJx9EtIylKEz45qgQxy+CiAnvp/TaWME18CJFoC+8G","privKey":"wPobuDaUOU0PqFiexVUAWuRnNIiYlxje4ujnBtp/ZkY="},"lastRemoteEphemeralKey":"BWccoWmaQM3OCh75jeN2NjfIsou1T/jC6mlLS/1kIwUZ","previousCounter":0,"rootKey":"spqveQOKNQ4IrDvnZlhDnC2dVQjH1owi+A2UQT2BpQM="},"indexInfo":{"baseKey":"BZBatxmzyDAWmdIOevmVQ4LF79LVmDqzC86fbwwbZAVa","baseKeyType":1,"closed":-1,"used":1734398773134,"created":1734398773134,"remoteIdentityKey":"BZqRks9LrMPOzDv+ovhznIhU9xb0WNMBcOFSGnL8hwll"},"_chains":{"BcvJx9EtIylKEz45qgQxy+CiAnvp/TaWME18CJFoC+8G":{"chainKey":{"counter":0,"key":"vXecEj46j8PPqUZ4W1yYamkl+yuzG49zSPD8fLIAlDM="},"chainType":1,"messageKeys":{}}},"pendingPreKey":{"signedKeyId":23,"baseKey":"BZBatxmzyDAWmdIOevmVQ4LF79LVmDqzC86fbwwbZAVa","preKeyId":13522676}}},"version":"v1"}