{"_sessions":{"BW6v68NFEYHuRptSa3uhwjyokDZcThDq0Nb6lGUo8Kl0":{"registrationId":352362354,"currentRatchet":{"ephemeralKeyPair":{"pubKey":"BanJU6l3hnxiQtO82MLRmI1dhQIWrMME4mDD2OF5FGY8","privKey":"CBMVI2dq1rWFMQCxv1D8A2k+JAUj+Ku38EGHEvSi4k8="},"lastRemoteEphemeralKey":"BSXR1JyZSbfVgpVgnW1VAO4xnCH4L57wyGnoaAWxu8Z2","previousCounter":0,"rootKey":"mALOGJDAk9PZl2eCcYOJVEmzZkb/7b8N0OUCkXwY9pg="},"indexInfo":{"baseKey":"BW6v68NFEYHuRptSa3uhwjyokDZcThDq0Nb6lGUo8Kl0","baseKeyType":1,"closed":-1,"used":1734398778270,"created":1734398778270,"remoteIdentityKey":"BSPbizFpMnYRi2msJNFfHL5F6vEXa2hKPiTnoVbAfWRS"},"_chains":{"BanJU6l3hnxiQtO82MLRmI1dhQIWrMME4mDD2OF5FGY8":{"chainKey":{"counter":0,"key":"yOK32HTEKnMbIoPSVdOD8D5SJJuzBRZvuEUilIy4PYw="},"chainType":1,"messageKeys":{}}},"pendingPreKey":{"signedKeyId":0,"baseKey":"BW6v68NFEYHuRptSa3uhwjyokDZcThDq0Nb6lGUo8Kl0"}}},"version":"v1"}