{"_sessions":{"Bft2h8aTPsCqg68oMlvYBfY6X79/xaewTYXRq1J/NJ1x":{"registrationId":845770267,"currentRatchet":{"ephemeralKeyPair":{"pubKey":"BWD5L8oKiNJSo8OfXFbaOFLjIaVk7BXITTNPaEQY3MA5","privKey":"4NBbzEZ7GAJFJN8FSOgFoaTCZcphYBoZJJZyj/E1fFo="},"lastRemoteEphemeralKey":"BX3kLsdJNIJmJbHnZS60q8uISzpZ4CkYgij7tdBGGNkT","previousCounter":0,"rootKey":"3XOtS0IDKXA/MOVV0bmSK6LL+1jLFgCbdQBWYgNgdUQ="},"indexInfo":{"baseKey":"Bft2h8aTPsCqg68oMlvYBfY6X79/xaewTYXRq1J/NJ1x","baseKeyType":1,"closed":-1,"used":1734398778284,"created":1734398778284,"remoteIdentityKey":"BTyezjm5/VxLog0L2pVdhk3qjmKFtAc5WLXKPWZKw2h1"},"_chains":{"BWD5L8oKiNJSo8OfXFbaOFLjIaVk7BXITTNPaEQY3MA5":{"chainKey":{"counter":0,"key":"j41DPWHJAq3iHTJCxqH33zt64INTbVJhrbZt4CPaQjQ="},"chainType":1,"messageKeys":{}}},"pendingPreKey":{"signedKeyId":4,"baseKey":"Bft2h8aTPsCqg68oMlvYBfY6X79/xaewTYXRq1J/NJ1x","preKeyId":9102537}}},"version":"v1"}