{"_sessions":{"BaPK2wPrV7souOHp/8al8h5wvhMEez7ONW4aXn+Z/WZN":{"registrationId":9969,"currentRatchet":{"ephemeralKeyPair":{"pubKey":"BTRB76whmtTfcikDxPYUZ+OE/JqF62mwwoYqqXqzKa0p","privKey":"CGiho8LOxTPMMjzB5au5nTQBT4vftBmgR6y4TshOqV0="},"lastRemoteEphemeralKey":"BfPXDOdxgODqSMwv+9sa//TIPgwAnH8/2k1y3WZSLGUC","previousCounter":0,"rootKey":"U9tM41BCOzmnRBm+9MPsKyZ6Jm4tKe9TWdIeOc9REtM="},"indexInfo":{"baseKey":"BaPK2wPrV7souOHp/8al8h5wvhMEez7ONW4aXn+Z/WZN","baseKeyType":1,"closed":-1,"used":1734398771231,"created":1734398771231,"remoteIdentityKey":"BXLnr7PYEmEDlWrC8hjQdVrwLu0TkL2lxMqaPPgKcSBf"},"_chains":{"BTRB76whmtTfcikDxPYUZ+OE/JqF62mwwoYqqXqzKa0p":{"chainKey":{"counter":0,"key":"KeoD+kJJJ4SJdIcT/rcSc4R5NxjBnR70VkB7jJQlZpM="},"chainType":1,"messageKeys":{}}},"pendingPreKey":{"signedKeyId":1,"baseKey":"BaPK2wPrV7souOHp/8al8h5wvhMEez7ONW4aXn+Z/WZN"}}},"version":"v1"}