{"_sessions":{"BRF60GzMtQh4rSh/mcxVoTO7IMNy/6frtLv+u+kChPpX":{"registrationId":1313886155,"currentRatchet":{"ephemeralKeyPair":{"pubKey":"BRrLNueeK8Zh2hW2DhUAsw0f3an5BkMtoQZ7mF8kmcIS","privKey":"+Mf/6dwj4/lfMWQKHjEZ55HSLzJH1M1/dll+8BlNCHo="},"lastRemoteEphemeralKey":"BVWORE4oRblizPDaPnjUMCXEoiyciStQAGSuGo19hRJk","previousCounter":0,"rootKey":"lfultDUR1W6RSgFdUSWrRKEGBuPKX8bu18VNEgpxnVk="},"indexInfo":{"baseKey":"BRF60GzMtQh4rSh/mcxVoTO7IMNy/6frtLv+u+kChPpX","baseKeyType":1,"closed":-1,"used":1734398778341,"created":1734398778341,"remoteIdentityKey":"BZSj8pkghLt5aJkbVtMJE00sNfF2IdmBd0kKrMrZ+18B"},"_chains":{"BRrLNueeK8Zh2hW2DhUAsw0f3an5BkMtoQZ7mF8kmcIS":{"chainKey":{"counter":0,"key":"9+402KQZkljln1F+Ie0KmWesNoJqTfOSzek9KFnINZ4="},"chainType":1,"messageKeys":{}}},"pendingPreKey":{"signedKeyId":11,"baseKey":"BRF60GzMtQh4rSh/mcxVoTO7IMNy/6frtLv+u+kChPpX","preKeyId":15569404}}},"version":"v1"}