{"_sessions":{"BSgrHW9l11dp+t48QU7wDYNltGOE5wHByOck36xHEIZ8":{"registrationId":457578041,"currentRatchet":{"ephemeralKeyPair":{"pubKey":"BagRpBTZJiGfgVK4oJr5q+78LcvhcO4Nk6k1i8r8My84","privKey":"4Oah21H54aSt/LLtEF2oRACdGQV7xAvDwslLN0I8Pkg="},"lastRemoteEphemeralKey":"Bez5b5b6btQHT+4nvOpHe+ruVzDk3jsh1StOgrkfuo1O","previousCounter":0,"rootKey":"H6ciQqeaSY20n0y/znqDCKyXGFHJhw8Qvrobr2Zr9AM="},"indexInfo":{"baseKey":"BSgrHW9l11dp+t48QU7wDYNltGOE5wHByOck36xHEIZ8","baseKeyType":1,"closed":-1,"used":1734398780326,"created":1734398780326,"remoteIdentityKey":"BZgAUs20dPLz0VKPvrxtILyPn968/K6t2+fB0Haq+p13"},"_chains":{"BagRpBTZJiGfgVK4oJr5q+78LcvhcO4Nk6k1i8r8My84":{"chainKey":{"counter":0,"key":"jt/oXbBEJ1O5fya5/J9CWuffA0YQO1XxuqecbFOR1GQ="},"chainType":1,"messageKeys":{}}},"pendingPreKey":{"signedKeyId":4,"baseKey":"BSgrHW9l11dp+t48QU7wDYNltGOE5wHByOck36xHEIZ8"}}},"version":"v1"}