{"_sessions":{"BUkitqH0JN2/Q+bHugjaC75f66jNII3T9xZGbkoNoaFC":{"registrationId":1698442135,"currentRatchet":{"ephemeralKeyPair":{"pubKey":"Bcb41W9cuY9IfRTPyhKReKGsocHfvajeWzUX7W4KLdpL","privKey":"YOG6zJkkgEW8lliaHrsDNmwtnhS6EttjKDltTEnBqHM="},"lastRemoteEphemeralKey":"BdpAqmoDMtBzMDXihfcd7tQMI62LtwHXoha2MpePH7g0","previousCounter":0,"rootKey":"g8h6NH5cS+d/qkf7SdvvY2JNjz3pvNhFUE1y8SE1tLw="},"indexInfo":{"baseKey":"BUkitqH0JN2/Q+bHugjaC75f66jNII3T9xZGbkoNoaFC","baseKeyType":1,"closed":-1,"used":1734398778259,"created":1734398778259,"remoteIdentityKey":"BTLq2/DmaeC/J5DT+9zh2F+3MdMJ7ulrvAgHywAEWnJU"},"_chains":{"Bcb41W9cuY9IfRTPyhKReKGsocHfvajeWzUX7W4KLdpL":{"chainKey":{"counter":0,"key":"HEwTPicO5V5P1sfxaHONGq3ApZfVIB8SSTfglyubILU="},"chainType":1,"messageKeys":{}}},"pendingPreKey":{"signedKeyId":1,"baseKey":"BUkitqH0JN2/Q+bHugjaC75f66jNII3T9xZGbkoNoaFC","preKeyId":14381007}}},"version":"v1"}