{"_sessions":{"BTnSTTsj6eFBvL7KHdnXRdwbX2akzYPt8l9ttC4aR2Vc":{"registrationId":1922666097,"currentRatchet":{"ephemeralKeyPair":{"pubKey":"BT6MZOzEJi7c5iLplxzA2Lwxmwd2FiZYg/Dz721hs84n","privKey":"GFs4G37ulx+kvroKOqN9d4B81MeCqAU4X5fnyT/rHW4="},"lastRemoteEphemeralKey":"BVQreLWYykCurUOlgHJQeFUS0diiv7k7VOp9bjQkuBx4","previousCounter":0,"rootKey":"l1q+0DRqQI0s9kf/jkzc1qr+mVoUw8qL1V/yfcyQRKU="},"indexInfo":{"baseKey":"BTnSTTsj6eFBvL7KHdnXRdwbX2akzYPt8l9ttC4aR2Vc","baseKeyType":1,"closed":-1,"used":1734398775570,"created":1734398775570,"remoteIdentityKey":"BY7xsnZI16OkuA7vBKpjoGaYPYtJqfHq8FSuwp4bluUh"},"_chains":{"BT6MZOzEJi7c5iLplxzA2Lwxmwd2FiZYg/Dz721hs84n":{"chainKey":{"counter":0,"key":"mgAFIRGv8xsNg0n/mUXnhS/zteS8r5xhCCiHMFYaPbE="},"chainType":1,"messageKeys":{}}},"pendingPreKey":{"signedKeyId":5,"baseKey":"BTnSTTsj6eFBvL7KHdnXRdwbX2akzYPt8l9ttC4aR2Vc"}}},"version":"v1"}