{"_sessions":{"BYgZusvU1weMjN/BSBo84NWpJDb4c1tmCo8ISbnXHiVs":{"registrationId":1413461996,"currentRatchet":{"ephemeralKeyPair":{"pubKey":"Bcqiy4iYg95ohx8UY/YortNx6Xg0aj9yMMHk4ShGjiln","privKey":"YJDuyRYGoAXMogtP4C4orMjamuBbK/rEpT9PX7YLylw="},"lastRemoteEphemeralKey":"BXyVvq5q0qmpZsorDSyaYLvLHWXVw4nYq2sutXpd/lQ7","previousCounter":0,"rootKey":"Tu6tROuS39XhBxdS5L6xPJoU0ALHUPdlKmJtTlRv+ro="},"indexInfo":{"baseKey":"BYgZusvU1weMjN/BSBo84NWpJDb4c1tmCo8ISbnXHiVs","baseKeyType":1,"closed":-1,"used":1734398780355,"created":1734398780355,"remoteIdentityKey":"BYzpjq0M0SM7+GxMEdCHO5L8IUt/ZXDojOa5IuzM/FwK"},"_chains":{"Bcqiy4iYg95ohx8UY/YortNx6Xg0aj9yMMHk4ShGjiln":{"chainKey":{"counter":0,"key":"rQxIxPDF83Je4LR3jzMNFFKXhQ0JkwfnNEmjHFl6Bxg="},"chainType":1,"messageKeys":{}}},"pendingPreKey":{"signedKeyId":1,"baseKey":"BYgZusvU1weMjN/BSBo84NWpJDb4c1tmCo8ISbnXHiVs"}}},"version":"v1"}