{"_sessions":{"BVNcHD+FEl2NGT3EEDpbuv01CE+3svihpexMTHDPd1ph":{"registrationId":1921531180,"currentRatchet":{"ephemeralKeyPair":{"pubKey":"BVQ9QvA2bkVNdwPfcZ7As/m+bSaeVStSnTo6wneXyDpe","privKey":"2Bl1IxHim0raZPcwlh8fA1zf25rrRdjjYQlZ2XLLzXA="},"lastRemoteEphemeralKey":"BaVihvjbZV8Kdoy7pdbRflbFPH/UxcaTH/WoR4Z5hF4f","previousCounter":0,"rootKey":"SPfED6UituSJFjkPIH7el2yM+4D/sZnkDn5xga2Ip+I="},"indexInfo":{"baseKey":"BVNcHD+FEl2NGT3EEDpbuv01CE+3svihpexMTHDPd1ph","baseKeyType":1,"closed":-1,"used":1734398778383,"created":1734398778383,"remoteIdentityKey":"BWI4H+1lKhDNmlT1YU3YsMBqZTCh1bT/22pA4ofq/CIT"},"_chains":{"BVQ9QvA2bkVNdwPfcZ7As/m+bSaeVStSnTo6wneXyDpe":{"chainKey":{"counter":0,"key":"1Q9pyErPgot6VlR8AbUCOu0Y698jB54GpgI+s6yrd9E="},"chainType":1,"messageKeys":{}}},"pendingPreKey":{"signedKeyId":0,"baseKey":"BVNcHD+FEl2NGT3EEDpbuv01CE+3svihpexMTHDPd1ph","preKeyId":13345968}}},"version":"v1"}