{"_sessions":{"BSuRH6DnWyRX2zfDCprA6BkA46AEf399H0nu7KCDIvh7":{"registrationId":819203590,"currentRatchet":{"ephemeralKeyPair":{"pubKey":"BcGAGxYvLKdmBVZMeaB/pAdJndk8lQYWAxvxhG9RIvNC","privKey":"+GhWyapPMtRmOHlDCBHR3QfEqwSsP2qpfuZNhZC2smU="},"lastRemoteEphemeralKey":"BagEukD3AADivelq/1XT5nwVFJZlWc6sqKa5jXcyypss","previousCounter":0,"rootKey":"oQzCVpYxycCsKsLpywehJYn9U7PyFocQHtxg1Sup734="},"indexInfo":{"baseKey":"BSuRH6DnWyRX2zfDCprA6BkA46AEf399H0nu7KCDIvh7","baseKeyType":1,"closed":-1,"used":1734398775732,"created":1734398775732,"remoteIdentityKey":"BTcbcrOYufmtfBEzaym5NFeFW6wnyIaj6oBJnRx93Hhv"},"_chains":{"BcGAGxYvLKdmBVZMeaB/pAdJndk8lQYWAxvxhG9RIvNC":{"chainKey":{"counter":0,"key":"xFjm94O8/Qre2Z6O06miQXua8H6JfOoC1OpgP2yqwqU="},"chainType":1,"messageKeys":{}}},"pendingPreKey":{"signedKeyId":2,"baseKey":"BSuRH6DnWyRX2zfDCprA6BkA46AEf399H0nu7KCDIvh7","preKeyId":1396938}}},"version":"v1"}