{"_sessions":{"BT2ZmYAqpIvYe6AQRlkZS/kaIXGowuUyxJzTGue/wgIR":{"registrationId":1072068518,"currentRatchet":{"ephemeralKeyPair":{"pubKey":"BfmNNkfB3aqxrnN5ZU6111SMFBsSOD5rJ/FEYc4GUdse","privKey":"ODe0JNujj3EHcPuNEb842jzCLxQTaCh8Oosp2dtenkM="},"lastRemoteEphemeralKey":"BVUfdK8UGF1uEXw8WWBzs1C+MLQXCY5Z9it8DeGtbOcO","previousCounter":0,"rootKey":"ZXuDrkI+/+uEnTXjb47ePZVXuUqjYOLnaQhvsiTEUmk="},"indexInfo":{"baseKey":"BT2ZmYAqpIvYe6AQRlkZS/kaIXGowuUyxJzTGue/wgIR","baseKeyType":1,"closed":-1,"used":1734398778204,"created":1734398778204,"remoteIdentityKey":"BQOJyHCMdncarpuEbGgbqo26sHG1eup3Cool2y1kEeZE"},"_chains":{"BfmNNkfB3aqxrnN5ZU6111SMFBsSOD5rJ/FEYc4GUdse":{"chainKey":{"counter":0,"key":"dlbz/1dwg3TQsgWSmMEgA1tFsEnrf4FzqilB1Z0qqbo="},"chainType":1,"messageKeys":{}}},"pendingPreKey":{"signedKeyId":1,"baseKey":"BT2ZmYAqpIvYe6AQRlkZS/kaIXGowuUyxJzTGue/wgIR","preKeyId":12783271}}},"version":"v1"}