{"_sessions":{"BYE07kIF5w46syN0XRosR/r0TmjQ4TxKgKFGQlJ98qNe":{"registrationId":1335699490,"currentRatchet":{"ephemeralKeyPair":{"pubKey":"BYQp0fAAa4wgVnulx3ZS5Ix1rWvV62d3gBW3j/Y3k0Uk","privKey":"IPd6iDVx9pbID5qnO5SAiwvWdrsQUIb2OVok9kvpiW0="},"lastRemoteEphemeralKey":"BYN36XEKp6FDVv6s7EOihB8JqMaV0/6eh4XpDkh/FFR4","previousCounter":0,"rootKey":"aWS28PHBvjfcMq+PsbySivEyL/gBC9UJq02BGULhdk8="},"indexInfo":{"baseKey":"BYE07kIF5w46syN0XRosR/r0TmjQ4TxKgKFGQlJ98qNe","baseKeyType":1,"closed":-1,"used":1734398778349,"created":1734398778349,"remoteIdentityKey":"BTKyWsE4caoWcnl0ofxssv09PST49AEZ2Iyk/fO0bdNo"},"_chains":{"BYQp0fAAa4wgVnulx3ZS5Ix1rWvV62d3gBW3j/Y3k0Uk":{"chainKey":{"counter":0,"key":"RwI+o+oMBoSbKNHyyqURAWucEugU4bMTSFICRl4s2UY="},"chainType":1,"messageKeys":{}}},"pendingPreKey":{"signedKeyId":0,"baseKey":"BYE07kIF5w46syN0XRosR/r0TmjQ4TxKgKFGQlJ98qNe","preKeyId":10000464}}},"version":"v1"}