{"_sessions":{"BYWZ1fOJNZBzAu/+Gmj+iCseeFH11ZJY92j9vDuStA5q":{"registrationId":630384416,"currentRatchet":{"ephemeralKeyPair":{"pubKey":"BRZ4WqdbGniUK9W+zSbM8rquy01KKV4CQOR2DR2+WKpN","privKey":"CL44SJxGLVkfIiP80dW3hkpyvD9pVE8igV90GC7s+W8="},"lastRemoteEphemeralKey":"BX137uKp2Gtbi7Az/YkrCdlfmLP/BfESW5GO37Ad1O0F","previousCounter":0,"rootKey":"uZYsGLqm49B1Aj3CHylESFAEYXz6MfFw7qxprkbMfqU="},"indexInfo":{"baseKey":"BYWZ1fOJNZBzAu/+Gmj+iCseeFH11ZJY92j9vDuStA5q","baseKeyType":1,"closed":-1,"used":1734398773053,"created":1734398773053,"remoteIdentityKey":"BS4aA+ix+66BwmP67FOR7WxPaYyjEyzLkHRpQF6ynJ48"},"_chains":{"BRZ4WqdbGniUK9W+zSbM8rquy01KKV4CQOR2DR2+WKpN":{"chainKey":{"counter":0,"key":"8JthtJjXDmU87BEglsvm3jaTdIKFm1hYlpQLVrXlpcI="},"chainType":1,"messageKeys":{}}},"pendingPreKey":{"signedKeyId":2,"baseKey":"BYWZ1fOJNZBzAu/+Gmj+iCseeFH11ZJY92j9vDuStA5q","preKeyId":8662826}}},"version":"v1"}