{"_sessions":{"BdxTqrFFFxUuwF3ohPxPbaqorKn8hwlp66aTmVVYXQsY":{"registrationId":728997755,"currentRatchet":{"ephemeralKeyPair":{"pubKey":"BVybQSomX2i5zgOtEXs0sFAUtXAJZpASbjvIAGGu0PQr","privKey":"wCF9X+iXxwi77U4jTsDNr6kVcMh/lVAl1XZN12DmhGo="},"lastRemoteEphemeralKey":"BSXPeFgZYchZ1eVkwO4ksVsOyg+w6kUd3PRsKqoBDjYp","previousCounter":0,"rootKey":"lXnITgLeTIoK8FsXSQvlXeNj08hhetj2GlyztIxdQg8="},"indexInfo":{"baseKey":"BdxTqrFFFxUuwF3ohPxPbaqorKn8hwlp66aTmVVYXQsY","baseKeyType":1,"closed":-1,"used":1734398775562,"created":1734398775562,"remoteIdentityKey":"BeEgo4Z3Dri7P65DtC+g9rOVIf2SSKTQfOr9L6fvOLdD"},"_chains":{"BVybQSomX2i5zgOtEXs0sFAUtXAJZpASbjvIAGGu0PQr":{"chainKey":{"counter":0,"key":"cOrYrt5ja0F71KynxVSWujV4QcyJJAGxrUJSm6UJm/0="},"chainType":1,"messageKeys":{}}},"pendingPreKey":{"signedKeyId":1,"baseKey":"BdxTqrFFFxUuwF3ohPxPbaqorKn8hwlp66aTmVVYXQsY","preKeyId":12275580}}},"version":"v1"}