{"_sessions":{"BQ046J/7qPlqLwigbJmTG1Mn7HL9BU67aEuzNWICN3kW":{"registrationId":2066376175,"currentRatchet":{"ephemeralKeyPair":{"pubKey":"BYvYT8FoDnag3fiq4I4TxlCaZfUr7ZA0zO/G6U7KKBIh","privKey":"SO7zknZ6cOvvEWFz2lhaij811+cXmlXxPrApluL14no="},"lastRemoteEphemeralKey":"BaSszrbQ4iKPyWuUkpcUSH8xSvdbxExmqOyNczbMf1VZ","previousCounter":0,"rootKey":"bn4huBa5fVzlxS+QDwEdg4y61mQV3dl/IzOx2olq+6c="},"indexInfo":{"baseKey":"BQ046J/7qPlqLwigbJmTG1Mn7HL9BU67aEuzNWICN3kW","baseKeyType":1,"closed":-1,"used":1734398778319,"created":1734398778319,"remoteIdentityKey":"BTMw/Iwa3Z5iUpQ1fMLJULSJnfH3IfvH513jELMgiWFP"},"_chains":{"BYvYT8FoDnag3fiq4I4TxlCaZfUr7ZA0zO/G6U7KKBIh":{"chainKey":{"counter":0,"key":"W1f8rcNxZ1Q39OmoxOpryytZgxjS+WFEZvk3tzCq860="},"chainType":1,"messageKeys":{}}},"pendingPreKey":{"signedKeyId":0,"baseKey":"BQ046J/7qPlqLwigbJmTG1Mn7HL9BU67aEuzNWICN3kW"}}},"version":"v1"}