{"_sessions":{"BY97FXV1ogluM99Fg6hl0hji+GVxT8OLYeemrSOKI3IP":{"registrationId":1465562738,"currentRatchet":{"ephemeralKeyPair":{"pubKey":"BXTJ04jeqyTL0lCMoSWyZWL0cbqutj4re6mflViMrzQl","privKey":"oIJ1g9gWKqc3w6+goKqjF5TTlu7zulD5rhhGLVgD9FE="},"lastRemoteEphemeralKey":"BYcULnnvyFD6upwAUIH1QArIh0PCYYA3Dg/4YwJtlTI2","previousCounter":0,"rootKey":"8MXNCVenewRtq1uHXxgi8QYOYc+zC6Sx0rs6yDy/cBM="},"indexInfo":{"baseKey":"BY97FXV1ogluM99Fg6hl0hji+GVxT8OLYeemrSOKI3IP","baseKeyType":1,"closed":-1,"used":1734398773173,"created":1734398773173,"remoteIdentityKey":"BYxvMk1l9oZnAOPiqAvO+oueAXocn10shWSAXC1vzfEd"},"_chains":{"BXTJ04jeqyTL0lCMoSWyZWL0cbqutj4re6mflViMrzQl":{"chainKey":{"counter":0,"key":"T1YBknEcBnyhkIm/BSyxUfubgMz239LIB+e1IGWC3vo="},"chainType":1,"messageKeys":{}}},"pendingPreKey":{"signedKeyId":1,"baseKey":"BY97FXV1ogluM99Fg6hl0hji+GVxT8OLYeemrSOKI3IP","preKeyId":6545935}}},"version":"v1"}