{"_sessions":{"BehiO9hjmKJ8X9EK0ttHaXrF0cJkVQXW6m/PSv3/kh8u":{"registrationId":350314602,"currentRatchet":{"ephemeralKeyPair":{"pubKey":"BSQSnY/L8D3rxED9neHqens9T6NIWqoWVS5k+tiAqs4u","privKey":"MP6910iGWbqZRSpDYmP3/2nts8azQ3cdfk/37BwMYGI="},"lastRemoteEphemeralKey":"BShb6G8lnZYe/Lyh98qrZZIINDhUXELadmDoT+5jer0I","previousCounter":0,"rootKey":"wDPROb7oQxv+4yRmpJZOy8s+3Jsi/YENf+HHSMqUYWo="},"indexInfo":{"baseKey":"BehiO9hjmKJ8X9EK0ttHaXrF0cJkVQXW6m/PSv3/kh8u","baseKeyType":1,"closed":-1,"used":1734398773204,"created":1734398773204,"remoteIdentityKey":"BVYxID2znvpuPSdO4S50e4PICaRR7/0cTv1/TxSFjKsm"},"_chains":{"BSQSnY/L8D3rxED9neHqens9T6NIWqoWVS5k+tiAqs4u":{"chainKey":{"counter":0,"key":"oJkN7FhQG/LDCpUo6sYlD57BBpyWr8BgWtob0SVklzo="},"chainType":1,"messageKeys":{}}},"pendingPreKey":{"signedKeyId":2,"baseKey":"BehiO9hjmKJ8X9EK0ttHaXrF0cJkVQXW6m/PSv3/kh8u"}}},"version":"v1"}