{"_sessions":{"BWnsaDkxoaMiCChesrPQrJkFav2RkM5HcQwJfpXXldcO":{"registrationId":69644450,"currentRatchet":{"ephemeralKeyPair":{"pubKey":"BaEFK+jKJi/WUWZyrZqphHAtRl7zUhdbpdmuB04rU6Vt","privKey":"iD8w4B0Nfn6m/xsOHUrcc8kSdZ3rtjkp2UtIh8nkUm8="},"lastRemoteEphemeralKey":"BUXVvR0RGnfer1vGeSxcIm7O0PFD7bXWOsmnMQc6BpxK","previousCounter":0,"rootKey":"4i49BOzbS3uHNXP84wEr4+tojWRykFct2z5anEvQrkA="},"indexInfo":{"baseKey":"BWnsaDkxoaMiCChesrPQrJkFav2RkM5HcQwJfpXXldcO","baseKeyType":1,"closed":-1,"used":1734398773145,"created":1734398773145,"remoteIdentityKey":"BfTQ6URkIBHlb7nWpJWoFiqLgW7B3/yo0/2Dt8CKEG03"},"_chains":{"BaEFK+jKJi/WUWZyrZqphHAtRl7zUhdbpdmuB04rU6Vt":{"chainKey":{"counter":0,"key":"w3YiqRM/hQfbODPz3e2xAx9oQGipIeGnBKoSueuqLIQ="},"chainType":1,"messageKeys":{}}},"pendingPreKey":{"signedKeyId":1,"baseKey":"BWnsaDkxoaMiCChesrPQrJkFav2RkM5HcQwJfpXXldcO"}}},"version":"v1"}