{"_sessions":{"BX8H6ymgxpKRjfaXsTHGOFuHahI7+Cf0iZSb1OyF/e0G":{"registrationId":172187422,"currentRatchet":{"ephemeralKeyPair":{"pubKey":"BeKlw77WO52nw2zfdhmiFV+e3764HZZUyPmikeHDJelt","privKey":"uBSjZMynsnaYM63k4WqYUWfCAeYh/jhoi2360j3+THU="},"lastRemoteEphemeralKey":"BSiFTIgCPhocmyDN6YJrGvADq85TqQcqAQiwTbZO5X4U","previousCounter":0,"rootKey":"FLb34V1XVb2Iv7U4BIoFuVcc053YhYVhTo9AwD6l6jw="},"indexInfo":{"baseKey":"BX8H6ymgxpKRjfaXsTHGOFuHahI7+Cf0iZSb1OyF/e0G","baseKeyType":1,"closed":-1,"used":1734398771359,"created":1734398771359,"remoteIdentityKey":"BXu+O97fdZajcelZJUa9eNm/QicQrasQrA9fwcG3Tld5"},"_chains":{"BeKlw77WO52nw2zfdhmiFV+e3764HZZUyPmikeHDJelt":{"chainKey":{"counter":0,"key":"xS78RqIcfyAUIPAKf03297qZrsq0napL9G/w+beL9N0="},"chainType":1,"messageKeys":{}}},"pendingPreKey":{"signedKeyId":4,"baseKey":"BX8H6ymgxpKRjfaXsTHGOFuHahI7+Cf0iZSb1OyF/e0G"}}},"version":"v1"}