{"_sessions":{"BUMjPl44ZI+mZm5dsf4EKjnz6PBgXOIeULCXYY1uYWFu":{"registrationId":891676581,"currentRatchet":{"ephemeralKeyPair":{"pubKey":"BUY32/trJkoP9CELQAcqjl4I+763NMXzUaJn2aaz48Bj","privKey":"eD9CFQFo+sq/kl88LuvNTpJWSjfgy+fB3Hv2/m3UZm0="},"lastRemoteEphemeralKey":"BbZ3RwkBCethcG1zbp2I9uxBhVB4CI3DozcIT78JeP4M","previousCounter":0,"rootKey":"6uMQ+28LyI/B0PmIwUldd8X43b5uVLwfDIjBZxAAwGI="},"indexInfo":{"baseKey":"BUMjPl44ZI+mZm5dsf4EKjnz6PBgXOIeULCXYY1uYWFu","baseKeyType":1,"closed":-1,"used":1734398780469,"created":1734398780469,"remoteIdentityKey":"BZvqMcrxmyS3y11TMQw/fWkGOTe4EVIeyKoVs+S6EhhF"},"_chains":{"BUY32/trJkoP9CELQAcqjl4I+763NMXzUaJn2aaz48Bj":{"chainKey":{"counter":0,"key":"1jgwKHaWF2Sx9rw0edE+Z1ACcHMgQDUSBjMQZ4PIZ8o="},"chainType":1,"messageKeys":{}}},"pendingPreKey":{"signedKeyId":1,"baseKey":"BUMjPl44ZI+mZm5dsf4EKjnz6PBgXOIeULCXYY1uYWFu","preKeyId":2065703}}},"version":"v1"}