{"_sessions":{"BbBwGjL6IyOOJvNub2hxuOSspc76u4FJL873So8hnsB0":{"registrationId":2076546864,"currentRatchet":{"ephemeralKeyPair":{"pubKey":"BcGUPm4o22TsMUd5y/iWmtkb/9d9YpyxL6V2ZQTp8jg0","privKey":"wG5Gp2wz1lIBC/DVAxS/1frXZ8O9utpNgeNi6wLSgXc="},"lastRemoteEphemeralKey":"BfAtZAuPDoT1TsP6QUt47dTrq5jKbIrL0UYS4Ta7llUe","previousCounter":0,"rootKey":"5/jlnl1jaYdIiomJ0VTF/kH8bBYKrXb8MWncnoNMJ18="},"indexInfo":{"baseKey":"BbBwGjL6IyOOJvNub2hxuOSspc76u4FJL873So8hnsB0","baseKeyType":1,"closed":-1,"used":1734398780334,"created":1734398780334,"remoteIdentityKey":"BRaxVRkgV8dY8bZOnaeseYSbc4GILRTEggxEEeWeI2NN"},"_chains":{"BcGUPm4o22TsMUd5y/iWmtkb/9d9YpyxL6V2ZQTp8jg0":{"chainKey":{"counter":0,"key":"+mX7jVsC4YqPW3zme29N9iACUBGDT0oVaSx2iy9n7Ko="},"chainType":1,"messageKeys":{}}},"pendingPreKey":{"signedKeyId":19,"baseKey":"BbBwGjL6IyOOJvNub2hxuOSspc76u4FJL873So8hnsB0","preKeyId":7796542}}},"version":"v1"}