{"_sessions":{"BevGBtWOrcSJfJkKD0l7VfwptSI0P9PySdPdNss1BQh+":{"registrationId":41577059,"currentRatchet":{"ephemeralKeyPair":{"pubKey":"BYtHgAN4lWei6DENdt4GNlh83drUC7R7+nXrecE2RThI","privKey":"gBVUcYAYXYmREv4BhiPzpu9pU8mcdXdIeUqTRpLtVHw="},"lastRemoteEphemeralKey":"BQfe6WIWZNQNOBziwPKGFOBvh/38bymaqLYky12i3vpq","previousCounter":0,"rootKey":"z9mcfTAWV/gXV2j1HvVXCOD4rpaS5kSlNFcBkKuLL+M="},"indexInfo":{"baseKey":"BevGBtWOrcSJfJkKD0l7VfwptSI0P9PySdPdNss1BQh+","baseKeyType":1,"closed":-1,"used":1734398780331,"created":1734398780331,"remoteIdentityKey":"BeZl8nSOVabeOkI8JnRwL2z148TzdvN/OykN6O5qVKUV"},"_chains":{"BYtHgAN4lWei6DENdt4GNlh83drUC7R7+nXrecE2RThI":{"chainKey":{"counter":0,"key":"eH3EEukLsDigAdLqRsS2PFTEa5Ltw9u3uRc/k75iOd0="},"chainType":1,"messageKeys":{}}},"pendingPreKey":{"signedKeyId":6,"baseKey":"BevGBtWOrcSJfJkKD0l7VfwptSI0P9PySdPdNss1BQh+"}}},"version":"v1"}