{"_sessions":{"BXk2jIxqvsLNXBoTRVEtEApuWgtdIEfTFpJMKvK5YwYH":{"registrationId":1801735542,"currentRatchet":{"ephemeralKeyPair":{"pubKey":"BUPFNBo6WfoWpljCLjSjWSipdpqXHaZ1a9vt5IBeSZ1D","privKey":"qA1nyrcQgqeKnxFD7EIXfxHZkKMxmhGE9lGWAPGQ9VQ="},"lastRemoteEphemeralKey":"Bc0EstTyRfhuoBtw0h0B0GlwZlypaWlP3Ucwb/OpdBlH","previousCounter":0,"rootKey":"V4RmSwAGpsDsC/MftNYo3tuz8C9pchVR7smh3IuA4wU="},"indexInfo":{"baseKey":"BXk2jIxqvsLNXBoTRVEtEApuWgtdIEfTFpJMKvK5YwYH","baseKeyType":1,"closed":-1,"used":1734398778152,"created":1734398778152,"remoteIdentityKey":"BZJaxGxyEYKXzJT2n1a5FHYmPjBGP+/z2IoU7mis5q9V"},"_chains":{"BUPFNBo6WfoWpljCLjSjWSipdpqXHaZ1a9vt5IBeSZ1D":{"chainKey":{"counter":0,"key":"NKNDuJfLUMFENNYtOB1nHIqNG6n/ef58Xy7JVDjLX2s="},"chainType":1,"messageKeys":{}}},"pendingPreKey":{"signedKeyId":6,"baseKey":"BXk2jIxqvsLNXBoTRVEtEApuWgtdIEfTFpJMKvK5YwYH"}}},"version":"v1"}