{"_sessions":{"BWAKhbdKZWhtgcCSfAxconXt0dUBwdvxiF0Yf2Dz2XcY":{"registrationId":2000224571,"currentRatchet":{"ephemeralKeyPair":{"pubKey":"BXIIpRkTG51pOLnF57UqbC7dUzMc66/++CXjAKBlHRcd","privKey":"SPPZ++2DJbCgPYnYMlcPmLfJkb5LFC7HQsFtQP3SjX0="},"lastRemoteEphemeralKey":"BerjZTUUujSalw6WLsaluOcMYGh8YoyXfC8s1DX3m/9N","previousCounter":0,"rootKey":"g8FN8v92954CZ2OnbQhq8cPt+pQhmMPSuMwvc5qgh6w="},"indexInfo":{"baseKey":"BWAKhbdKZWhtgcCSfAxconXt0dUBwdvxiF0Yf2Dz2XcY","baseKeyType":1,"closed":-1,"used":1734398778314,"created":1734398778314,"remoteIdentityKey":"BYkGOTEDivX3k+XySEppHYrgIslINkdCgaYPADfCubNt"},"_chains":{"BXIIpRkTG51pOLnF57UqbC7dUzMc66/++CXjAKBlHRcd":{"chainKey":{"counter":0,"key":"gCOVkJTpL95QpjZCmXd+S00ld4HL5GfH5HB5yOIou+Y="},"chainType":1,"messageKeys":{}}},"pendingPreKey":{"signedKeyId":3,"baseKey":"BWAKhbdKZWhtgcCSfAxconXt0dUBwdvxiF0Yf2Dz2XcY","preKeyId":7921259}}},"version":"v1"}