{"_sessions":{"BbclZnxMvxBMZlbDUTXe5doq9hK/w6ZY6rzTIENL1ToL":{"registrationId":1454486940,"currentRatchet":{"ephemeralKeyPair":{"pubKey":"BQo25pf39oyo6/uLdsSjukAWb568D8VTm2Wp21nvbbRO","privKey":"yCYlw+CMBS4hCsH7O34wbp4NOo0c8YHgb7njuBP/MX0="},"lastRemoteEphemeralKey":"BcCTp6sTegHLp0V9shcqNTYxbyNRjcDpXcwKrp6IcGUQ","previousCounter":0,"rootKey":"TqrDinPS5knHR1iNoLUeNE27/ZMjTS0e4XSoOJk1gx0="},"indexInfo":{"baseKey":"BbclZnxMvxBMZlbDUTXe5doq9hK/w6ZY6rzTIENL1ToL","baseKeyType":1,"closed":-1,"used":1734398778242,"created":1734398778242,"remoteIdentityKey":"BYcOc+j6U022UVwcYJ9gxBySKwj0B56kc60phqJcX/hu"},"_chains":{"BQo25pf39oyo6/uLdsSjukAWb568D8VTm2Wp21nvbbRO":{"chainKey":{"counter":0,"key":"3yMqOexp6ed5Tm9f2s1bgjzMpGwRSkSSLjaPkAx2SfU="},"chainType":1,"messageKeys":{}}},"pendingPreKey":{"signedKeyId":5,"baseKey":"BbclZnxMvxBMZlbDUTXe5doq9hK/w6ZY6rzTIENL1ToL","preKeyId":7407664}}},"version":"v1"}