{"_sessions":{"BVpkWtiPdJqToSod37rhjfwXQszjhW2m3UEvaDgVpfpA":{"registrationId":816551493,"currentRatchet":{"ephemeralKeyPair":{"pubKey":"BfueAoSirXd3z2SH8S0hQSIO22vJNyybCdxUDqLrjgtX","privKey":"qEL4XhN5aFIkzvXgufRTnPO/g6scJk+EnmwEw1ooxmU="},"lastRemoteEphemeralKey":"BYrW/MjikiHLZNnKwvqjRhR94Sk1ReHlYahQSco2ODZB","previousCounter":0,"rootKey":"xl+s9iZvrFVrtRxLqaGqwLSM2HDd724RXu+64fAIcqs="},"indexInfo":{"baseKey":"BVpkWtiPdJqToSod37rhjfwXQszjhW2m3UEvaDgVpfpA","baseKeyType":1,"closed":-1,"used":1734398778138,"created":1734398778138,"remoteIdentityKey":"BdoSSzf3Ces72vJGOp4FVWJ6ASw9VFO8VtDaQGGnWicv"},"_chains":{"BfueAoSirXd3z2SH8S0hQSIO22vJNyybCdxUDqLrjgtX":{"chainKey":{"counter":0,"key":"1sxQ4KiwB8PofPh60Wimo/v4JZePHLwBpE/n80GmORg="},"chainType":1,"messageKeys":{}}},"pendingPreKey":{"signedKeyId":2273234,"baseKey":"BVpkWtiPdJqToSod37rhjfwXQszjhW2m3UEvaDgVpfpA"}}},"version":"v1"}