{"_sessions":{"BbTvLC5qgEsto2Hk9X5z3Vn5NhK8vs9RRDAEamBesuoz":{"registrationId":1364942319,"currentRatchet":{"ephemeralKeyPair":{"pubKey":"BRudHqGgP/xmSApA85SHi5OrsYJRw0fDGQhpB4EqSug7","privKey":"KBnp60oZdtulKpUpJqi2GAROCDrL0OUfxgcNn6cW2UQ="},"lastRemoteEphemeralKey":"BS9lsY8opUwRRNBZTUEbOhEAcpMpbtJ2DVdpXXEqODU1","previousCounter":0,"rootKey":"6i2PafuO8xvEOzKpvpxpvgXA+s3eu6i8kmDuVotEuVg="},"indexInfo":{"baseKey":"BbTvLC5qgEsto2Hk9X5z3Vn5NhK8vs9RRDAEamBesuoz","baseKeyType":1,"closed":-1,"used":1734398778378,"created":1734398778378,"remoteIdentityKey":"BXR2m3R1TYSgHlXkTdVZ9+nYJvq5KdPjCDbKBlSyTb5+"},"_chains":{"BRudHqGgP/xmSApA85SHi5OrsYJRw0fDGQhpB4EqSug7":{"chainKey":{"counter":0,"key":"BhNb7R2lAMK4CwDkgIINiPZrq9aE8z4bIcTJb8nnYXM="},"chainType":1,"messageKeys":{}}},"pendingPreKey":{"signedKeyId":1,"baseKey":"BbTvLC5qgEsto2Hk9X5z3Vn5NhK8vs9RRDAEamBesuoz","preKeyId":2405943}}},"version":"v1"}