{"_sessions":{"BctPU0EL0vJl/1oDp7TF0irHawl/7g26N5ge5knB8NJo":{"registrationId":446894528,"currentRatchet":{"ephemeralKeyPair":{"pubKey":"BV/PD27EGULlEKGI23fyKLwnNaCinbkvOAsHFynjG+hz","privKey":"IGwPjYIKkK3zS2FMCUo5mmLZl8rMyxcb4+1jNvwcn2g="},"lastRemoteEphemeralKey":"BYDRlUZsMSkUamJqm/hvy/t6quOWcO+N6+7Mgm6doYpk","previousCounter":0,"rootKey":"WJO4X38nGTWE4dReFLfpl0KA+14u0YaFSVNTLwUVpyk="},"indexInfo":{"baseKey":"BctPU0EL0vJl/1oDp7TF0irHawl/7g26N5ge5knB8NJo","baseKeyType":1,"closed":-1,"used":1734398773044,"created":1734398773044,"remoteIdentityKey":"Bb5RKuZ01bDZH+oCWvQZi20IAEl/uayYzVxt4IK7LBkj"},"_chains":{"BV/PD27EGULlEKGI23fyKLwnNaCinbkvOAsHFynjG+hz":{"chainKey":{"counter":0,"key":"atFPtuec6vC2nGoflwz+Bg2vW+rUQTo0yvN4qz+pOlY="},"chainType":1,"messageKeys":{}}},"pendingPreKey":{"signedKeyId":2,"baseKey":"BctPU0EL0vJl/1oDp7TF0irHawl/7g26N5ge5knB8NJo"}}},"version":"v1"}