{"_sessions":{"BUAYY8p+OFTAoAZQtmZdt0Nrmf1vqISbzARxrXoYqsRp":{"registrationId":679777674,"currentRatchet":{"ephemeralKeyPair":{"pubKey":"BZQmco7oVE/feyoogF6lp3xYKRi7w0mjWe8J8Z7oAIIw","privKey":"aJWuedoNXgtZumdUmoA1sRDeK83/yJ/FGGnNkfy6wH0="},"lastRemoteEphemeralKey":"BdUdMAs70aauZXM9TcRj//1c/P+2Vi6BflkKxGlCcDIC","previousCounter":0,"rootKey":"dfVmAj3I1LnPYGP8e+OmNrqUFXEPJvLuBdreU1APyJQ="},"indexInfo":{"baseKey":"BUAYY8p+OFTAoAZQtmZdt0Nrmf1vqISbzARxrXoYqsRp","baseKeyType":1,"closed":-1,"used":1734398468021,"created":1734398468021,"remoteIdentityKey":"BaeCv320y99p8XNmDaAh/W0YHuOoFsr9uxV2TF5SLjpk"},"_chains":{"BZQmco7oVE/feyoogF6lp3xYKRi7w0mjWe8J8Z7oAIIw":{"chainKey":{"counter":0,"key":"EWX7aIVh22tOhQsMsSdQOYCS+pDeffIOOu2Jp4GtV+0="},"chainType":1,"messageKeys":{}}},"pendingPreKey":{"signedKeyId":5,"baseKey":"BUAYY8p+OFTAoAZQtmZdt0Nrmf1vqISbzARxrXoYqsRp","preKeyId":10217882}}},"version":"v1"}