{"_sessions":{"BQG3z2gMrEpFn69rZ0fhMIZiQFKZ26cnSbY03R2EnA9w":{"registrationId":591175621,"currentRatchet":{"ephemeralKeyPair":{"pubKey":"BZvR0HmOnJ8hlAn1l//YWfHRiULfFi6y5EYUkEUCo3gN","privKey":"6ARdg2ZepaJd0M52XsGZdgUCCZcVdPCLRAax8IYTtGE="},"lastRemoteEphemeralKey":"BSvyWOdJSSbBHBCeSmRaEGVwawmqZ6Sug7rh5ddfUiJ+","previousCounter":0,"rootKey":"MpnbPB/P4XM6yvcGZXTAOoAVmrRdbqYHlk1Av1//AJU="},"indexInfo":{"baseKey":"BQG3z2gMrEpFn69rZ0fhMIZiQFKZ26cnSbY03R2EnA9w","baseKeyType":1,"closed":-1,"used":1734398773276,"created":1734398773276,"remoteIdentityKey":"Bb2cSqUYRwP9UDdKLp6oIHpNVjWPov/AvIiC/hoG3xRf"},"_chains":{"BZvR0HmOnJ8hlAn1l//YWfHRiULfFi6y5EYUkEUCo3gN":{"chainKey":{"counter":0,"key":"CTVCqCAyo7bYjfLE0ExwfOq3sxh4AQiGRnNW2pLZAk8="},"chainType":1,"messageKeys":{}}},"pendingPreKey":{"signedKeyId":2,"baseKey":"BQG3z2gMrEpFn69rZ0fhMIZiQFKZ26cnSbY03R2EnA9w","preKeyId":12669089}}},"version":"v1"}