{"_sessions":{"BXAC5qZqVVedV+Uyfe/bDf86fXifzRA0gfDVo8P2mBod":{"registrationId":2032772782,"currentRatchet":{"ephemeralKeyPair":{"pubKey":"BQe7bW4xyGJyC1cRnrSygEPCCL5YToj9zGDN3rmQFtkv","privKey":"OO9SMcPGyvUb58RHl0jm//QsGqSIq8D5b4fat7H8qlY="},"lastRemoteEphemeralKey":"BYfgHXSgG+jNNtAYTGhQ+iuiJSJYbNFEwh7nIrdd2wgT","previousCounter":0,"rootKey":"GfS/74jbzURPQVZpKn3PaL8OUKMLhuhAq49rk0RZd/A="},"indexInfo":{"baseKey":"BXAC5qZqVVedV+Uyfe/bDf86fXifzRA0gfDVo8P2mBod","baseKeyType":1,"closed":-1,"used":1734398775556,"created":1734398775556,"remoteIdentityKey":"BTqOpDsJWS+6YBxUSTS/SPm9Wgl2oyYuzrLsZk+VrlBl"},"_chains":{"BQe7bW4xyGJyC1cRnrSygEPCCL5YToj9zGDN3rmQFtkv":{"chainKey":{"counter":0,"key":"faMD/h+sPOp6tW77sGm4lnJShTsn66TL5w24BVV4ekc="},"chainType":1,"messageKeys":{}}},"pendingPreKey":{"signedKeyId":2,"baseKey":"BXAC5qZqVVedV+Uyfe/bDf86fXifzRA0gfDVo8P2mBod","preKeyId":14286079}}},"version":"v1"}