{"_sessions":{"BaTqbx7obFibAlOg2nLOJRghG+vP+fZ+VdbEfklDxIsZ":{"registrationId":1996914347,"currentRatchet":{"ephemeralKeyPair":{"pubKey":"BW5KTfHPsPtolnzABsUk9Gp3na/qBYqiHdGdrIM6jugX","privKey":"uDszW2G8wyAp5RAhti+yf6adfVR3RW7u3ssCCd8gNmE="},"lastRemoteEphemeralKey":"BYqA9IMX1NwtQGT1StwjgLBJo8drNXXqnCNTvj4vgCl+","previousCounter":0,"rootKey":"dvAbtwudy1L65NNhoFHUthhlm/JqN7ZxM3LX7aIZpSU="},"indexInfo":{"baseKey":"BaTqbx7obFibAlOg2nLOJRghG+vP+fZ+VdbEfklDxIsZ","baseKeyType":1,"closed":-1,"used":1734398778321,"created":1734398778321,"remoteIdentityKey":"BTyntrzhaKCRcQClCZNP39qqumjh6+Cs1yqXG19tDgB/"},"_chains":{"BW5KTfHPsPtolnzABsUk9Gp3na/qBYqiHdGdrIM6jugX":{"chainKey":{"counter":0,"key":"3l3hLrFUjQ2QObAb9mAIzG1zzGpV3ZYJCCLMm/hag34="},"chainType":1,"messageKeys":{}}},"pendingPreKey":{"signedKeyId":4,"baseKey":"BaTqbx7obFibAlOg2nLOJRghG+vP+fZ+VdbEfklDxIsZ","preKeyId":7190424}}},"version":"v1"}