{"_sessions":{"BZ1x8rJwaDByVHymfMjlnAjk34iP34CQ0UcoSPuEFFF+":{"registrationId":147860289,"currentRatchet":{"ephemeralKeyPair":{"pubKey":"BfaUJ1T4xOmlDDxOjGDJVHZcWIdFxIu6KPKiYGGq06Fu","privKey":"AJmhU0SXsUXo7wzyoVvZW4sS41XR4P7fm0b5GEQdl3s="},"lastRemoteEphemeralKey":"Bex16G4IiufM3BKvZ23Ix/AZCjUAGsDwOBw0giVvB1l4","previousCounter":0,"rootKey":"bnG83Bf6VElvxMse6QSOhWoSxKeHdHCD7icwvFFoqV8="},"indexInfo":{"baseKey":"BZ1x8rJwaDByVHymfMjlnAjk34iP34CQ0UcoSPuEFFF+","baseKeyType":1,"closed":-1,"used":1734398566830,"created":1734398566830,"remoteIdentityKey":"BQ3QWVgm1k6drgEVudw/t4muK7wUqPwqOK+EbY8UDrtf"},"_chains":{"BfaUJ1T4xOmlDDxOjGDJVHZcWIdFxIu6KPKiYGGq06Fu":{"chainKey":{"counter":9,"key":"YKJzyga2ixdDzSvBsLBrkMO4NHMKYg9WkE+ICMWx2IA="},"chainType":1,"messageKeys":{}}},"pendingPreKey":{"signedKeyId":43,"baseKey":"BZ1x8rJwaDByVHymfMjlnAjk34iP34CQ0UcoSPuEFFF+","preKeyId":5114267}}},"version":"v1"}