{"_sessions":{"BTZMmSKMROI1KTtXu9YAfGfu+sNQ7jY0qm+SRpKC5cAe":{"registrationId":761547575,"currentRatchet":{"ephemeralKeyPair":{"pubKey":"BaguEjH3elpB3EBgnrNGtrWAsvuSL6Dx/qmaO9s7Be0G","privKey":"eOI8zeRd4LuxOk0+WGyOidfhyBCG75sRMsDbqdA3T3M="},"lastRemoteEphemeralKey":"BYSHhC1KvJ8hiKvBHqjXIqqaSF1LO+I2IcqqFNGTH/Zx","previousCounter":0,"rootKey":"YxYw20Rz49ikqOWOW7yr9j9k4DQPnqwF4uay/hOqULE="},"indexInfo":{"baseKey":"BTZMmSKMROI1KTtXu9YAfGfu+sNQ7jY0qm+SRpKC5cAe","baseKeyType":1,"closed":-1,"used":1734398771333,"created":1734398771333,"remoteIdentityKey":"BYk2YKKySieHDTwhmi4TGA1Jzf2cbjL6R8OBw6RhBIg+"},"_chains":{"BaguEjH3elpB3EBgnrNGtrWAsvuSL6Dx/qmaO9s7Be0G":{"chainKey":{"counter":0,"key":"xRcQBP9PnHqPUQqQxsF6KXz0svmBEv3B8gWeR4BWqjk="},"chainType":1,"messageKeys":{}}},"pendingPreKey":{"signedKeyId":5,"baseKey":"BTZMmSKMROI1KTtXu9YAfGfu+sNQ7jY0qm+SRpKC5cAe","preKeyId":633518}}},"version":"v1"}