{"_sessions":{"BbyhAuTcDJg1JU/0DwrlzkF9Aq2ulWtXaNymUa5ayXUq":{"registrationId":115245167,"currentRatchet":{"ephemeralKeyPair":{"pubKey":"BSAoc+gPQaAdcRxOQ6Ic2gdMPLyfgMvf0BC7IgynE6cK","privKey":"+Bt1aGIqTh6TMRngLghoGtle0dQz2RZpCbw3/o2GCnM="},"lastRemoteEphemeralKey":"BXFXB3apSXz18nrrN1oCi4bQOcp5Fydif59yc6F2GEhW","previousCounter":0,"rootKey":"TQwSCZcv/pGlUxNKNInYZ8pp+oUvxRJc7ixPAbbygM4="},"indexInfo":{"baseKey":"BbyhAuTcDJg1JU/0DwrlzkF9Aq2ulWtXaNymUa5ayXUq","baseKeyType":1,"closed":-1,"used":1734398775667,"created":1734398775667,"remoteIdentityKey":"BRIs86DYcMXxXXflyrSFP3pHwKe7xILJH5kUCneSC2N2"},"_chains":{"BSAoc+gPQaAdcRxOQ6Ic2gdMPLyfgMvf0BC7IgynE6cK":{"chainKey":{"counter":0,"key":"zgGvHvPXu0hyoTqTWC/pzZ3gurOJLc2oE7Kf+9vgGPY="},"chainType":1,"messageKeys":{}}},"pendingPreKey":{"signedKeyId":2,"baseKey":"BbyhAuTcDJg1JU/0DwrlzkF9Aq2ulWtXaNymUa5ayXUq","preKeyId":211649}}},"version":"v1"}