{"_sessions":{"Bd/NDASZLzGqMbk4uOPBsyAtLYUZOX/VuFBGEhfTSXcG":{"registrationId":1695776753,"currentRatchet":{"ephemeralKeyPair":{"pubKey":"BSQM8hHUC/IB+nQ4AOWGVrIDfPM1dW1QKI4tKFaL4CZx","privKey":"UAtErEWm+4ChF4nf9bu6zrUKk+5/Wrnd9K3OBRT8u0g="},"lastRemoteEphemeralKey":"Bf+8H0KjnG9TsRjAIf1oJ6roZJHAzTvuPKpjY13rwFlJ","previousCounter":0,"rootKey":"wZtZ3BtfvZ81yBXZPu1IlFmArnmM53Mwfx0AdXiWbeE="},"indexInfo":{"baseKey":"Bd/NDASZLzGqMbk4uOPBsyAtLYUZOX/VuFBGEhfTSXcG","baseKeyType":1,"closed":-1,"used":1734398773262,"created":1734398773262,"remoteIdentityKey":"BegZgpvadbjMrVc8oX3yvk0ohNvzagrIxjqL7WSZ0w0E"},"_chains":{"BSQM8hHUC/IB+nQ4AOWGVrIDfPM1dW1QKI4tKFaL4CZx":{"chainKey":{"counter":0,"key":"0hnmwo94zuBaozSjWWkxTvHseL4znDXySe9UVRzakXo="},"chainType":1,"messageKeys":{}}},"pendingPreKey":{"signedKeyId":7,"baseKey":"Bd/NDASZLzGqMbk4uOPBsyAtLYUZOX/VuFBGEhfTSXcG","preKeyId":11616649}}},"version":"v1"}