{"_sessions":{"BY8aa3wZhqwcQQrYacE8YvzYvqHvr81cFjJmWu8wZGQd":{"registrationId":1629275900,"currentRatchet":{"ephemeralKeyPair":{"pubKey":"BbieDLmpVJCVQz9oyUfedqAOxpYfTI69ovsP2WJwGKJm","privKey":"cAqNerr35eXX06ctSk3TPx1hpB6iEIL/upzEP3BZblo="},"lastRemoteEphemeralKey":"BWqIwgAGlgHOqzkBbTsPyS0SPDDVaWMu9FfJ2bDuZq4+","previousCounter":0,"rootKey":"iTssoUjXxBw9Z5pswHr0abu4wcK2geEcOrj5u4jIhq4="},"indexInfo":{"baseKey":"BY8aa3wZhqwcQQrYacE8YvzYvqHvr81cFjJmWu8wZGQd","baseKeyType":1,"closed":-1,"used":1734398775758,"created":1734398775758,"remoteIdentityKey":"BZuwAkK6OmekjthMZKI3VR4GWkfrtEdGTrubpWoIkbpS"},"_chains":{"BbieDLmpVJCVQz9oyUfedqAOxpYfTI69ovsP2WJwGKJm":{"chainKey":{"counter":0,"key":"OM2rvwRnKyx5hNzA3x80SfpiWf9AW/9EHd8+2hohMYs="},"chainType":1,"messageKeys":{}}},"pendingPreKey":{"signedKeyId":2,"baseKey":"BY8aa3wZhqwcQQrYacE8YvzYvqHvr81cFjJmWu8wZGQd","preKeyId":13468112}}},"version":"v1"}