{"_sessions":{"BWIrtSFjqcJ/gtUekVVVaGBgh0DWuOVUF67RShQGGRpU":{"registrationId":197389631,"currentRatchet":{"ephemeralKeyPair":{"pubKey":"Bc7kFwWmbSb4HSzdJhgDwJ4nLQXJuJ2FsLflVk5mzBkY","privKey":"cGaWLnM22UggZf/u66a9Rh9TU1MVC1Lmmdw3duk2Alc="},"lastRemoteEphemeralKey":"BYesIEuFsPnX7MSRYtREmlH8oQ7Lb1r2p/iehoHqQ2J+","previousCounter":0,"rootKey":"8WQUWli/Y74Xxc1bIMnsr3uWy1J0wtC4ajjh2Lz5xug="},"indexInfo":{"baseKey":"BWIrtSFjqcJ/gtUekVVVaGBgh0DWuOVUF67RShQGGRpU","baseKeyType":1,"closed":-1,"used":1734398775664,"created":1734398775664,"remoteIdentityKey":"BcRYy1xwMVxhzNRp2gXKSENqPHfaKEer1tNubo4dLPhG"},"_chains":{"Bc7kFwWmbSb4HSzdJhgDwJ4nLQXJuJ2FsLflVk5mzBkY":{"chainKey":{"counter":0,"key":"5kBbBehilQqP1tkFWUUsregDSmBGLyztmrl15saPbvw="},"chainType":1,"messageKeys":{}}},"pendingPreKey":{"signedKeyId":0,"baseKey":"BWIrtSFjqcJ/gtUekVVVaGBgh0DWuOVUF67RShQGGRpU","preKeyId":6891146}}},"version":"v1"}