{"_sessions":{"BRWoQEK+1DEmWKUV1UXEm/v9XEiWeNb974HUbClZfLVg":{"registrationId":405439769,"currentRatchet":{"ephemeralKeyPair":{"pubKey":"BR1EdS7hjs6o6qOLBEP+viBN25DIFe6mIDXR2SWLvJ4B","privKey":"COLH0w1E7YnnvIa3Y9Nc9r/8fdxip8OPo4TkAU+jf1w="},"lastRemoteEphemeralKey":"BWcISXclMfgl7R/jP18C+H5s30fZ8IuFN/NXLCXkthsB","previousCounter":0,"rootKey":"MfGarGFMdMlt7rzSykdc4J0eseZLAs5Soz/2+Qlyfj4="},"indexInfo":{"baseKey":"BRWoQEK+1DEmWKUV1UXEm/v9XEiWeNb974HUbClZfLVg","baseKeyType":1,"closed":-1,"used":1734398778375,"created":1734398778375,"remoteIdentityKey":"BRPJziw96BZ1UNq1uF6H3pcfmsvPFMQwsge91zV402tJ"},"_chains":{"BR1EdS7hjs6o6qOLBEP+viBN25DIFe6mIDXR2SWLvJ4B":{"chainKey":{"counter":0,"key":"tnj6PfA+W5VL8nXKyRMS+6z0QVeJo3H6OwrdEPnTUgo="},"chainType":1,"messageKeys":{}}},"pendingPreKey":{"signedKeyId":5,"baseKey":"BRWoQEK+1DEmWKUV1UXEm/v9XEiWeNb974HUbClZfLVg","preKeyId":11691795}}},"version":"v1"}