{"_sessions":{"BQpxG9SNbEetY1CERHej4An3xaJLnxSZ+HZno5cQW7A2":{"registrationId":670455749,"currentRatchet":{"ephemeralKeyPair":{"pubKey":"BRNCLjHAg9VXWU9Y8WHjlvN5gfRj6fiEH1zkqhDg2Lwp","privKey":"GC+tf0e8AMGB+kQrUw8r11ptPNsCnr0miq60E/H9lnE="},"lastRemoteEphemeralKey":"BasNokvUw+LTs18+9BJMQ6EM02BoUeRIV719NxFcuENs","previousCounter":0,"rootKey":"eI0jXp94fm9nSQgJUP8e5RqmSarwFblJQVOgFlwyRXA="},"indexInfo":{"baseKey":"BQpxG9SNbEetY1CERHej4An3xaJLnxSZ+HZno5cQW7A2","baseKeyType":1,"closed":-1,"used":1734398775531,"created":1734398775531,"remoteIdentityKey":"BWkXymf95JvCN4sZn2sJXk85y0s4Xb9bV3g1G2I3Xv4L"},"_chains":{"BRNCLjHAg9VXWU9Y8WHjlvN5gfRj6fiEH1zkqhDg2Lwp":{"chainKey":{"counter":0,"key":"8nLrfjxIighZjhjfEPW8fXPiF0ViPu6wYeV/HnM5QYg="},"chainType":1,"messageKeys":{}}},"pendingPreKey":{"signedKeyId":16,"baseKey":"BQpxG9SNbEetY1CERHej4An3xaJLnxSZ+HZno5cQW7A2","preKeyId":1700677}}},"version":"v1"}