{"_sessions":{"BSE4F8s5Xd/re6zNaxus6beSRlrz7CxZBnIeqPM3xn4x":{"registrationId":1127056837,"currentRatchet":{"ephemeralKeyPair":{"pubKey":"BduPQIjUw9qbr4gYCClDqfut7av+l6NzPURzbhEg1dhF","privKey":"yFfqiqFoAKcfPsuYrijDAdqXWhPJFgIFZk9VRYoxZl4="},"lastRemoteEphemeralKey":"BfbK1xdURnqYKLopew5Efok0XUV1nrRE7Q+/tFE4lEta","previousCounter":0,"rootKey":"o8aNBVaNWn1KOdzyadV6OHakcirKTBjFjJQwe5REzoc="},"indexInfo":{"baseKey":"BSE4F8s5Xd/re6zNaxus6beSRlrz7CxZBnIeqPM3xn4x","baseKeyType":1,"closed":-1,"used":1734398775752,"created":1734398775752,"remoteIdentityKey":"BR3QD/034uibz1/RjbrRXAGtMt47bfRV6Xze4c/Ybz0D"},"_chains":{"BduPQIjUw9qbr4gYCClDqfut7av+l6NzPURzbhEg1dhF":{"chainKey":{"counter":0,"key":"2tnsJ6H1xUMZKhyag2CnSCxXhSigGp54G4tqHLjhCqk="},"chainType":1,"messageKeys":{}}},"pendingPreKey":{"signedKeyId":1,"baseKey":"BSE4F8s5Xd/re6zNaxus6beSRlrz7CxZBnIeqPM3xn4x","preKeyId":625199}}},"version":"v1"}