{"_sessions":{"BXoElWItZuWz5haCkVZMrO2gpIMJsDSWn1LjuYZAGrxp":{"registrationId":959252139,"currentRatchet":{"ephemeralKeyPair":{"pubKey":"Bf8pHnMhGZ9TJg+Jy19OM2gf4S/4+88NSnXrQ5MLfu52","privKey":"qD6t7OIoACXwSio76tvfno2qsUth8tcUQpx0s/jBNns="},"lastRemoteEphemeralKey":"BXOth911LCfllFGgeHSRDsqMRG2ohBczqgq+8L0vki8O","previousCounter":0,"rootKey":"OOuQ18BVBRdsOg/bNAOm5nFKIiqwACE10mG/D/5C4yU="},"indexInfo":{"baseKey":"BXoElWItZuWz5haCkVZMrO2gpIMJsDSWn1LjuYZAGrxp","baseKeyType":1,"closed":-1,"used":1734398775672,"created":1734398775672,"remoteIdentityKey":"Bcqw2B7v1y8ZkYtimRs3IDqykMeyaLS5m5RacLMnLmMl"},"_chains":{"Bf8pHnMhGZ9TJg+Jy19OM2gf4S/4+88NSnXrQ5MLfu52":{"chainKey":{"counter":0,"key":"jwYRv+xoGvmKLnu0r4+nQkYDcX2uBeuHelo6hWIe8YU="},"chainType":1,"messageKeys":{}}},"pendingPreKey":{"signedKeyId":40,"baseKey":"BXoElWItZuWz5haCkVZMrO2gpIMJsDSWn1LjuYZAGrxp","preKeyId":3364358}}},"version":"v1"}