{"_sessions":{"BS7jz9JLS4lpYjxZOVGymOzV75ciyZVNiAr/1YLLX2ke":{"registrationId":766459339,"currentRatchet":{"ephemeralKeyPair":{"pubKey":"BenhbtRMfJy3m8zAx7lmnu8ycCSnh1UDFDHxBOOYv7kf","privKey":"UHpxnJmhiQDJ1m+hZvtS6y9x9bVK9C1THs8LyIcDNUc="},"lastRemoteEphemeralKey":"BY6+4Cd/5W4UXPin7A5E0+jGQ/hrBP5xRp6izT3+iLN4","previousCounter":0,"rootKey":"MY2/1fsHMrgEtlqg+goEfBbxwj3VI/97/TEIiM/DyUQ="},"indexInfo":{"baseKey":"BS7jz9JLS4lpYjxZOVGymOzV75ciyZVNiAr/1YLLX2ke","baseKeyType":1,"closed":-1,"used":1734398778295,"created":1734398778295,"remoteIdentityKey":"BXdBFiVPUf+nIBSA4DIKluGHArcrPTFdWiWgREYNjHob"},"_chains":{"BenhbtRMfJy3m8zAx7lmnu8ycCSnh1UDFDHxBOOYv7kf":{"chainKey":{"counter":0,"key":"p7xLKFYaLeSR1UW95WN07kT9Ot63+1Sfv7mfpApwcpc="},"chainType":1,"messageKeys":{}}},"pendingPreKey":{"signedKeyId":5,"baseKey":"BS7jz9JLS4lpYjxZOVGymOzV75ciyZVNiAr/1YLLX2ke","preKeyId":11569812}}},"version":"v1"}