{"_sessions":{"BeqgurkO/emem+cpc18Zn+2OLtkk/ou22OK+fqzqDktq":{"registrationId":1056425161,"currentRatchet":{"ephemeralKeyPair":{"pubKey":"BR7PVuPIwyFnpyDbo4Du6J2dBiW6J/IGwUD+f3hh9+ps","privKey":"YOHxy4r9V/CZBhYlyH6Nn95oJ/WNr8JvCyTcn57r4WM="},"lastRemoteEphemeralKey":"BSSnIVgez96VplDFgfsThnq3FRyfrwBHXaDQdGVy/28y","previousCounter":0,"rootKey":"tPYhnHygFl8OKMduuwaup/arayCsUNch/32TVWrKS5s="},"indexInfo":{"baseKey":"BeqgurkO/emem+cpc18Zn+2OLtkk/ou22OK+fqzqDktq","baseKeyType":1,"closed":-1,"used":1734398775775,"created":1734398775775,"remoteIdentityKey":"BRTXy7P4Ux//GDt258/Qv9dmRWlqvDpLA4d8GxFQqa9V"},"_chains":{"BR7PVuPIwyFnpyDbo4Du6J2dBiW6J/IGwUD+f3hh9+ps":{"chainKey":{"counter":0,"key":"fFhUXPW/Z1FGp7ZPBZ4zu8BjI2ZV2EiWGixfMvoYZCI="},"chainType":1,"messageKeys":{}}},"pendingPreKey":{"signedKeyId":8,"baseKey":"BeqgurkO/emem+cpc18Zn+2OLtkk/ou22OK+fqzqDktq","preKeyId":1455369}}},"version":"v1"}