{"_sessions":{"Be6RzSmMy+3/B2TALUM/fX0DnwIflasvE9mLLfc7aSEG":{"registrationId":443521801,"currentRatchet":{"ephemeralKeyPair":{"pubKey":"BV+1GbZfPa+h6COvQElgnbo5VDIWLSkXL96mnNBS4P0v","privKey":"mBYKGjXrzBjKWDTC4HVjzLw9HP+g4jyDH8ppUk79UUI="},"lastRemoteEphemeralKey":"BbxN95vt9yQ+/Ep+wM05wGCzS82nnW52qPnaY0MG06kV","previousCounter":0,"rootKey":"z+FjvTYq1LWbFNr2NOnHiX/DBjU4pqsEz3vjcdCNyY4="},"indexInfo":{"baseKey":"Be6RzSmMy+3/B2TALUM/fX0DnwIflasvE9mLLfc7aSEG","baseKeyType":1,"closed":-1,"used":1734398780497,"created":1734398780497,"remoteIdentityKey":"BeLPChf6G/PLxSBJt4ZM4b4G+VAL2mqI31NsWvjgIeJw"},"_chains":{"BV+1GbZfPa+h6COvQElgnbo5VDIWLSkXL96mnNBS4P0v":{"chainKey":{"counter":0,"key":"C69C9j9GRFRrvDDaIT+Ncx+wA6nZzcG2cBSAPtBe+hA="},"chainType":1,"messageKeys":{}}},"pendingPreKey":{"signedKeyId":2,"baseKey":"Be6RzSmMy+3/B2TALUM/fX0DnwIflasvE9mLLfc7aSEG","preKeyId":15585039}}},"version":"v1"}