{"_sessions":{"Bb9RWSIZL1sRt22Kkt1AWTI+5kAOfeXmSUYl0gzHqKM4":{"registrationId":523777263,"currentRatchet":{"ephemeralKeyPair":{"pubKey":"Bcr7zaK+DWMLXkIN0l9r0bU6TkjlGy5JK93WT9uFoqVA","privKey":"CEmcl0kFxK91RkNWPXher4v+dSSM62WPXAqs2+HpiX8="},"lastRemoteEphemeralKey":"BTJOCS9WGOZJPZ9UXHlWLqIUZm0P1GeTUIrKqJLhxlQB","previousCounter":0,"rootKey":"hOlbawsFP5l29hlvybJLfpB68gVr/aXRVszrv7cjWcc="},"indexInfo":{"baseKey":"Bb9RWSIZL1sRt22Kkt1AWTI+5kAOfeXmSUYl0gzHqKM4","baseKeyType":1,"closed":-1,"used":1734398780505,"created":1734398780505,"remoteIdentityKey":"BQsHCp2mVMSAHFyKoUm0jkHbTDE0hIaRzP0wX9cKDA1p"},"_chains":{"Bcr7zaK+DWMLXkIN0l9r0bU6TkjlGy5JK93WT9uFoqVA":{"chainKey":{"counter":0,"key":"DPITDOLaSxdXGimwm1yMUTHl5aCLcAexQFyzOcuo7fE="},"chainType":1,"messageKeys":{}}},"pendingPreKey":{"signedKeyId":32,"baseKey":"Bb9RWSIZL1sRt22Kkt1AWTI+5kAOfeXmSUYl0gzHqKM4","preKeyId":9218507}}},"version":"v1"}