{"_sessions":{"BWqWws7PZb3LFZsYzUtfK+8yKyFZtfzbdYW8wPawSd0k":{"registrationId":896371498,"currentRatchet":{"ephemeralKeyPair":{"pubKey":"Bd0R5T3FYlLXbNwashqx4mMF3Q9Do3KkSGhtA/PNaM1V","privKey":"mDc8st7IJCp1wg64Ba/JQQYDuPHTkh1DgTR6+BV9Q2U="},"lastRemoteEphemeralKey":"BXQ6VnjPgxefC9SLyAqhYCSUkagVmp2C7IzIOvnX+r5x","previousCounter":0,"rootKey":"s72TBHTEhuI3YVTRq/TXJw1L36tQZQTV2oNDsk8ZTSQ="},"indexInfo":{"baseKey":"BWqWws7PZb3LFZsYzUtfK+8yKyFZtfzbdYW8wPawSd0k","baseKeyType":1,"closed":-1,"used":1734398773113,"created":1734398773113,"remoteIdentityKey":"BQbifCCO6en2DhRgmMBd6TIdT2uh53TYPj3KhlnxgEp4"},"_chains":{"Bd0R5T3FYlLXbNwashqx4mMF3Q9Do3KkSGhtA/PNaM1V":{"chainKey":{"counter":0,"key":"WSgE3lCrTtZ++c6LovvRFIMZZUcwTN04YD96rxVZtG4="},"chainType":1,"messageKeys":{}}},"pendingPreKey":{"signedKeyId":10,"baseKey":"BWqWws7PZb3LFZsYzUtfK+8yKyFZtfzbdYW8wPawSd0k","preKeyId":2768221}}},"version":"v1"}