{"_sessions":{"BZwlkHKmbzXmrTjdQs87w8cuNNKmKppUnoHpmfUsVqhy":{"registrationId":512273142,"currentRatchet":{"ephemeralKeyPair":{"pubKey":"Be8ep9YETfWEhwgmROs1ja7wLGLGw0mkyJqsH/lNn9kL","privKey":"gGogonf93rJZufFWq+I9q1d2zeziaOJ+ampkkNBsb0o="},"lastRemoteEphemeralKey":"BZLY5eNnq1qssUyDnidYzpCrMOPeoc1HLYhVCxlOuIEk","previousCounter":0,"rootKey":"P76VfCDscAXWJI+IydfBqKNp8RMtsqoMJbuejcazgUk="},"indexInfo":{"baseKey":"BZwlkHKmbzXmrTjdQs87w8cuNNKmKppUnoHpmfUsVqhy","baseKeyType":1,"closed":-1,"used":1734398780429,"created":1734398780429,"remoteIdentityKey":"BVCJDswOCm5UrM7QrHjg8Raziibk4RzJTxFLmWXpnuhf"},"_chains":{"Be8ep9YETfWEhwgmROs1ja7wLGLGw0mkyJqsH/lNn9kL":{"chainKey":{"counter":0,"key":"B467Ezj48wHx6HltS/fZ1oOZ9F6ql+WULK3R9LAb/Us="},"chainType":1,"messageKeys":{}}},"pendingPreKey":{"signedKeyId":5,"baseKey":"BZwlkHKmbzXmrTjdQs87w8cuNNKmKppUnoHpmfUsVqhy","preKeyId":13397281}}},"version":"v1"}