{"_sessions":{"BalXkUDMwDEDixJNlQ46HDcg1r2t5b6W2WXYZNMS+nVh":{"registrationId":2047125866,"currentRatchet":{"ephemeralKeyPair":{"pubKey":"BbijX3nUqB9nD4dVtK7Ll0lg4t3Ti9ECeZCtSYVVTili","privKey":"4GxgK3G7iELzw5HdAKynCsP2VcB1lz6dTvVeWfe823Y="},"lastRemoteEphemeralKey":"BWnBil+xu2hTIEKzxWE0fCmcZQvzCyR6rAXjRZcy+jJW","previousCounter":0,"rootKey":"gLT8nG7FVDYpq5BcEEnp9cPfJsVGmko4QhJ9wS3MGuY="},"indexInfo":{"baseKey":"BalXkUDMwDEDixJNlQ46HDcg1r2t5b6W2WXYZNMS+nVh","baseKeyType":1,"closed":-1,"used":1734398778216,"created":1734398778216,"remoteIdentityKey":"BVmvwDStvnzliD9P+FOV1mbveusiWJOXMJ6zX/rv2zAI"},"_chains":{"BbijX3nUqB9nD4dVtK7Ll0lg4t3Ti9ECeZCtSYVVTili":{"chainKey":{"counter":0,"key":"ajRmIIuyGKsYu3GZnOoypcDg2XTzFw8Sh1f0FvQ2eY0="},"chainType":1,"messageKeys":{}}},"pendingPreKey":{"signedKeyId":5,"baseKey":"BalXkUDMwDEDixJNlQ46HDcg1r2t5b6W2WXYZNMS+nVh","preKeyId":15582151}}},"version":"v1"}