{"_sessions":{"BZIOH2f9um/KqBIzLNc/awUJEd5TDAbHheFOPtsLsqE5":{"registrationId":785931188,"currentRatchet":{"ephemeralKeyPair":{"pubKey":"BU315+SYGquSrDxsqtV+4LB0b2zohmJlaNehlyLtudY0","privKey":"sFUoobkoCNZWuTs8wQ4PNLfGz9vekyR7gMWWQlJa/2o="},"lastRemoteEphemeralKey":"BWc8RqYSuOppm0essgZw86KCLF7E2vpGrui4HIlvnd81","previousCounter":0,"rootKey":"ycOMv0au9Z1nCyhzoJ7kCVAlIQ496PqP0C3KD0RocXY="},"indexInfo":{"baseKey":"BZIOH2f9um/KqBIzLNc/awUJEd5TDAbHheFOPtsLsqE5","baseKeyType":1,"closed":-1,"used":1734398775635,"created":1734398775635,"remoteIdentityKey":"BW7KcR5pEIAGS+gWOq6kJYez/6wgE0LtwNTHUiO9mUU8"},"_chains":{"BU315+SYGquSrDxsqtV+4LB0b2zohmJlaNehlyLtudY0":{"chainKey":{"counter":0,"key":"iGsbPbsu/D68IC1UhFa38jk7or9qkEYo2CbG8uQolks="},"chainType":1,"messageKeys":{}}},"pendingPreKey":{"signedKeyId":6,"baseKey":"BZIOH2f9um/KqBIzLNc/awUJEd5TDAbHheFOPtsLsqE5","preKeyId":15060945}}},"version":"v1"}