{"_sessions":{"BYlRk4AwHN7cxz1EDyp7Eur2UMa2ahF+sCELg/OxIQFf":{"registrationId":1901801580,"currentRatchet":{"ephemeralKeyPair":{"pubKey":"BVpEsO/tUblAfXHxBSiKCOvt/tYbwm3vEU0+7neBUi8p","privKey":"OCZETvEkSh4lzlT3SYqMSYNa+gEcM4nOC34ciijdfG0="},"lastRemoteEphemeralKey":"BY0O91y5G6zfVK+zSfYSVkZjZRAWuiHE3jeyV7dno8l6","previousCounter":0,"rootKey":"illmLUED4+U4oBZk4A1nH0WJHuKqjEi2dOhOgeHwRo0="},"indexInfo":{"baseKey":"BYlRk4AwHN7cxz1EDyp7Eur2UMa2ahF+sCELg/OxIQFf","baseKeyType":1,"closed":-1,"used":1734398778361,"created":1734398778361,"remoteIdentityKey":"BXRR2JaJhsf9iGtxm3cKQNVTTLVlmiRk2fDy7/AP6ZAU"},"_chains":{"BVpEsO/tUblAfXHxBSiKCOvt/tYbwm3vEU0+7neBUi8p":{"chainKey":{"counter":0,"key":"YAJ8tHUl/J2gsl+0lWo2r8bmU5X4ePNKZnvO3B4D8Z0="},"chainType":1,"messageKeys":{}}},"pendingPreKey":{"signedKeyId":3,"baseKey":"BYlRk4AwHN7cxz1EDyp7Eur2UMa2ahF+sCELg/OxIQFf","preKeyId":6869984}}},"version":"v1"}