{"_sessions":{"BQM6YkhNgMqGpnToeys8H+CA0uy8TwiBC1ElJ5PHU6QY":{"registrationId":1948852736,"currentRatchet":{"ephemeralKeyPair":{"pubKey":"BQ1SeS92R2ORlxIOtzX3/lIWFeSNdI0rk5EfSy9mgJEa","privKey":"8DN12Rqlp++3htYdZ7GnEcgII34zoooholjEcVfs4mQ="},"lastRemoteEphemeralKey":"BQMnRhZIb1tTBXa4b/gpt4Sk82z9//JjyNjYZpgaEYAG","previousCounter":0,"rootKey":"gA/2N9z8pr4CVTX6b6J/nq/UuDpM8gbtmYCZ2gFYTm0="},"indexInfo":{"baseKey":"BQM6YkhNgMqGpnToeys8H+CA0uy8TwiBC1ElJ5PHU6QY","baseKeyType":1,"closed":-1,"used":1734398773028,"created":1734398773028,"remoteIdentityKey":"BehbcdIOmQY8f6qNq8FIoKsp/+TUqUdXlLCJffcSbbtU"},"_chains":{"BQ1SeS92R2ORlxIOtzX3/lIWFeSNdI0rk5EfSy9mgJEa":{"chainKey":{"counter":0,"key":"YA1jukH+NkxyQBrgay094SYKsEhMUNQ9xPdaXDxsIFc="},"chainType":1,"messageKeys":{}}},"pendingPreKey":{"signedKeyId":2,"baseKey":"BQM6YkhNgMqGpnToeys8H+CA0uy8TwiBC1ElJ5PHU6QY","preKeyId":11700746}}},"version":"v1"}