{"_sessions":{"BTiiBINa7G17I2NujJCHQF6VomN2XJwpVLXn7BNb8P9R":{"registrationId":149825119,"currentRatchet":{"ephemeralKeyPair":{"pubKey":"BT7HfuLxKYOzINH7yGrjNEtPCqT2D39IJqtZE9hAUNlL","privKey":"+NVQ5RUgoXDopyE7NAc5CKAieXGtXvz975HzrEwK5Gc="},"lastRemoteEphemeralKey":"BZxIxWqxoq34CiRj4Vo83443Uy4dXSKPDj2RIEXd5lNF","previousCounter":0,"rootKey":"qqypRaXqModYlSDhQcv6jkWEL3LErgtQGn//yvjSonI="},"indexInfo":{"baseKey":"BTiiBINa7G17I2NujJCHQF6VomN2XJwpVLXn7BNb8P9R","baseKeyType":1,"closed":-1,"used":1734398775553,"created":1734398775553,"remoteIdentityKey":"BS3gZI+v9ZJwjQrEQ1y+Uf4466tO+Jhqf+IqD3UAixxC"},"_chains":{"BT7HfuLxKYOzINH7yGrjNEtPCqT2D39IJqtZE9hAUNlL":{"chainKey":{"counter":0,"key":"0g+GUStx360qiWqjaqXTCV7uRXSrzwYXEHjUkg1sWW0="},"chainType":1,"messageKeys":{}}},"pendingPreKey":{"signedKeyId":2,"baseKey":"BTiiBINa7G17I2NujJCHQF6VomN2XJwpVLXn7BNb8P9R"}}},"version":"v1"}