{"_sessions":{"BZGXLw1tUeReA5g52EZSJ/uMNH7J5vxfObj6oQeRLglD":{"registrationId":840696325,"currentRatchet":{"ephemeralKeyPair":{"pubKey":"BUVdANrghFsSV211h3wQT9RsYVKIs9Mfd3lPFKLnFrF9","privKey":"EAITcPup7x8F9Ng0z3f7e7X149nEfPDWCo5Aq2iThmY="},"lastRemoteEphemeralKey":"BfxO8lY6Kh865wKcpekrugZ/Io32ehvhXuAdaWaYHh8p","previousCounter":0,"rootKey":"P8sWweK2seApd2O/FFWAeAIGShjwys0q2oicMyqgpDo="},"indexInfo":{"baseKey":"BZGXLw1tUeReA5g52EZSJ/uMNH7J5vxfObj6oQeRLglD","baseKeyType":1,"closed":-1,"used":1734398778195,"created":1734398778195,"remoteIdentityKey":"BbMMaZfQGVbAro+hx4Lu+vcuVrmI89TkvdRqPtNjkdJV"},"_chains":{"BUVdANrghFsSV211h3wQT9RsYVKIs9Mfd3lPFKLnFrF9":{"chainKey":{"counter":0,"key":"IKfRBBfMTHnWk8eBt7c2QvMy2Y6vxz1eEvb+2pAaA9k="},"chainType":1,"messageKeys":{}}},"pendingPreKey":{"signedKeyId":8,"baseKey":"BZGXLw1tUeReA5g52EZSJ/uMNH7J5vxfObj6oQeRLglD","preKeyId":7953627}}},"version":"v1"}