{"_sessions":{"BUB/nqY24pr9zfLWwb94H9BZZnSon7J9ngxokdJ9tf1Z":{"registrationId":101655278,"currentRatchet":{"ephemeralKeyPair":{"pubKey":"BQsuezmTUosJXIvOULf34AcN6kA1TpmzxJNfJpPcYqFb","privKey":"EDqZO4DK99d8Fe9LuC0XMw3l9wlHPXYswaDrp0zYXGI="},"lastRemoteEphemeralKey":"BQfT4naOLFdim0AaTmDf9XEHa3HqzQ3lh06ghnjMfP58","previousCounter":0,"rootKey":"0PaQatPdWcFfSDF+wefKmZCIJHeLyn+Rnq88wgVrYXM="},"indexInfo":{"baseKey":"BUB/nqY24pr9zfLWwb94H9BZZnSon7J9ngxokdJ9tf1Z","baseKeyType":1,"closed":-1,"used":1734398771389,"created":1734398771389,"remoteIdentityKey":"BQpG6ImxbNrRwoVlmrFrkGWG/h2wyJXV0cDkT4v5uwpK"},"_chains":{"BQsuezmTUosJXIvOULf34AcN6kA1TpmzxJNfJpPcYqFb":{"chainKey":{"counter":0,"key":"YOezqfbwHzOoBY7tv5CeAT/f3Yx7+XvP4IBG0rjWuhY="},"chainType":1,"messageKeys":{}}},"pendingPreKey":{"signedKeyId":1,"baseKey":"BUB/nqY24pr9zfLWwb94H9BZZnSon7J9ngxokdJ9tf1Z","preKeyId":14449821}}},"version":"v1"}