{"_sessions":{"BbNdxjibLa5nNMb6/SdLjoUyNgijshI3u9JRpfJgyl5Z":{"registrationId":156964547,"currentRatchet":{"ephemeralKeyPair":{"pubKey":"BYU5BsvEXJfSw47V0JRNVOPqKYMyb64EbjWb7tQHED8L","privKey":"UNSavfsZ/xDbsZRZsnOWK0Row0gs5r2ZG2sfCQ2x/10="},"lastRemoteEphemeralKey":"BSenNbNKJ3gPYRD31i8NvccEwgHXkbJME8DgzLsyeJl7","previousCounter":0,"rootKey":"je8i4UC/P3QcoZSL3PIbiGaI7ZBsaK4RnyGBZYIvZaU="},"indexInfo":{"baseKey":"BbNdxjibLa5nNMb6/SdLjoUyNgijshI3u9JRpfJgyl5Z","baseKeyType":1,"closed":-1,"used":1734398778386,"created":1734398778386,"remoteIdentityKey":"BXVgJR0GSRY0weYhTmTNILO8wBMj+VMU9M+tKeJhRaFJ"},"_chains":{"BYU5BsvEXJfSw47V0JRNVOPqKYMyb64EbjWb7tQHED8L":{"chainKey":{"counter":0,"key":"MPNwFEK5kV1x6tfkNSiTO7SEhhf75CQJAk4T5gvvB0U="},"chainType":1,"messageKeys":{}}},"pendingPreKey":{"signedKeyId":5,"baseKey":"BbNdxjibLa5nNMb6/SdLjoUyNgijshI3u9JRpfJgyl5Z","preKeyId":13782900}}},"version":"v1"}