{"_sessions":{"BbUI+oA3Y/1ohxNxfNKGmJaSOze4XvOG2ZhY8fRuLCVZ":{"registrationId":1995562686,"currentRatchet":{"ephemeralKeyPair":{"pubKey":"BfbKIyNdI2gnh9Kc0DFcuEjOCMprsccIKywdsXvalks1","privKey":"EFzV6804CoPDEx9mZCOvf2u16tTzoFZMNEoK6MS7MWs="},"lastRemoteEphemeralKey":"Be7THYFFId1xK86B7u8P3kGirAX6Q5WEysJfJqfzK7Ic","previousCounter":0,"rootKey":"sImLgXbAfR69WLi+FlLuzqp2qk0IIaHYjLxAQUdUqmE="},"indexInfo":{"baseKey":"BbUI+oA3Y/1ohxNxfNKGmJaSOze4XvOG2ZhY8fRuLCVZ","baseKeyType":1,"closed":-1,"used":1734398775696,"created":1734398775696,"remoteIdentityKey":"BY0cdocDPTJGVSav25Nj35TVa4we1sZ+V8ScPSiNFnBI"},"_chains":{"BfbKIyNdI2gnh9Kc0DFcuEjOCMprsccIKywdsXvalks1":{"chainKey":{"counter":0,"key":"F9iYbRVLlugABf/EXoG6MNeyKW8Z+qWF1g2Q6SIQdFo="},"chainType":1,"messageKeys":{}}},"pendingPreKey":{"signedKeyId":1,"baseKey":"BbUI+oA3Y/1ohxNxfNKGmJaSOze4XvOG2ZhY8fRuLCVZ","preKeyId":627034}}},"version":"v1"}