{"_sessions":{"BevS0AHDYSOFc3QPUmbxLKibptB92r2u/I4W+zJwSBRk":{"registrationId":1631710380,"currentRatchet":{"ephemeralKeyPair":{"pubKey":"BeSHpSljrMJxpdrFDLejP3GYTi05VqQkviFmbt1XMEpO","privKey":"QFG+d6W9RH4SYKQy0D9CEOa3qsUZ5GTul/VkvLvCn0g="},"lastRemoteEphemeralKey":"BWatprIzlCDRuElvZUTlsI4spbD1KsRh4IgkWNm9twx+","previousCounter":0,"rootKey":"VWBypapYiYGH9lQbooVSCHlyNnh9sZuRoh+Mk7z/yEo="},"indexInfo":{"baseKey":"BevS0AHDYSOFc3QPUmbxLKibptB92r2u/I4W+zJwSBRk","baseKeyType":1,"closed":-1,"used":1734398780421,"created":1734398780421,"remoteIdentityKey":"BafXEnMVzJmFLTLlk8C8NwXIpvrridOIuJSlC2kKiEpg"},"_chains":{"BeSHpSljrMJxpdrFDLejP3GYTi05VqQkviFmbt1XMEpO":{"chainKey":{"counter":0,"key":"MbLZYM9+PYw0YGt82ebDWrKRkz7tLHtSRvEZa3hpQFA="},"chainType":1,"messageKeys":{}}},"pendingPreKey":{"signedKeyId":5,"baseKey":"BevS0AHDYSOFc3QPUmbxLKibptB92r2u/I4W+zJwSBRk","preKeyId":4636061}}},"version":"v1"}