{"_sessions":{"BQPV3VpCmG1M+KBbwBDBLMp5QwjgBzfh4N6eTJkbpEh6":{"registrationId":1156978419,"currentRatchet":{"ephemeralKeyPair":{"pubKey":"BYtNDoOnHg8XncpUwdKPHuYSakHLo3ZDIvVHciX03DM9","privKey":"YFLP9gAgKSRmur976bpLcbrIRg9ZhvW9SWuPgyIIpVw="},"lastRemoteEphemeralKey":"BWlSazbGyBOFzNj5Z4cxBxdwlKUOUv8hVnZuTvigTeAY","previousCounter":0,"rootKey":"QoSW9XoVOK3gPmr3HtcYIkIXvx6E+lNdEC8jB8cjeKk="},"indexInfo":{"baseKey":"BQPV3VpCmG1M+KBbwBDBLMp5QwjgBzfh4N6eTJkbpEh6","baseKeyType":1,"closed":-1,"used":1734398775615,"created":1734398775615,"remoteIdentityKey":"BWqsvgjtK8cozMB5BIrC6jxzefw7INOplANk5vBvxkZc"},"_chains":{"BYtNDoOnHg8XncpUwdKPHuYSakHLo3ZDIvVHciX03DM9":{"chainKey":{"counter":0,"key":"V2Oh2d1Qpg6LW6A+X7/fZ/FQTtIhE6ezROQx6ONKOVk="},"chainType":1,"messageKeys":{}}},"pendingPreKey":{"signedKeyId":0,"baseKey":"BQPV3VpCmG1M+KBbwBDBLMp5QwjgBzfh4N6eTJkbpEh6"}}},"version":"v1"}