{"_sessions":{"BbmgNveQjqH+HkUzeIfo53Qxx4A8NKomBF5DXEgnhU4T":{"registrationId":378927207,"currentRatchet":{"ephemeralKeyPair":{"pubKey":"BQYH6tX3/wxezyFU1SxCclhbJgTFZcMMiNV7moxJkbke","privKey":"4MpcTWFkXcLpOVetLzIeN1NdVyHMhR7KYoaOoV2iC1Q="},"lastRemoteEphemeralKey":"BZZFbaqVAl6tUt7OLVR34OK9hgEYc+j6tB42kXc4Uhl5","previousCounter":0,"rootKey":"wj4rpT5T4jrGbJpYAInvEQtZBqB4wQZlWKnn6+tORr8="},"indexInfo":{"baseKey":"BbmgNveQjqH+HkUzeIfo53Qxx4A8NKomBF5DXEgnhU4T","baseKeyType":1,"closed":-1,"used":1734398775712,"created":1734398775712,"remoteIdentityKey":"BQHGy/B4wefVkDAsRvbsKuBmdfCFnotusgFOeTSc2MIx"},"_chains":{"BQYH6tX3/wxezyFU1SxCclhbJgTFZcMMiNV7moxJkbke":{"chainKey":{"counter":0,"key":"yUn/yJPWu1izeU1v2jXkNdF+HlvD9fHdB1QqSVPS1qk="},"chainType":1,"messageKeys":{}}},"pendingPreKey":{"signedKeyId":0,"baseKey":"BbmgNveQjqH+HkUzeIfo53Qxx4A8NKomBF5DXEgnhU4T","preKeyId":11300485}}},"version":"v1"}