{"_sessions":{"BYrz/yuNy3HWCEjcTHgZkbysf4m0Gb1HP71smCj/RtAH":{"registrationId":485594647,"currentRatchet":{"ephemeralKeyPair":{"pubKey":"BX8WGsjgcnuzPHHHaePviE+/6gy//LhA8tpO8xaVFv5h","privKey":"sK58Rbea3c/HSvuBHnoVFlJnQVQBYsiy0RYhWvFA12Q="},"lastRemoteEphemeralKey":"BTVzDT9WB4rKKOZKHIk7u62a5RBUEmB1s4VT0+0wGuEs","previousCounter":0,"rootKey":"E3YWcvmenBodH9rlEp7aV6rN+QhB3EA99X6LdPnHgO8="},"indexInfo":{"baseKey":"BYrz/yuNy3HWCEjcTHgZkbysf4m0Gb1HP71smCj/RtAH","baseKeyType":1,"closed":-1,"used":1734398775655,"created":1734398775655,"remoteIdentityKey":"BchwQfdMjPDY7HGtT1corbswUXhd7hnIJsY3KVebzFMs"},"_chains":{"BX8WGsjgcnuzPHHHaePviE+/6gy//LhA8tpO8xaVFv5h":{"chainKey":{"counter":0,"key":"0dHLnkub4UEcMTIkcyIQeIC+G+F7xvAefBT9VIr3Ozs="},"chainType":1,"messageKeys":{}}},"pendingPreKey":{"signedKeyId":8,"baseKey":"BYrz/yuNy3HWCEjcTHgZkbysf4m0Gb1HP71smCj/RtAH","preKeyId":1932915}}},"version":"v1"}