{"_sessions":{"BfUhytD525atiXoneDC7jI7dqlUaAeSAXC87WZpKkqZf":{"registrationId":558362857,"currentRatchet":{"ephemeralKeyPair":{"pubKey":"BWBmZCQYZvizysmvk32P6F20TQFSXlOCSsy+mkApuOdY","privKey":"6F2yat12lWbWhcWWj96Pxy87x9gaxdE5jx8HA709+V4="},"lastRemoteEphemeralKey":"BTRXC7PootDAyvcFbnpmxhusVSeWaL03WadGKhZb0vQj","previousCounter":0,"rootKey":"V4QtddVt3l+i1HHjSCzrY5tTv0Bjo1p+SLFAQ1kKL+c="},"indexInfo":{"baseKey":"BfUhytD525atiXoneDC7jI7dqlUaAeSAXC87WZpKkqZf","baseKeyType":1,"closed":-1,"used":1734398773100,"created":1734398773100,"remoteIdentityKey":"Bdwycug7Mc4EFzjciPtdiqFaJB0GSwlAV6/o5yJe9Q86"},"_chains":{"BWBmZCQYZvizysmvk32P6F20TQFSXlOCSsy+mkApuOdY":{"chainKey":{"counter":0,"key":"mbm7Ty9i1a2lS2qsUA11sRrFqJA2gQ1OChSb/M3BzeY="},"chainType":1,"messageKeys":{}}},"pendingPreKey":{"signedKeyId":9,"baseKey":"BfUhytD525atiXoneDC7jI7dqlUaAeSAXC87WZpKkqZf","preKeyId":16674131}}},"version":"v1"}