{"_sessions":{"BexIwd8Ol4ZhNKdWeJOpwEPjDCpv8s6M5dgh7tscuwFZ":{"registrationId":33307865,"currentRatchet":{"ephemeralKeyPair":{"pubKey":"BSe7cv+uL94c9S5S9mrCHajjggWD06ZRY95n3azqiHwG","privKey":"+CqGKRsGTl2oufoxlOt3f50bmRb9w6wV1igFQqXCoEY="},"lastRemoteEphemeralKey":"Bce0sIxpAq8ddSl+6BVEW5lyt8DOL2G3oLrgRH4hHAwm","previousCounter":0,"rootKey":"InQ9YGSkzoZFoT2JvnEtUVM2lVUhfOpTE99afo2Ygng="},"indexInfo":{"baseKey":"BexIwd8Ol4ZhNKdWeJOpwEPjDCpv8s6M5dgh7tscuwFZ","baseKeyType":1,"closed":-1,"used":1734398771364,"created":1734398771364,"remoteIdentityKey":"BZbAND4fD+W8lznae7pmS1x9YECBcCX1eJWcMH97p8kV"},"_chains":{"BSe7cv+uL94c9S5S9mrCHajjggWD06ZRY95n3azqiHwG":{"chainKey":{"counter":0,"key":"gEviHqXlxg1Nigaih3aQwBmNc3MGpkmHxVyiS9/JLCM="},"chainType":1,"messageKeys":{}}},"pendingPreKey":{"signedKeyId":28,"baseKey":"BexIwd8Ol4ZhNKdWeJOpwEPjDCpv8s6M5dgh7tscuwFZ"}}},"version":"v1"}