{"_sessions":{"BQWh9Jopg9swseOh4urkbsdQIKf+YDmUf6QfW3mMT/06":{"registrationId":1342794168,"currentRatchet":{"ephemeralKeyPair":{"pubKey":"BVjNqOiCy4r/bKWLk6T6JaA9JwvlHRyeUzxZ8lPEyCxA","privKey":"IIE+EgN0j773fQmZ9AREZFDPoCFrRrHX5VreKlMzckw="},"lastRemoteEphemeralKey":"BSLalCHcEgWpbaRlemLbpcPm4u8redY1lGsGlvwseqER","previousCounter":0,"rootKey":"xRAtRWBT1nFYjGl5I8v7TUS2PIx3NyMrxy8VsGVHtxs="},"indexInfo":{"baseKey":"BQWh9Jopg9swseOh4urkbsdQIKf+YDmUf6QfW3mMT/06","baseKeyType":1,"closed":-1,"used":1734398773290,"created":1734398773290,"remoteIdentityKey":"BTk4PpZha/f1xHvq74R8SSdNKcqH+I9Xru8h34ik37of"},"_chains":{"BVjNqOiCy4r/bKWLk6T6JaA9JwvlHRyeUzxZ8lPEyCxA":{"chainKey":{"counter":0,"key":"xSRReXBMufLgg9rfPupLnt/Z5WV2MoOCMFPk4GQfmRA="},"chainType":1,"messageKeys":{}}},"pendingPreKey":{"signedKeyId":24,"baseKey":"BQWh9Jopg9swseOh4urkbsdQIKf+YDmUf6QfW3mMT/06","preKeyId":6811207}}},"version":"v1"}