{"_sessions":{"BR+mA8j7WPxg6sbB3Yot7uQtBH+bwmVd6LviJv0vLr8X":{"registrationId":1628778135,"currentRatchet":{"ephemeralKeyPair":{"pubKey":"BQy0ygxjzJSTwNYZyF4AHAxIK/HeDTHzm82e/DNQJyJM","privKey":"4H1cS8CxY3J5PkBEtWUMHcFfEQ8tpCn/FvPgMNLppkk="},"lastRemoteEphemeralKey":"BSUwuqQzdo/mv/gMRLXggdjOFUuRkCKPg/LhgMwwOa4Z","previousCounter":0,"rootKey":"dvDwvtFd2uSEvMUmxw6J5CDQm66wl+actgG9nuKkByc="},"indexInfo":{"baseKey":"BR+mA8j7WPxg6sbB3Yot7uQtBH+bwmVd6LviJv0vLr8X","baseKeyType":1,"closed":-1,"used":1734398566836,"created":1734398566836,"remoteIdentityKey":"BfLcM0+jrM3b9sPaJk2D07tJtWpJOEtYXBPZI1o9tgRA"},"_chains":{"BQy0ygxjzJSTwNYZyF4AHAxIK/HeDTHzm82e/DNQJyJM":{"chainKey":{"counter":9,"key":"oH3yBkdNLJmqU8HmE+YS7lI3QS8uMXFgYdF547ejxx0="},"chainType":1,"messageKeys":{}}},"pendingPreKey":{"signedKeyId":1,"baseKey":"BR+mA8j7WPxg6sbB3Yot7uQtBH+bwmVd6LviJv0vLr8X","preKeyId":8301185}}},"version":"v1"}