{"_sessions":{"BfIPo9v3rHtD6dVr607zVTqee+FDznZNJV8oG9L5HyRI":{"registrationId":1320934743,"currentRatchet":{"ephemeralKeyPair":{"pubKey":"BSpZjtjBjcK9LMlYXTldRAGGSlu1t3woezFpjnL2jAlU","privKey":"iL6+lU21dYxTaywjlowTgY3oVNCkrcOrO2eRHVL2nnQ="},"lastRemoteEphemeralKey":"BeAr65eRssdbtGkHc3svqtPr8HcklbnMnC+Upezt59ss","previousCounter":0,"rootKey":"Y8JvC7ut4DpRAGR/02JB8LxZ6EywkCJBw8h4wFdAWf4="},"indexInfo":{"baseKey":"BfIPo9v3rHtD6dVr607zVTqee+FDznZNJV8oG9L5HyRI","baseKeyType":1,"closed":-1,"used":1734398773009,"created":1734398773009,"remoteIdentityKey":"BYMFIX7uvNFxQ/kflWueYxkiREfgg5UeQtN7rLHR2up/"},"_chains":{"BSpZjtjBjcK9LMlYXTldRAGGSlu1t3woezFpjnL2jAlU":{"chainKey":{"counter":0,"key":"6yyH8N3tXgYs3kdY7ZJM2HnrvR1Xa2t6eLtW11Oszmk="},"chainType":1,"messageKeys":{}}},"pendingPreKey":{"signedKeyId":4,"baseKey":"BfIPo9v3rHtD6dVr607zVTqee+FDznZNJV8oG9L5HyRI"}}},"version":"v1"}