{"_sessions":{"BYpt1dt+OY71GatkWF3hvk5IxvdpwoDlv2RYyfWjqt5X":{"registrationId":784965951,"currentRatchet":{"ephemeralKeyPair":{"pubKey":"BcuJ41Wr0A7pCMIc5/8zvpuBJbD9Y7nguSywXO5Jn4N4","privKey":"6JIGO5a5B61efgACmZMRqpE3JyielseWaSSz+JEPFn0="},"lastRemoteEphemeralKey":"Bce1qyGRND7aQ/1bmMO6PmcdvbcJmWvWeSm+L2WJoBkS","previousCounter":0,"rootKey":"syYjpQAKl7ST0hWsmH4vKJPlzIDeCwd9Mwo2r4tE4Wo="},"indexInfo":{"baseKey":"BYpt1dt+OY71GatkWF3hvk5IxvdpwoDlv2RYyfWjqt5X","baseKeyType":1,"closed":-1,"used":1734398773143,"created":1734398773143,"remoteIdentityKey":"BaLsLJpJgyK1xWvTDgT8GJVvd3yRoWq1VpEq30EpHYx1"},"_chains":{"BcuJ41Wr0A7pCMIc5/8zvpuBJbD9Y7nguSywXO5Jn4N4":{"chainKey":{"counter":0,"key":"ovPMvJUQqgZ425IX03bpkCUojew2YCJkGJVjE3Vsapo="},"chainType":1,"messageKeys":{}}},"pendingPreKey":{"signedKeyId":1,"baseKey":"BYpt1dt+OY71GatkWF3hvk5IxvdpwoDlv2RYyfWjqt5X","preKeyId":7514951}}},"version":"v1"}