{"_sessions":{"Be0aN7vf2Ed8WZ6EJXZbylXysl5Nj6EdenvG9FJ0d599":{"registrationId":1845000504,"currentRatchet":{"ephemeralKeyPair":{"pubKey":"BZlzpFuR791t6OiSJoJsZsWhl2yz28GWLUFPIeLi7W9S","privKey":"mHggw0Vm1RCdO+yENc4t27aw9UUmpP8WIuNHtexqV1M="},"lastRemoteEphemeralKey":"BaRfSHJAGD5vzm6z2mcBk0nmof31tLwp3VWNwgAcOgUA","previousCounter":0,"rootKey":"d6HdwjR2NnFX6xOEL3RjtsBLpFWdHsleCovns2hlWg0="},"indexInfo":{"baseKey":"Be0aN7vf2Ed8WZ6EJXZbylXysl5Nj6EdenvG9FJ0d599","baseKeyType":1,"closed":-1,"used":1734398771440,"created":1734398771440,"remoteIdentityKey":"BTC9Y5LrLwm0NW1ECWC3EnjE0vAdm2F3b2OkF7lMCVkG"},"_chains":{"BZlzpFuR791t6OiSJoJsZsWhl2yz28GWLUFPIeLi7W9S":{"chainKey":{"counter":0,"key":"cWs1FlTLeqkE1jnPwSx2Qh5REQxr9XBUpfUihK9ak/s="},"chainType":1,"messageKeys":{}}},"pendingPreKey":{"signedKeyId":5,"baseKey":"Be0aN7vf2Ed8WZ6EJXZbylXysl5Nj6EdenvG9FJ0d599","preKeyId":13171425}}},"version":"v1"}