{"_sessions":{"BXFikaBN4lqiEOfhrAcN2u+sYff1xOCJFOhaLKwEzLEF":{"registrationId":3487166,"currentRatchet":{"ephemeralKeyPair":{"pubKey":"BXn6AJdepv0sT2YbfjyA7lL03uhAyj6InvAntfFkY5wi","privKey":"+Hy8oQDd++0ZdrUsXxmaUj90sCYTzMIfeLy8stHSJEg="},"lastRemoteEphemeralKey":"Bc++ymSs5PeZujACK5I1GeRa+y3hjTt0KfR6ZWd8YtxF","previousCounter":0,"rootKey":"9rYAV213uI4OxW9K3g4cUBb4eSVbAE0vkqzgFDLyqo8="},"indexInfo":{"baseKey":"BXFikaBN4lqiEOfhrAcN2u+sYff1xOCJFOhaLKwEzLEF","baseKeyType":1,"closed":-1,"used":1734398773251,"created":1734398773251,"remoteIdentityKey":"BboYPwlr09EskkpWMr5d+1JF1H2oigpCrfcV1+5QUORZ"},"_chains":{"BXn6AJdepv0sT2YbfjyA7lL03uhAyj6InvAntfFkY5wi":{"chainKey":{"counter":0,"key":"3MuQw3bBkFkAxl8RMIWY8Xk/amubJadqe8DbkxqKirg="},"chainType":1,"messageKeys":{}}},"pendingPreKey":{"signedKeyId":1,"baseKey":"BXFikaBN4lqiEOfhrAcN2u+sYff1xOCJFOhaLKwEzLEF","preKeyId":14047454}}},"version":"v1"}