{"_sessions":{"BfKqZBxS2tF5egG5p2XPiPCDnDLnKzPbTJVi4vsdCYhH":{"registrationId":781068617,"currentRatchet":{"ephemeralKeyPair":{"pubKey":"BVu9mtqGReBa3gGwu4QbSz3SFGUX2BmFiRlmPSd1YcRQ","privKey":"qAblRDnRPHdTkNKNQnYRJBK6hNqzMWXLbugE7KXdJX8="},"lastRemoteEphemeralKey":"Bch4eEwdNayfj1qODbm9r7z5wfmRs3c4INtISBNGNjJM","previousCounter":0,"rootKey":"ZLodmSFVk7Hzrv1nZarWvDvOI9AiFBuIXTaESeKySc8="},"indexInfo":{"baseKey":"BfKqZBxS2tF5egG5p2XPiPCDnDLnKzPbTJVi4vsdCYhH","baseKeyType":1,"closed":-1,"used":1734398773308,"created":1734398773308,"remoteIdentityKey":"BRDLEXMITNPAA35cjLpXhvLdseriCPRCHavPoC5WWpsL"},"_chains":{"BVu9mtqGReBa3gGwu4QbSz3SFGUX2BmFiRlmPSd1YcRQ":{"chainKey":{"counter":0,"key":"r3h1Qq9gYkq46lg1TNpnHK2IeV3vffKKSJ0bmaZ9sRI="},"chainType":1,"messageKeys":{}}},"pendingPreKey":{"signedKeyId":4,"baseKey":"BfKqZBxS2tF5egG5p2XPiPCDnDLnKzPbTJVi4vsdCYhH","preKeyId":5724101}}},"version":"v1"}