{"_sessions":{"BQJ8DGRHYkgZxpbg/dm8ncko+H7aEbkvjvtBFuN8r+Y8":{"registrationId":921422686,"currentRatchet":{"ephemeralKeyPair":{"pubKey":"BX7siGIVNT17QyHjmSn6VAIOEECn6Wjn5+50MdVsuGp7","privKey":"uFCL1b9ig1uAtPMkpKXa6NO1WpkUtbr6SJj95AWCbX4="},"lastRemoteEphemeralKey":"BU4VE7QZ7T9jD9EcB4zuZd9tAyTegQAHRb1+YkChQOh5","previousCounter":0,"rootKey":"Y21jX/6fEyNQm5GDrwlYpl57RiUUbb6k22E2ZguD74c="},"indexInfo":{"baseKey":"BQJ8DGRHYkgZxpbg/dm8ncko+H7aEbkvjvtBFuN8r+Y8","baseKeyType":1,"closed":-1,"used":1734398775816,"created":1734398775816,"remoteIdentityKey":"BX4lCz1B1/TVLumf5FFCr9ibRsWF2XgXqbJNZGej6CpC"},"_chains":{"BX7siGIVNT17QyHjmSn6VAIOEECn6Wjn5+50MdVsuGp7":{"chainKey":{"counter":0,"key":"pgdBPmM3dI5mdQooezTTt2gXG2s7eCDpSL0b39NKtqE="},"chainType":1,"messageKeys":{}}},"pendingPreKey":{"signedKeyId":5,"baseKey":"BQJ8DGRHYkgZxpbg/dm8ncko+H7aEbkvjvtBFuN8r+Y8","preKeyId":3370913}}},"version":"v1"}