{"_sessions":{"BTxwtFrRMJLYWh/MFygW7nQmLfshn6opDq5K9apmxJ40":{"registrationId":342941338,"currentRatchet":{"ephemeralKeyPair":{"pubKey":"BT9goCruZme7bsY9UnZk6oO/m5iJKgzL7ca/5HrzQUY+","privKey":"qFTZlbcIIDeUmdulCpNcjmjt0leXJl5oWdb/l+ctWGg="},"lastRemoteEphemeralKey":"BQ1jsqlU3cMc2zDXv2coeaz9begGr7R8vwb/Z6JXkmgb","previousCounter":0,"rootKey":"I1loFxytdAWHLxISNvIHTm0en61VkQjxEYojVo1aOKk="},"indexInfo":{"baseKey":"BTxwtFrRMJLYWh/MFygW7nQmLfshn6opDq5K9apmxJ40","baseKeyType":1,"closed":-1,"used":1734398775547,"created":1734398775547,"remoteIdentityKey":"BWeNiTCOWVxJEgamKS9s5NXaCFXkYiy3GQeV56nNmW1V"},"_chains":{"BT9goCruZme7bsY9UnZk6oO/m5iJKgzL7ca/5HrzQUY+":{"chainKey":{"counter":0,"key":"ymYQtedtugcSYuosAGY07CatM1nu6DjAPuTfOliC060="},"chainType":1,"messageKeys":{}}},"pendingPreKey":{"signedKeyId":9,"baseKey":"BTxwtFrRMJLYWh/MFygW7nQmLfshn6opDq5K9apmxJ40"}}},"version":"v1"}