{"_sessions":{"Be3yhQjRL6p5K6tPRHmdE4NHRWI+Ul4X892yD8E7coZr":{"registrationId":361268857,"currentRatchet":{"ephemeralKeyPair":{"pubKey":"BfI7zNayqYPvOg27BY1U3GLIpnO+6V7Lk0Et4/+BDdg2","privKey":"YJU4DrpTJ7IHBkmO6wCtZrHDTPXkva6eoNS442nOalk="},"lastRemoteEphemeralKey":"BaBxWrzxPIY1ASbFreGSqAqBJnxDEjfW/YxaxeXvbjQc","previousCounter":0,"rootKey":"V83SInWfJ9KY98g9QOUuKM75PaVC/q52pFhzB8eTeSY="},"indexInfo":{"baseKey":"Be3yhQjRL6p5K6tPRHmdE4NHRWI+Ul4X892yD8E7coZr","baseKeyType":1,"closed":-1,"used":1734398775706,"created":1734398775706,"remoteIdentityKey":"BQZFculNem0hHGyioclVUJQVWTvXuFdFVZ7Ir0nfBY91"},"_chains":{"BfI7zNayqYPvOg27BY1U3GLIpnO+6V7Lk0Et4/+BDdg2":{"chainKey":{"counter":0,"key":"jSL5aX/Q67bn7Wsr9mBxIMtQC+9G/N9yyBYIkLaIvZk="},"chainType":1,"messageKeys":{}}},"pendingPreKey":{"signedKeyId":0,"baseKey":"Be3yhQjRL6p5K6tPRHmdE4NHRWI+Ul4X892yD8E7coZr"}}},"version":"v1"}