{"_sessions":{"BfzrtJLmLdC9MMOMTwPHF+NEelbZv4GCxpaHI20ZsJ5M":{"registrationId":1078724896,"currentRatchet":{"ephemeralKeyPair":{"pubKey":"BXRgUIGOkEolM5sEOUJelguC8duLfrlaZEaAL6tQcbR4","privKey":"IOQKnthJueLhsbYJKJMADnALjPZ427/8Ey548H3WrFs="},"lastRemoteEphemeralKey":"BYk4TuN4SlM4Z8SafAJcYl4ahxTCh5Q29lZzYvmZe05x","previousCounter":0,"rootKey":"VPiFxIu+oY7DLzfTrXAdBnvut0ghgDBhxrFS4YcXYlE="},"indexInfo":{"baseKey":"BfzrtJLmLdC9MMOMTwPHF+NEelbZv4GCxpaHI20ZsJ5M","baseKeyType":1,"closed":-1,"used":1734398566857,"created":1734398566857,"remoteIdentityKey":"BUXEw83XcGqATcZXb8i7ZWHQA3fCsDiJKeyQgAtqIHQF"},"_chains":{"BXRgUIGOkEolM5sEOUJelguC8duLfrlaZEaAL6tQcbR4":{"chainKey":{"counter":9,"key":"xd/MsLXM/MEcZ8UrFqqSUP2b4Lg8ef7AhDEpCnko1eg="},"chainType":1,"messageKeys":{}}},"pendingPreKey":{"signedKeyId":0,"baseKey":"BfzrtJLmLdC9MMOMTwPHF+NEelbZv4GCxpaHI20ZsJ5M","preKeyId":755636}}},"version":"v1"}