{"_sessions":{"BY/QDQTUNnfTMQI7bonIkZD8ZXEwCbIzYYvTvr9TM7FF":{"registrationId":1764947670,"currentRatchet":{"ephemeralKeyPair":{"pubKey":"BRpZP1ctyk0CddP+e/fsqQW67i+XzVZNValTPa+ALSso","privKey":"qG52IH9xeDrR15/iIntByZ/wHfcoLTi5RUfibpso5H8="},"lastRemoteEphemeralKey":"Bag7bioXQQJQ2Vwx0QgIP46K8kZg4EfDI46GuluP0JUy","previousCounter":0,"rootKey":"JwskSwt0lNQ3uUn6rpa6sc1EmgJ9UiUjVc7XsgeJMpg="},"indexInfo":{"baseKey":"BY/QDQTUNnfTMQI7bonIkZD8ZXEwCbIzYYvTvr9TM7FF","baseKeyType":1,"closed":-1,"used":1734398566850,"created":1734398566850,"remoteIdentityKey":"BQV0VVZMchQMG3p38P7p/yZIEj8j1kF9rDu0/wUi6HFk"},"_chains":{"BRpZP1ctyk0CddP+e/fsqQW67i+XzVZNValTPa+ALSso":{"chainKey":{"counter":9,"key":"LMruMPRf+lC7GK+YoTfsOMZAtGYuPePOnx7IothP9/M="},"chainType":1,"messageKeys":{}}},"pendingPreKey":{"signedKeyId":18,"baseKey":"BY/QDQTUNnfTMQI7bonIkZD8ZXEwCbIzYYvTvr9TM7FF","preKeyId":5896823}}},"version":"v1"}