{"_sessions":{"BcA4aRo0c96bJTBdsnUwCcAWUXD5AJA/coQ60Ki3INt6":{"registrationId":1480259537,"currentRatchet":{"ephemeralKeyPair":{"pubKey":"BQwujmM9TRuhcAKpjplfmQ+QM8tHXf3EA6fIbPkfsWh8","privKey":"SFekxKUUsjaDxmhLPOl/LnzBWVWrKz9SBtzuhuwZxVU="},"lastRemoteEphemeralKey":"BWSJsaeCti9QnKTN128PoaS6cvPxJIYxwCPTskdmIJ0B","previousCounter":0,"rootKey":"97Vk06Ft0M0nSfi8zhfNPh8a17wxPl8CA9Gd1RZGMMw="},"indexInfo":{"baseKey":"BcA4aRo0c96bJTBdsnUwCcAWUXD5AJA/coQ60Ki3INt6","baseKeyType":1,"closed":-1,"used":1734398778119,"created":1734398778119,"remoteIdentityKey":"BdpwxRbf8NYbmz5dDI3Lribn85usxFo9hEbIToE9Fvkl"},"_chains":{"BQwujmM9TRuhcAKpjplfmQ+QM8tHXf3EA6fIbPkfsWh8":{"chainKey":{"counter":0,"key":"QIB6S4ZMa13FxXUZevwAy8bfW/te90sc4MNSvCu/srI="},"chainType":1,"messageKeys":{}}},"pendingPreKey":{"signedKeyId":1,"baseKey":"BcA4aRo0c96bJTBdsnUwCcAWUXD5AJA/coQ60Ki3INt6","preKeyId":6105325}}},"version":"v1"}