{"_sessions":{"BSKzOxWHDTwxjuCfUlvYjkzCXYGckdcCK0APyrua4gQt":{"registrationId":1677485316,"currentRatchet":{"ephemeralKeyPair":{"pubKey":"Ba+A501BryTu/Df32zdKccOm6qqsvpTfOiGhB+fVBn9r","privKey":"EEvs0u3GmDH24jvu+UpABUhRL+yjAJFZhbIQGqu2PEU="},"lastRemoteEphemeralKey":"BcRlTAyR7BS2YxkJ32Iihn6tlRucwIoW5gaLtRw0GUdV","previousCounter":0,"rootKey":"DJ6G+ALXvCKAtsvD1ZPeE1HbGKUQawivNPvRwFm8vNA="},"indexInfo":{"baseKey":"BSKzOxWHDTwxjuCfUlvYjkzCXYGckdcCK0APyrua4gQt","baseKeyType":1,"closed":-1,"used":1734398771386,"created":1734398771386,"remoteIdentityKey":"BSdI42RWW8BHjrT6hP+NdFsBYtSzdA2Xo6ndrj06RbUV"},"_chains":{"Ba+A501BryTu/Df32zdKccOm6qqsvpTfOiGhB+fVBn9r":{"chainKey":{"counter":0,"key":"QhHX6qAmk6s15EwsYlUxykElcdZ9ojWyUxLQ+KMmPQM="},"chainType":1,"messageKeys":{}}},"pendingPreKey":{"signedKeyId":41,"baseKey":"BSKzOxWHDTwxjuCfUlvYjkzCXYGckdcCK0APyrua4gQt","preKeyId":8236465}}},"version":"v1"}