{"_sessions":{"BfjzXkTgr+l2zihdJm55Tc3vym62CzuVbAhp0MpmpGBS":{"registrationId":889075257,"currentRatchet":{"ephemeralKeyPair":{"pubKey":"BbhEY77f83MqmJzmMRCq6rWswFVLHIIYMIf2BkLZ9yQq","privKey":"SKgeTGedg3Knjw6uTMvNw9Qou4DB+r7/G4tYl4BaYWc="},"lastRemoteEphemeralKey":"BTNE+maLAPqk3FaP2y8FzVuPX/f7cxUiD3FZfpbNAwVb","previousCounter":0,"rootKey":"0dadHpqCQcOuWRu6B/mRTcLp+r+y25zvrmYFaM5EcUc="},"indexInfo":{"baseKey":"BfjzXkTgr+l2zihdJm55Tc3vym62CzuVbAhp0MpmpGBS","baseKeyType":1,"closed":-1,"used":1734398775778,"created":1734398775778,"remoteIdentityKey":"BVEWb80LFkgWvNjcEXly5DW6xaosUfEyH/15MRbTM15J"},"_chains":{"BbhEY77f83MqmJzmMRCq6rWswFVLHIIYMIf2BkLZ9yQq":{"chainKey":{"counter":0,"key":"DUv+/QlDqtGn1Ozx9kXMAE6OK33Wbq1PPlNGt0K3KRw="},"chainType":1,"messageKeys":{}}},"pendingPreKey":{"signedKeyId":14,"baseKey":"BfjzXkTgr+l2zihdJm55Tc3vym62CzuVbAhp0MpmpGBS","preKeyId":11907879}}},"version":"v1"}