{"_sessions":{"BfAa2xKqDP3O8PVFksqRjcmGafJdUtlOBBFAhdkTHig3":{"registrationId":1183656378,"currentRatchet":{"ephemeralKeyPair":{"pubKey":"BZWfx8vFqlnEo7rG4IAvZu+0s7/MYTbMw3dSf/g9sskb","privKey":"YKFhX+iERyex8fGF1jCikxzPi0Dqq4+Y/Prb+CgUWkM="},"lastRemoteEphemeralKey":"BeitfljbCD3aSj/P/NfGBnhiSVSmtFA+W5JssAD9btJS","previousCounter":0,"rootKey":"CVqwQpM+6rdPZeG7A4LkDmw9mxsZ9x2FWb0msz60yWo="},"indexInfo":{"baseKey":"BfAa2xKqDP3O8PVFksqRjcmGafJdUtlOBBFAhdkTHig3","baseKeyType":1,"closed":-1,"used":1734398775644,"created":1734398775644,"remoteIdentityKey":"BVPcx7qt/gYwCR7Uk5TGuTa3dufwmHAuMAXfqi3xnFk0"},"_chains":{"BZWfx8vFqlnEo7rG4IAvZu+0s7/MYTbMw3dSf/g9sskb":{"chainKey":{"counter":0,"key":"F+t67R++fQJ32RLzLKD/X+9PtjHcuuTlAC9O7y+mOzs="},"chainType":1,"messageKeys":{}}},"pendingPreKey":{"signedKeyId":5,"baseKey":"BfAa2xKqDP3O8PVFksqRjcmGafJdUtlOBBFAhdkTHig3","preKeyId":12609014}}},"version":"v1"}