{"_sessions":{"BVSerNqPyEitp2Hc51nhshBUPDd3WMvsXbylpCHi8u8/":{"registrationId":476385083,"currentRatchet":{"ephemeralKeyPair":{"pubKey":"BWhuAJ9Meba6QUt8qEakddIt5GsjmTWs+lMx7RgeYqBy","privKey":"WE1J421dp/E+s5JgBF9SqQvXALQ2tlhvZ12mvSkaoGY="},"lastRemoteEphemeralKey":"BRfIdJ5qpeXBrVoO953jMtiHj71BLlunDTtUD0MXJlhM","previousCounter":0,"rootKey":"TT2zB4q4TeRNyDO3MuB/gdEhs6Yaox2rZZ89EK/A6js="},"indexInfo":{"baseKey":"BVSerNqPyEitp2Hc51nhshBUPDd3WMvsXbylpCHi8u8/","baseKeyType":1,"closed":-1,"used":1734398566833,"created":1734398566833,"remoteIdentityKey":"BYz6lxZLFiOn1UA4WnP74OWbmo+hPoouCMak/TPXFxsD"},"_chains":{"BWhuAJ9Meba6QUt8qEakddIt5GsjmTWs+lMx7RgeYqBy":{"chainKey":{"counter":9,"key":"IGYg8x6IB1fRo6UChNg0DzWZEYgGZOg35OXuAS4rx6E="},"chainType":1,"messageKeys":{}}},"pendingPreKey":{"signedKeyId":6,"baseKey":"BVSerNqPyEitp2Hc51nhshBUPDd3WMvsXbylpCHi8u8/","preKeyId":2137595}}},"version":"v1"}