{"_sessions":{"BclXXMzlPLiU0d1vNpYAM4BUXwgPFmt0wfnIEmKgG4Ec":{"registrationId":577876088,"currentRatchet":{"ephemeralKeyPair":{"pubKey":"BahKQU8JFIwKG+3XOeTevmUkvnTO04VXC2y+pb6LbGlM","privKey":"0H5K14U7CfsHI45UimNuURBJcXZ9w4tkIQSZHzDBtl4="},"lastRemoteEphemeralKey":"BZDvYfIkzSR+TOsaNfi5h/IkpPCVNFdBBfQZ1vWegaB9","previousCounter":0,"rootKey":"5OWemnp1bE3HqzdL5F/i6mJrQ9cODlZPT+BvGZ0p9p0="},"indexInfo":{"baseKey":"BclXXMzlPLiU0d1vNpYAM4BUXwgPFmt0wfnIEmKgG4Ec","baseKeyType":1,"closed":-1,"used":1734398773254,"created":1734398773254,"remoteIdentityKey":"Bbb9ji8jXYLJitQW1HLAbdVvSo5UlqMMOg+et9FzhN5q"},"_chains":{"BahKQU8JFIwKG+3XOeTevmUkvnTO04VXC2y+pb6LbGlM":{"chainKey":{"counter":0,"key":"VQQsQYE5B3IbdTqrfDW1eF116jx/di2MugDlh4YAZRg="},"chainType":1,"messageKeys":{}}},"pendingPreKey":{"signedKeyId":1,"baseKey":"BclXXMzlPLiU0d1vNpYAM4BUXwgPFmt0wfnIEmKgG4Ec"}}},"version":"v1"}