{"_sessions":{"BT6rhuKrgWFnDzFNJXE7X8xBZcZBayhqWfvxlH/v03FX":{"registrationId":1868112125,"currentRatchet":{"ephemeralKeyPair":{"pubKey":"BaE4ZHUV6Ocfj5udbdioDk4LEQ5hbzfsd/S/6qFxujdK","privKey":"EKsmhikg4ucpuyLwUynyIpCk1nU50hoPmEI5QmBYEk4="},"lastRemoteEphemeralKey":"BYJaDzTfoHOVGLi4o4XKwCXdJWe52MDZC4zQOfm/7MpS","previousCounter":0,"rootKey":"5JjoGYviUPe69lTs5HidjdMVJNNrZb5LpKKjuqKE9d0="},"indexInfo":{"baseKey":"BT6rhuKrgWFnDzFNJXE7X8xBZcZBayhqWfvxlH/v03FX","baseKeyType":1,"closed":-1,"used":1734398778178,"created":1734398778178,"remoteIdentityKey":"BVF8gCMmR0OC4eAeW5cwatwGGosKugNzQ4GeZkT5tRQ3"},"_chains":{"BaE4ZHUV6Ocfj5udbdioDk4LEQ5hbzfsd/S/6qFxujdK":{"chainKey":{"counter":0,"key":"XNsLb8bFKMGABjuB8H74Mhilb3h2MAww0iITLtkyKA4="},"chainType":1,"messageKeys":{}}},"pendingPreKey":{"signedKeyId":8,"baseKey":"BT6rhuKrgWFnDzFNJXE7X8xBZcZBayhqWfvxlH/v03FX","preKeyId":7492101}}},"version":"v1"}