{"_sessions":{"BTi41HOg7QaLf849klDpAofNvsnW21RFIO/dPT9KoLJu":{"registrationId":1049978464,"currentRatchet":{"ephemeralKeyPair":{"pubKey":"BU6TVdCpqNRfcALelon2+Tk5mNf2qAX8T4kDn7zh5A4b","privKey":"eCwH9rIUOe+YB0d0n9u0SdWzfnlpiX5c+GuV+umlLHc="},"lastRemoteEphemeralKey":"BbKNOnzUIDQQLl6iiZKzG373KDH5pvY2YOeZLG5K8MQt","previousCounter":0,"rootKey":"aC6Hp4Uf6Z1w9b48Fvxvjyf12y/7RPVltRA9P79qdXo="},"indexInfo":{"baseKey":"BTi41HOg7QaLf849klDpAofNvsnW21RFIO/dPT9KoLJu","baseKeyType":1,"closed":-1,"used":1734398775735,"created":1734398775735,"remoteIdentityKey":"BXpiwek6c3cpeLuuTROyynJzsPpdWEBxhGRCvAMj/St7"},"_chains":{"BU6TVdCpqNRfcALelon2+Tk5mNf2qAX8T4kDn7zh5A4b":{"chainKey":{"counter":0,"key":"NM8nXwfrnhNqnKi1IcJ5zZgWZsPZW6jJWcccNlP1Y0U="},"chainType":1,"messageKeys":{}}},"pendingPreKey":{"signedKeyId":4,"baseKey":"BTi41HOg7QaLf849klDpAofNvsnW21RFIO/dPT9KoLJu","preKeyId":11216468}}},"version":"v1"}