{"_sessions":{"Bb5TpR8WSHZMm3Za+oW4uv+K3Yb4wfC4tYECPR44710O":{"registrationId":1139483339,"currentRatchet":{"ephemeralKeyPair":{"pubKey":"BQt/C7oDaFgNTKpWjKWFRPXHoY/+hrcrOJ/wQoc+rL1B","privKey":"uDUaOoD2uOSZbcSd+rg4/BMqlxNv1f5cdaRYzo607mo="},"lastRemoteEphemeralKey":"BRogZ77F2kRKygrVMEGH/wu46JBQXOzHjaqNerPt0RZK","previousCounter":0,"rootKey":"zK8yBo5vsfbT+v8IunwifFpabAtvIJQ9EDz0uj8jiSI="},"indexInfo":{"baseKey":"Bb5TpR8WSHZMm3Za+oW4uv+K3Yb4wfC4tYECPR44710O","baseKeyType":1,"closed":-1,"used":1734398780324,"created":1734398780324,"remoteIdentityKey":"BRB0lxChwQJ865ByK2BPmB5Xss2e6ky/ETnligtjicdG"},"_chains":{"BQt/C7oDaFgNTKpWjKWFRPXHoY/+hrcrOJ/wQoc+rL1B":{"chainKey":{"counter":0,"key":"JjvWtbQ6fG+bryLeT9/tjwfAzkgzGHDW8plCCZZo4NM="},"chainType":1,"messageKeys":{}}},"pendingPreKey":{"signedKeyId":7,"baseKey":"Bb5TpR8WSHZMm3Za+oW4uv+K3Yb4wfC4tYECPR44710O","preKeyId":8876698}}},"version":"v1"}