{"_sessions":{"BW6Yv+7EfEDS0zz+kZhe5HJPKOBe+HoMUx20YnTHDn9k":{"registrationId":412501596,"currentRatchet":{"ephemeralKeyPair":{"pubKey":"BZqiH7iyEIokIaoxj6/VNaSqwNGNiBdAZgvmgSpzbdoO","privKey":"ABsL7A5kl20m44u1dd7VY0z9npnjKP+WO+a+7hCQcl8="},"lastRemoteEphemeralKey":"BTZE7PyGSOrqDXss13KofU997PTQVG6GfleCTLQs/9Y2","previousCounter":0,"rootKey":"+I+TqRI/kRRgXusNnCc5tKbSVkt//7twwvd+MjJG5zg="},"indexInfo":{"baseKey":"BW6Yv+7EfEDS0zz+kZhe5HJPKOBe+HoMUx20YnTHDn9k","baseKeyType":1,"closed":-1,"used":1734398780370,"created":1734398780370,"remoteIdentityKey":"BU2Fwx032E3UJavktbwRqBpF9bbhd79O3wtvZ5kqA+Ar"},"_chains":{"BZqiH7iyEIokIaoxj6/VNaSqwNGNiBdAZgvmgSpzbdoO":{"chainKey":{"counter":0,"key":"Y6ONHJFz8zwbqtK9lrClDlooHfAsJJMbk04lK9wFZLs="},"chainType":1,"messageKeys":{}}},"pendingPreKey":{"signedKeyId":35,"baseKey":"BW6Yv+7EfEDS0zz+kZhe5HJPKOBe+HoMUx20YnTHDn9k","preKeyId":16694578}}},"version":"v1"}