{"_sessions":{"BY8pSPLZbN/osKjb4fPAcvJQ4uuflZGnwQlTbpfjafkZ":{"registrationId":4769095,"currentRatchet":{"ephemeralKeyPair":{"pubKey":"BfnHjOvz3rnXItiK/RXUg2QCpzGQPmzgigyc3nYIsFs9","privKey":"6FARxIhuTmFrHDeVebyG99IxsKjlfMTJHXgSphNzQ10="},"lastRemoteEphemeralKey":"BbKBozZ3emMpucDXT897v1tbp3NsM+E8RJxx4L6rOSss","previousCounter":0,"rootKey":"QFnD56dzlBVcVt+BsQ4fV/xo0kzDI8PrDdTSFkAufEk="},"indexInfo":{"baseKey":"BY8pSPLZbN/osKjb4fPAcvJQ4uuflZGnwQlTbpfjafkZ","baseKeyType":1,"closed":-1,"used":1734398778210,"created":1734398778210,"remoteIdentityKey":"BUVN0EiWQ2CTP5yiRorimLEROJvDOR5nvcSwi7AHVal4"},"_chains":{"BfnHjOvz3rnXItiK/RXUg2QCpzGQPmzgigyc3nYIsFs9":{"chainKey":{"counter":0,"key":"J0gufGuCSRZ2IrUaZG1Nqmk04f75KnBlma9AzIZSXZc="},"chainType":1,"messageKeys":{}}},"pendingPreKey":{"signedKeyId":1,"baseKey":"BY8pSPLZbN/osKjb4fPAcvJQ4uuflZGnwQlTbpfjafkZ","preKeyId":5948866}}},"version":"v1"}