{"_sessions":{"BeMgJKQwb30KWTsICfrURmV9S7huuwaVhu0lOcvYzwJS":{"registrationId":2815,"currentRatchet":{"ephemeralKeyPair":{"pubKey":"BV8NgKHt7PvYjqwhza57iBo9Tvf5N1nRWYcffsLMpThe","privKey":"YGc2qiiWxlTiwQToCr0j5/ootck3gbLzhGzWCzDPgUM="},"lastRemoteEphemeralKey":"BfSuTahAk/BB3pqplpMa58xj40iSNtos6nQvODXIHepI","previousCounter":0,"rootKey":"r2F7vL8HirmSpA7OiyeYcMZ3wLs/PONmP+7xetsaR4o="},"indexInfo":{"baseKey":"BeMgJKQwb30KWTsICfrURmV9S7huuwaVhu0lOcvYzwJS","baseKeyType":1,"closed":-1,"used":1734398771255,"created":1734398771255,"remoteIdentityKey":"BVgrxMyOIcWUAjMUQH66VzIqS5Sq/WWr84BU77pn5SNI"},"_chains":{"BV8NgKHt7PvYjqwhza57iBo9Tvf5N1nRWYcffsLMpThe":{"chainKey":{"counter":0,"key":"YhwvQCIM2NuVY7go5DkkF4DKbEh+qARP4fJykAuXaPY="},"chainType":1,"messageKeys":{}}},"pendingPreKey":{"signedKeyId":2,"baseKey":"BeMgJKQwb30KWTsICfrURmV9S7huuwaVhu0lOcvYzwJS","preKeyId":15330}}},"version":"v1"}