{"_sessions":{"Bda1im8pqHoHZMJ8W2COMvrF9An4bPgk4b10yKRMBw4O":{"registrationId":1206319494,"currentRatchet":{"ephemeralKeyPair":{"pubKey":"BfCrM62Fbs5vFaTPjZEaSWeXTLOoJJp+36tSfkMsI2BY","privKey":"8ON4otSp4amhut7HDkPTPEwoXOz1rCxAHJzJImbq33M="},"lastRemoteEphemeralKey":"BflZYU2El1z4l1QT4kJlwaCm49bK3D8KLMEJlKJCttp2","previousCounter":0,"rootKey":"fnnZwcUL2Gt32yIiGoJi6o+cijAgG4Bbnf2ZydXNqqQ="},"indexInfo":{"baseKey":"Bda1im8pqHoHZMJ8W2COMvrF9An4bPgk4b10yKRMBw4O","baseKeyType":1,"closed":-1,"used":1734398775767,"created":1734398775767,"remoteIdentityKey":"BTBauAOQ8eDqRLjYkfgQdHCChqCcU2ub/ByklqaAdyRr"},"_chains":{"BfCrM62Fbs5vFaTPjZEaSWeXTLOoJJp+36tSfkMsI2BY":{"chainKey":{"counter":0,"key":"MV0TZZvKTtvNOLWfyWOiVpW38H8+1rGsuLh8a7onEVY="},"chainType":1,"messageKeys":{}}},"pendingPreKey":{"signedKeyId":8,"baseKey":"Bda1im8pqHoHZMJ8W2COMvrF9An4bPgk4b10yKRMBw4O","preKeyId":7167969}}},"version":"v1"}