{"_sessions":{"BWZmfVccoCHFFC6IdmOtWFWek4WVaD0ClCuAYxzUQVEt":{"registrationId":616898490,"currentRatchet":{"ephemeralKeyPair":{"pubKey":"Bcobz1dQH3mm8YATn88m4F9Gh4SJmCCUbnr38Bv7H5Bx","privKey":"+DCwEqItUYVZsYx2KUsw1My0i0ZtbpASmXDDnydWVV4="},"lastRemoteEphemeralKey":"Bcm1tKy+j6Fp6++QGD5iLpdFCykgPJPu7ai+16YTDzgs","previousCounter":0,"rootKey":"ULRv6p/3J6VH/ESPjrb1kSYOmT979eDaTcyteqdqt6Y="},"indexInfo":{"baseKey":"BWZmfVccoCHFFC6IdmOtWFWek4WVaD0ClCuAYxzUQVEt","baseKeyType":1,"closed":-1,"used":1734398771354,"created":1734398771354,"remoteIdentityKey":"BTeFaDQi3e11H6LYzdF+CPB5EC9tgVWB+zqqpC1rKH40"},"_chains":{"Bcobz1dQH3mm8YATn88m4F9Gh4SJmCCUbnr38Bv7H5Bx":{"chainKey":{"counter":0,"key":"K7AFIf7s++akmzHQL53do/PfFqhoFrquAsI2k9Y4qOs="},"chainType":1,"messageKeys":{}}},"pendingPreKey":{"signedKeyId":14,"baseKey":"BWZmfVccoCHFFC6IdmOtWFWek4WVaD0ClCuAYxzUQVEt","preKeyId":3247503}}},"version":"v1"}