{"_sessions":{"BePWhUDKwCMv0XgiaGS9PUzoOUi5BR7WdwrjyDJ4dsRH":{"registrationId":1998129697,"currentRatchet":{"ephemeralKeyPair":{"pubKey":"Bc/WCBnh+NUGG88AittEfhLhHNaQ2qEjkh+I9mZWdgQ3","privKey":"YKNWUn5E0fbIXDgeU2rv0nF5xiQSXoNLhY1naCB9TkI="},"lastRemoteEphemeralKey":"BUqMofcHuy29WiscvWzkaaQxk6kCz194fiXyuQdKBaks","previousCounter":0,"rootKey":"8pvvBB6CSgTwVLtJBwkDRoYNCYUACNEer0WGGfB8oYw="},"indexInfo":{"baseKey":"BePWhUDKwCMv0XgiaGS9PUzoOUi5BR7WdwrjyDJ4dsRH","baseKeyType":1,"closed":-1,"used":1734398773137,"created":1734398773137,"remoteIdentityKey":"BV3v/oyAVrqklkDvy2pJ6R0usebct6tIFXZM+fXsRDMe"},"_chains":{"Bc/WCBnh+NUGG88AittEfhLhHNaQ2qEjkh+I9mZWdgQ3":{"chainKey":{"counter":0,"key":"vsI9xLqZta6AD3Ox7ibaGeXOOKRurT8JwwLacKiwgLQ="},"chainType":1,"messageKeys":{}}},"pendingPreKey":{"signedKeyId":14,"baseKey":"BePWhUDKwCMv0XgiaGS9PUzoOUi5BR7WdwrjyDJ4dsRH","preKeyId":3185609}}},"version":"v1"}