{"_sessions":{"BdwGuKniDrxCarjJQ8Lke8e+veRr5FsWKd3cSl0q+scH":{"registrationId":1932672740,"currentRatchet":{"ephemeralKeyPair":{"pubKey":"BTBP0OekH8r5qH5npglAt6/vWu7mL3cbjlfl2bcy4+10","privKey":"CA+gUIwbzhE+r/LXCNACPNHfKwldBMDy5KOiGvyO1nk="},"lastRemoteEphemeralKey":"BUsNGB+ACScELRCkJ2lYe7lRUncxnYphZEkC1KF78VtV","previousCounter":0,"rootKey":"P80lbW4mNdxcc4i1ZZT+7j/L2d1g9SAHH13j1NVGlGA="},"indexInfo":{"baseKey":"BdwGuKniDrxCarjJQ8Lke8e+veRr5FsWKd3cSl0q+scH","baseKeyType":1,"closed":-1,"used":1734398775741,"created":1734398775741,"remoteIdentityKey":"BXsE6LufqFfwuGZde/0OtbQF2ltlr9I5G8OpgfKoYNdu"},"_chains":{"BTBP0OekH8r5qH5npglAt6/vWu7mL3cbjlfl2bcy4+10":{"chainKey":{"counter":0,"key":"bm26e/KJPWl8cyUbOF4HOfi+oICcLu/lnMJv7bzzIf8="},"chainType":1,"messageKeys":{}}},"pendingPreKey":{"signedKeyId":21,"baseKey":"BdwGuKniDrxCarjJQ8Lke8e+veRr5FsWKd3cSl0q+scH"}}},"version":"v1"}