{"_sessions":{"BfzGQetMofWCVxzP+4ByodeYponqYN/fx1BnfK+fgPIx":{"registrationId":1223778634,"currentRatchet":{"ephemeralKeyPair":{"pubKey":"BUSulquj1XAg5Hs8aIv3NnVqsUezLvwAgzE5+oihYQ9z","privKey":"oPkSw7LyTyrfUCjEA2/yJskOD73rsCHWK1OIt9TrBGE="},"lastRemoteEphemeralKey":"BVU0/XDh09zVaj6McgA5rca74kKz8GJ+xC3nf50Po3sG","previousCounter":0,"rootKey":"Ur+2KkX/YBRhRTgp5kJV3HBVL4gbJDkSbIeJpZ/sRCE="},"indexInfo":{"baseKey":"BfzGQetMofWCVxzP+4ByodeYponqYN/fx1BnfK+fgPIx","baseKeyType":1,"closed":-1,"used":1734398775658,"created":1734398775658,"remoteIdentityKey":"BerSISdRs0KDnhFo/oDr4LUfjcb77xK0ABuQHg+12wVU"},"_chains":{"BUSulquj1XAg5Hs8aIv3NnVqsUezLvwAgzE5+oihYQ9z":{"chainKey":{"counter":0,"key":"HjSxGTBnUDxnoHryiWbrE59zbyF5dgWwvlFxloU3cbg="},"chainType":1,"messageKeys":{}}},"pendingPreKey":{"signedKeyId":9,"baseKey":"BfzGQetMofWCVxzP+4ByodeYponqYN/fx1BnfK+fgPIx","preKeyId":11849215}}},"version":"v1"}