{"_sessions":{"BcOBYofes8RAlYQLqCNUjaiBctCh7zVBhZMz6u1VnxZ1":{"registrationId":1771118365,"currentRatchet":{"ephemeralKeyPair":{"pubKey":"BekY9/RrvOVA58+jTzD8695l+sZkwDOm2aZ8/5yr6dFr","privKey":"INosWCIKjepGwjCzGEn86Pnfh+Oiq9tfzflpuP10sWA="},"lastRemoteEphemeralKey":"BTuqNSA3BIqnXRtFZJ/ljkUyNaq6hpzsbtzyI2Ze+fhc","previousCounter":0,"rootKey":"MqYSE/1/ITi/OkXPiKhSCQGf40u822RfhLL8o9ZDDxM="},"indexInfo":{"baseKey":"BcOBYofes8RAlYQLqCNUjaiBctCh7zVBhZMz6u1VnxZ1","baseKeyType":1,"closed":-1,"used":1734398778233,"created":1734398778233,"remoteIdentityKey":"BXSjK7xUXWt3pJUjftaoW23oNRoJB5KJOMzdCzVKVhU3"},"_chains":{"BekY9/RrvOVA58+jTzD8695l+sZkwDOm2aZ8/5yr6dFr":{"chainKey":{"counter":0,"key":"z36N2CLr2r+CESIEDKyYX3449mm7c3Z5/A3v7cHIvAY="},"chainType":1,"messageKeys":{}}},"pendingPreKey":{"signedKeyId":0,"baseKey":"BcOBYofes8RAlYQLqCNUjaiBctCh7zVBhZMz6u1VnxZ1"}}},"version":"v1"}