{"_sessions":{"BVY+t7TJpQ6Q7Mim7pa6UNiMy+s6okCOfcBFAnEKK8A4":{"registrationId":1472424708,"currentRatchet":{"ephemeralKeyPair":{"pubKey":"BeO2W4U6l0H/Y7hG3YGTPm0Za243SGV7SjUno9Lr+QV1","privKey":"AFU8l5iv92ZZv9l4O+2aEyZl5yz44cLsT8YHfVK4z3o="},"lastRemoteEphemeralKey":"Bc608DFbaUGZlstFXjgjug65OtajCJSNPDEjbBdY/QUx","previousCounter":0,"rootKey":"SpQfdys7Ii1NV4uAlP9kUuYIa0ZL+kfDm1evqhSnme8="},"indexInfo":{"baseKey":"BVY+t7TJpQ6Q7Mim7pa6UNiMy+s6okCOfcBFAnEKK8A4","baseKeyType":1,"closed":-1,"used":1734398771366,"created":1734398771366,"remoteIdentityKey":"BRBgvPVW47gHetO7CAPg20w+0/RFuCHPpHXJt/LLhfUs"},"_chains":{"BeO2W4U6l0H/Y7hG3YGTPm0Za243SGV7SjUno9Lr+QV1":{"chainKey":{"counter":0,"key":"6aYMuYE6yi2wFB2Hs7f1e5CYDozzDcrEfCrZsz/udpU="},"chainType":1,"messageKeys":{}}},"pendingPreKey":{"signedKeyId":42,"baseKey":"BVY+t7TJpQ6Q7Mim7pa6UNiMy+s6okCOfcBFAnEKK8A4"}}},"version":"v1"}