{"_sessions":{"BRkxWFm4h6xOrCquNOom13ztbZGe7GKfy11smI1RFmgd":{"registrationId":9191,"currentRatchet":{"ephemeralKeyPair":{"pubKey":"Be7+Y2dONH0zY+HJgNcZRF2ch/R3rve1KHncNAIxtvVN","privKey":"eHEbNiVLOHhHBeVtjI+OkQdCjSzfaxaK4Z1nO7zJAkU="},"lastRemoteEphemeralKey":"BVXrxw10/+Jx6W936HNQD7qTgS4aP/4i9rneHgGgdZsR","previousCounter":0,"rootKey":"Zjv1Zi33lgoT8ZKsSWD6A4rsv1EWFzJnaeKIPXHqXIk="},"indexInfo":{"baseKey":"BRkxWFm4h6xOrCquNOom13ztbZGe7GKfy11smI1RFmgd","baseKeyType":1,"closed":-1,"used":1734398771267,"created":1734398771267,"remoteIdentityKey":"BY8Ul+0WUUfmoK5kSCk4vd5gdJ4mTC1klgw5AiPF9DgX"},"_chains":{"Be7+Y2dONH0zY+HJgNcZRF2ch/R3rve1KHncNAIxtvVN":{"chainKey":{"counter":0,"key":"m86Fo/++m43LBd2DUn/nWnUv0IkP0PHxqyl30vtzHX0="},"chainType":1,"messageKeys":{}}},"pendingPreKey":{"signedKeyId":1,"baseKey":"BRkxWFm4h6xOrCquNOom13ztbZGe7GKfy11smI1RFmgd","preKeyId":175}}},"version":"v1"}