{"_sessions":{"BT8ZEVMXh4+jN2yGWzDIg/Puk3/0vHIKmFcq262MvUlr":{"registrationId":962845636,"currentRatchet":{"ephemeralKeyPair":{"pubKey":"BbfhWrX7+xFW0PRKGWbsgbve6qrjDaJ3o5ht1Wa4EWh2","privKey":"ED51/rtNV2CJGd4Tz1rgakMtXIDmBB1Owg1Gf63RdnQ="},"lastRemoteEphemeralKey":"Baj2VpQIPvt08WPyEXqDMddK13EryZsv2GKnN//niXZp","previousCounter":0,"rootKey":"t1xPwfxhGZiXoZ1Yw5lE/+MMXlPVzP1YULKZb61gsZ0="},"indexInfo":{"baseKey":"BT8ZEVMXh4+jN2yGWzDIg/Puk3/0vHIKmFcq262MvUlr","baseKeyType":1,"closed":-1,"used":1734398773222,"created":1734398773222,"remoteIdentityKey":"BR+QrfbMGhrALW9MYDe0oAQ4i00jvcj54W3lrIlwsz9f"},"_chains":{"BbfhWrX7+xFW0PRKGWbsgbve6qrjDaJ3o5ht1Wa4EWh2":{"chainKey":{"counter":0,"key":"Ac3Y3TuNmjC4SjaSD5LPpzmdNloI/90FsiMtXuZZO4I="},"chainType":1,"messageKeys":{}}},"pendingPreKey":{"signedKeyId":0,"baseKey":"BT8ZEVMXh4+jN2yGWzDIg/Puk3/0vHIKmFcq262MvUlr","preKeyId":3734550}}},"version":"v1"}