{"_sessions":{"BdhQqGXvpjpDdX0mLUBihvO7zXnMXLEnlKpeKeV7+5oT":{"registrationId":564194792,"currentRatchet":{"ephemeralKeyPair":{"pubKey":"BdEX2kiOMxU1SQ74s5iT4KT1lXuNjm9vU20GdlvZ6Rop","privKey":"QCLezE3eQ4rXjof0RPaphONBwKTUiwvap1y7IwkmMlI="},"lastRemoteEphemeralKey":"BVEYTI4Jdshc6BD8f6ROVHVMu0iZrztuXPwmSGN/zHsx","previousCounter":0,"rootKey":"dpdkdgcVot5LHhWkgJGHUbhlmHeYOCRv0xpbanl0Jo4="},"indexInfo":{"baseKey":"BdhQqGXvpjpDdX0mLUBihvO7zXnMXLEnlKpeKeV7+5oT","baseKeyType":1,"closed":-1,"used":1734398780452,"created":1734398780452,"remoteIdentityKey":"BdD4+QvSHUPgGduRcg9KjUX0b3z0QVN+Q6diECqVUwQe"},"_chains":{"BdEX2kiOMxU1SQ74s5iT4KT1lXuNjm9vU20GdlvZ6Rop":{"chainKey":{"counter":0,"key":"wf3ksk0VW2MJKhryy6eeayiUtJ6ZCzLUPcXtAcFiteA="},"chainType":1,"messageKeys":{}}},"pendingPreKey":{"signedKeyId":3,"baseKey":"BdhQqGXvpjpDdX0mLUBihvO7zXnMXLEnlKpeKeV7+5oT","preKeyId":15417155}}},"version":"v1"}