{"_sessions":{"BUfW3FGRTuUMUNeFYlqoVK/WqbhXJL7x7IZBxbgI23kQ":{"registrationId":1127581828,"currentRatchet":{"ephemeralKeyPair":{"pubKey":"Ban3LFweVrL4bYYkv0riJEkjN478GSJOwP/ebkocqAcg","privKey":"SPxNw+2cHIK6+0y8AV7s+YaHVGxNoXptyYoBcXHTYks="},"lastRemoteEphemeralKey":"BVdm7c4p5nRlLORd76Q4+JLWyW3bALydQv389G//HepD","previousCounter":0,"rootKey":"4nvPyMQCEJtIvM0ZeNWmBcIyGM41MHf3HjeQDPFOuds="},"indexInfo":{"baseKey":"BUfW3FGRTuUMUNeFYlqoVK/WqbhXJL7x7IZBxbgI23kQ","baseKeyType":1,"closed":-1,"used":1734398773125,"created":1734398773125,"remoteIdentityKey":"BTk4JYf0LeQGQjPbfDYjHhRvLRHUe+skVQXzEXuLoLBX"},"_chains":{"Ban3LFweVrL4bYYkv0riJEkjN478GSJOwP/ebkocqAcg":{"chainKey":{"counter":0,"key":"BCwrrFvT0wW20CEU65KhU3nzZGFCiBQtzyXUJTG+hs8="},"chainType":1,"messageKeys":{}}},"pendingPreKey":{"signedKeyId":1,"baseKey":"BUfW3FGRTuUMUNeFYlqoVK/WqbhXJL7x7IZBxbgI23kQ","preKeyId":12524598}}},"version":"v1"}