{"_sessions":{"BcgFbp81LL8Orpbx17+0QVEv15tq435I+F9mWhCCxz02":{"registrationId":1390580186,"currentRatchet":{"ephemeralKeyPair":{"pubKey":"Bb7gMmckuHj9n/zWZwx+NU1mFE1B5p+VSSHGcYfZ0kdR","privKey":"GEpXRVkwgYhcb3iy79Sib6BW3EG0PkS/SeVqiTzzY0A="},"lastRemoteEphemeralKey":"BZu8TsrLT2BWFMuO3lG4e5oJmI3X2FnJdeeX9j1q1CNK","previousCounter":0,"rootKey":"7f9h5Mu9pAGJfzdqVenWExF66iJgm6LGOuRoQfB35uQ="},"indexInfo":{"baseKey":"BcgFbp81LL8Orpbx17+0QVEv15tq435I+F9mWhCCxz02","baseKeyType":1,"closed":-1,"used":1734398775613,"created":1734398775613,"remoteIdentityKey":"BdJIr+jxLHzNeOwT/YWc21zJXRpCwH02g9uK3ZCmsthb"},"_chains":{"Bb7gMmckuHj9n/zWZwx+NU1mFE1B5p+VSSHGcYfZ0kdR":{"chainKey":{"counter":0,"key":"2mFKP+WXJthtdW4s+LKxOwWMud6MyFeIjZw37kC3BJg="},"chainType":1,"messageKeys":{}}},"pendingPreKey":{"signedKeyId":0,"baseKey":"BcgFbp81LL8Orpbx17+0QVEv15tq435I+F9mWhCCxz02","preKeyId":4009958}}},"version":"v1"}