{"_sessions":{"BSFf412VtjDrrltlQyPYJwG+CfoZ4LNThirx3LShfnpL":{"registrationId":1361573402,"currentRatchet":{"ephemeralKeyPair":{"pubKey":"BQCmvxfOnsQpVKRMjYQ8DZzvC8FOwiO/0FRC02KKwOBe","privKey":"4IBxFolDSH3HXvp668s5vDQKoDOVZXO8bSRJFscHv0g="},"lastRemoteEphemeralKey":"BWz25TE5X9oD8AW4afVF1OwF8lbnV427Ra+39rWAe50h","previousCounter":0,"rootKey":"QWgeoWQI0L6MMu0lb5O4SFfcZulw8h5P1xTgEfYzXPQ="},"indexInfo":{"baseKey":"BSFf412VtjDrrltlQyPYJwG+CfoZ4LNThirx3LShfnpL","baseKeyType":1,"closed":-1,"used":1734398773097,"created":1734398773097,"remoteIdentityKey":"BTvfXvnmhsZ9I6vbbfYGuQb2zbfcA4oj5AqCxaMMYioj"},"_chains":{"BQCmvxfOnsQpVKRMjYQ8DZzvC8FOwiO/0FRC02KKwOBe":{"chainKey":{"counter":0,"key":"p8hXAr9Hdxm7CBE6zcnny+9Qt2EkJaW6h7Y4Hk5SZ6Y="},"chainType":1,"messageKeys":{}}},"pendingPreKey":{"signedKeyId":2,"baseKey":"BSFf412VtjDrrltlQyPYJwG+CfoZ4LNThirx3LShfnpL","preKeyId":12612170}}},"version":"v1"}