{"_sessions":{"BfcaOOwTqKQWzOYnP/n1ni2GoVyDAGbivyZH71O0GkwO":{"registrationId":1139226663,"currentRatchet":{"ephemeralKeyPair":{"pubKey":"BVRtT0a4FIEwu61jhjvCI/xocoy/zvRjZ/+JuY1ul+1K","privKey":"QL6cezxuTdbh35JD45HM8ygU/2p0cM4o+IKIJwO9ZVM="},"lastRemoteEphemeralKey":"BdeTO57WgWCUyThQuJJqdSwtkbufZUsC8d17O1w616BZ","previousCounter":0,"rootKey":"mSjyJX+8Sg2CzYp0zQ7Xy7TnHGEwl3BGQslcJ+97Z5U="},"indexInfo":{"baseKey":"BfcaOOwTqKQWzOYnP/n1ni2GoVyDAGbivyZH71O0GkwO","baseKeyType":1,"closed":-1,"used":1734398780345,"created":1734398780345,"remoteIdentityKey":"BUe3H1j7+L/05NoZvIPILRcM6Xj3px/Qz2suHqTQtIop"},"_chains":{"BVRtT0a4FIEwu61jhjvCI/xocoy/zvRjZ/+JuY1ul+1K":{"chainKey":{"counter":0,"key":"hHdrkZdCcnvsMU3l+TVdzLg7EfnGIT4n4cdGBFmcCV0="},"chainType":1,"messageKeys":{}}},"pendingPreKey":{"signedKeyId":5,"baseKey":"BfcaOOwTqKQWzOYnP/n1ni2GoVyDAGbivyZH71O0GkwO"}}},"version":"v1"}