{"_sessions":{"BWo3//tfSxh/kIoq+Uekb6fyCO+ef+1X5P1GgJU3/2FU":{"registrationId":1478541774,"currentRatchet":{"ephemeralKeyPair":{"pubKey":"BfQClFjg1ryTkdEb/44Aazo1zhzyLZdjQQgvDMPFhw1F","privKey":"MLK9OtbqHbzOwQIuyex4zEFIqhOkeJ/FATrec+paPFs="},"lastRemoteEphemeralKey":"BXK/yJJHAq9BVrUBwg+iLMQOJFoggFpxUdMeTJE8ZMYf","previousCounter":0,"rootKey":"krbwA+7JI56DUmDQnWcr9PZgCkq/tiKgiXZD6kNIncc="},"indexInfo":{"baseKey":"BWo3//tfSxh/kIoq+Uekb6fyCO+ef+1X5P1GgJU3/2FU","baseKeyType":1,"closed":-1,"used":1734398566840,"created":1734398566840,"remoteIdentityKey":"BYOsfGIealo4cANGBAJoWRSLkKkLoXjeZnXMQuYPUrhn"},"_chains":{"BfQClFjg1ryTkdEb/44Aazo1zhzyLZdjQQgvDMPFhw1F":{"chainKey":{"counter":9,"key":"jgwp8ooo3kXN2lCZuwa5I4Aqd8bs+O42Ln+nh8nlFE8="},"chainType":1,"messageKeys":{}}},"pendingPreKey":{"signedKeyId":13,"baseKey":"BWo3//tfSxh/kIoq+Uekb6fyCO+ef+1X5P1GgJU3/2FU","preKeyId":8348401}}},"version":"v1"}