{"_sessions":{"BS7S4ayDEW1YQ151B2Z5bFog5KYncvGYeqsNBcmo1AdU":{"registrationId":39781923,"currentRatchet":{"ephemeralKeyPair":{"pubKey":"BdCRc+OI3hbGfd1FMY/45ptX3zx7/Fl/r+b3n+i2MBdL","privKey":"+FXbN0+jgo/0VXoMa1Xf2ktLSmT3WYR7Rg+dArvDIlo="},"lastRemoteEphemeralKey":"BUWNWz2p9xgt1n6OtZFTq1M8M2m6MSHLuX4ONn6SdfRu","previousCounter":0,"rootKey":"njbFK2WZVJzaGvyD+ezMFpOHuqTrERQjwUbjYHWf1E0="},"indexInfo":{"baseKey":"BS7S4ayDEW1YQ151B2Z5bFog5KYncvGYeqsNBcmo1AdU","baseKeyType":1,"closed":-1,"used":1734398778181,"created":1734398778181,"remoteIdentityKey":"BaFKdsHEAWTNg7+wMjjFHvwnFeSRKcvs0Omh29zkSYUA"},"_chains":{"BdCRc+OI3hbGfd1FMY/45ptX3zx7/Fl/r+b3n+i2MBdL":{"chainKey":{"counter":0,"key":"lP7nPstuEU2eZ94wcMTWYJYyMtO7oRT/013IkQIdS94="},"chainType":1,"messageKeys":{}}},"pendingPreKey":{"signedKeyId":1,"baseKey":"BS7S4ayDEW1YQ151B2Z5bFog5KYncvGYeqsNBcmo1AdU","preKeyId":9407770}}},"version":"v1"}