{"_sessions":{"BZVayHdFsIo2NUIQjbJtw9dCRg9Ve6P+/YReDRWVYARl":{"registrationId":966884242,"currentRatchet":{"ephemeralKeyPair":{"pubKey":"BXJRK6J7euqbsQizJ1dTeszqZl8M6abtz4jZBXhS1TIp","privKey":"0Geg6t4We4KvDs4cVJmDBwzHh5HCS4KQZjet+pwUbUo="},"lastRemoteEphemeralKey":"BUt0/pLBckAU3MrZFi+nPLoW12x2Te0sKbcEIL6sOnR/","previousCounter":0,"rootKey":"mMl4Afdw1ZdGSjkdAO/0o4jIba2J4n4KKxe8rT+kIFE="},"indexInfo":{"baseKey":"BZVayHdFsIo2NUIQjbJtw9dCRg9Ve6P+/YReDRWVYARl","baseKeyType":1,"closed":-1,"used":1734398778136,"created":1734398778136,"remoteIdentityKey":"BdNfTz5x+Q1JOQX6V2vY5KzyHGUwLPSAZl+IV8cF8/07"},"_chains":{"BXJRK6J7euqbsQizJ1dTeszqZl8M6abtz4jZBXhS1TIp":{"chainKey":{"counter":0,"key":"rtlSOzhIgEgeIYRvsRiS21A+Q081nz55/MkvaYaSB0A="},"chainType":1,"messageKeys":{}}},"pendingPreKey":{"signedKeyId":8,"baseKey":"BZVayHdFsIo2NUIQjbJtw9dCRg9Ve6P+/YReDRWVYARl","preKeyId":10991528}}},"version":"v1"}