{"_sessions":{"BR+el8LH6HLB+6sCfH7jsMn3Ne2iGq0W7bzGxNUrqwwx":{"registrationId":1723712769,"currentRatchet":{"ephemeralKeyPair":{"pubKey":"BZhfF0dg/hEkQ3oQ+5sMCgsCSf+sjbx23owhy3/tiigp","privKey":"uClbyY1TgsY8V9s8v1Q0Sm4Iear7IWaJnXO5JTWtJ3E="},"lastRemoteEphemeralKey":"BRI5sgJWFtOfhzDLq/yJFWUTL0XuDnD7rMC/UqLo73AO","previousCounter":0,"rootKey":"GyvX72v00u1A4Yi5AUgJ3IZLWT71F/kiSe7Rw3uW6D4="},"indexInfo":{"baseKey":"BR+el8LH6HLB+6sCfH7jsMn3Ne2iGq0W7bzGxNUrqwwx","baseKeyType":1,"closed":-1,"used":1734398773188,"created":1734398773188,"remoteIdentityKey":"BY6dxPY1bd5Z9ZFsr29d/8nPw9d9gAzllRbwVEya+JAt"},"_chains":{"BZhfF0dg/hEkQ3oQ+5sMCgsCSf+sjbx23owhy3/tiigp":{"chainKey":{"counter":0,"key":"qba7w6jf5nFAoKGKfn8ZwJkH8ci8Rw1qIq6GzlnnpTk="},"chainType":1,"messageKeys":{}}},"pendingPreKey":{"signedKeyId":11,"baseKey":"BR+el8LH6HLB+6sCfH7jsMn3Ne2iGq0W7bzGxNUrqwwx","preKeyId":3876370}}},"version":"v1"}