{"_sessions":{"BY0fGVYSU18mhHGjy8mcMezyjBFOMfbYsQvJgM/UIp8/":{"registrationId":1884865501,"currentRatchet":{"ephemeralKeyPair":{"pubKey":"BbYQm1hRn/Kx+hbjH0pspbbUYiKazcdH6DipUYwSfhoy","privKey":"gKqPVfWSfHiX2caKVmke4c+5H2zyBGz0S8fAs2Ppgnc="},"lastRemoteEphemeralKey":"BW7+KRsWx6nUUtj8obhHIiw5w23ihD7ujSIGUCJnfmwb","previousCounter":0,"rootKey":"ha8ev2y5HXQdt11pZww9cOo78878rfuZlNYr10c+y1c="},"indexInfo":{"baseKey":"BY0fGVYSU18mhHGjy8mcMezyjBFOMfbYsQvJgM/UIp8/","baseKeyType":1,"closed":-1,"used":1734398778276,"created":1734398778276,"remoteIdentityKey":"BX15hQjxSnd4qz1MTWGfZ25LovYujL8pHooPKl8Pzx0R"},"_chains":{"BbYQm1hRn/Kx+hbjH0pspbbUYiKazcdH6DipUYwSfhoy":{"chainKey":{"counter":0,"key":"EyfK1dNUEONoHMQjwhZrg1WGelDwcQnGSyLxD5l4xW0="},"chainType":1,"messageKeys":{}}},"pendingPreKey":{"signedKeyId":14,"baseKey":"BY0fGVYSU18mhHGjy8mcMezyjBFOMfbYsQvJgM/UIp8/","preKeyId":2582816}}},"version":"v1"}