{"_sessions":{"BTP7ml1TCVHz+iguBV6IRXpnYME949SBKUiaUL0cAMk7":{"registrationId":1130215102,"currentRatchet":{"ephemeralKeyPair":{"pubKey":"BYJPIRuaqMJEtoq82ZvwERuckgYtTk01zOuc1gMuYUAQ","privKey":"eHpiZWID6BylNRImnWz4RUmlB8kcw0rEsie6n/TFOE8="},"lastRemoteEphemeralKey":"BVjyH8Zj2xzKnvn66PQUk39zOWAcPlRJOxeey1g2/twl","previousCounter":0,"rootKey":"X0XQaHJ7b+EPkWB40Mhks8utpW1derH4L9bjwlwdXGs="},"indexInfo":{"baseKey":"BTP7ml1TCVHz+iguBV6IRXpnYME949SBKUiaUL0cAMk7","baseKeyType":1,"closed":-1,"used":1734398773234,"created":1734398773234,"remoteIdentityKey":"BdP8bjikXysaULZoybn/fXL8fL0M8kEA9b0bIMnkuAQu"},"_chains":{"BYJPIRuaqMJEtoq82ZvwERuckgYtTk01zOuc1gMuYUAQ":{"chainKey":{"counter":0,"key":"pIST/mGsd7WGZgiproJxV051RmZnrVA6Ed7xAXhuKLI="},"chainType":1,"messageKeys":{}}},"pendingPreKey":{"signedKeyId":8,"baseKey":"BTP7ml1TCVHz+iguBV6IRXpnYME949SBKUiaUL0cAMk7"}}},"version":"v1"}