{"_sessions":{"Ba6+0PsstXlfo2i2rjmQMSt92PRLMWorTjDjTh9Nr4dD":{"registrationId":542860375,"currentRatchet":{"ephemeralKeyPair":{"pubKey":"BWQVHCqtd65/w67bH8yXIlzq09edJCBjWfs3YuR5mxc6","privKey":"4FEE6mmgDOTRqFBAEPG5XVjW034VERALLz1X1xVZ/mA="},"lastRemoteEphemeralKey":"BbqsI/5uAqDAnNk2U8I+EUlrBNgD++sDLVU36lrqf5QP","previousCounter":0,"rootKey":"g2KXS2Lnc7PkmAxe3pzZS9vL+KL4xIVKVuLcrhTzSJI="},"indexInfo":{"baseKey":"Ba6+0PsstXlfo2i2rjmQMSt92PRLMWorTjDjTh9Nr4dD","baseKeyType":1,"closed":-1,"used":1734398778047,"created":1734398778047,"remoteIdentityKey":"BeW80mlpVKg6SUNlDBGa7LFwWAyvqiH4MxYFlsEirnJ+"},"_chains":{"BWQVHCqtd65/w67bH8yXIlzq09edJCBjWfs3YuR5mxc6":{"chainKey":{"counter":0,"key":"kgGVwoaplysnwjsWCQs4QTL4j0hqW1uMOkjY5ELQ9p4="},"chainType":1,"messageKeys":{}}},"pendingPreKey":{"signedKeyId":3,"baseKey":"Ba6+0PsstXlfo2i2rjmQMSt92PRLMWorTjDjTh9Nr4dD","preKeyId":997033}}},"version":"v1"}