{"_sessions":{"BT2Ek5HZlVQvtGSysXa8qFgE9FHLSTXiCDl1pOpq9Z87":{"registrationId":2117251102,"currentRatchet":{"ephemeralKeyPair":{"pubKey":"BVPgLvWbjyVoVRYrP+87bJkPZHsXt0rjf8GkHoeWMe41","privKey":"CABJ1MV+06Djqj4pGC3+WGKKk5EOGdGWXoT/33RaJX8="},"lastRemoteEphemeralKey":"BYupkrbSUmFSFc1dmOnqirY704h9JT6kJ5pFrwvBhllg","previousCounter":0,"rootKey":"k4gcy3u3W5QKnpJJaSittIVRsfU0LCplD5zWcrxnqPg="},"indexInfo":{"baseKey":"BT2Ek5HZlVQvtGSysXa8qFgE9FHLSTXiCDl1pOpq9Z87","baseKeyType":1,"closed":-1,"used":1734398775638,"created":1734398775638,"remoteIdentityKey":"BbpnOCsRQL0c4dVH9A7JT1iz79W4u4Apd4OFi/lZYQs6"},"_chains":{"BVPgLvWbjyVoVRYrP+87bJkPZHsXt0rjf8GkHoeWMe41":{"chainKey":{"counter":0,"key":"kaM9SltLZlsMjGCHcH7W6RRoY9ZSl67PC9CQLX3DwRs="},"chainType":1,"messageKeys":{}}},"pendingPreKey":{"signedKeyId":0,"baseKey":"BT2Ek5HZlVQvtGSysXa8qFgE9FHLSTXiCDl1pOpq9Z87","preKeyId":365708}}},"version":"v1"}