{"_sessions":{"BRtMl0+zXHmXa6iSdoKRKSBL9up9qyC/Pm1xWYI9NJxd":{"registrationId":1981490828,"currentRatchet":{"ephemeralKeyPair":{"pubKey":"BVBIibKKUpy+7qV5008wMrliVqnRMYRxAKCHm1r6bu4v","privKey":"qJyqe+GzQ64vxrI4z2WC4/hJHhdgPheULN87h7enhWs="},"lastRemoteEphemeralKey":"BWLq62JccHBRJEYZYEQ+xBOEIX/az6nTa7+DnPcs6t85","previousCounter":0,"rootKey":"ah9ijcY5/YkaVbHyTSqY2jzTEfAmGtByymM/Br3E5NA="},"indexInfo":{"baseKey":"BRtMl0+zXHmXa6iSdoKRKSBL9up9qyC/Pm1xWYI9NJxd","baseKeyType":1,"closed":-1,"used":1734398778380,"created":1734398778380,"remoteIdentityKey":"BcT7YkPe83ScnOaqqMm0zmzEQWbGkASbfTbnTZW6a+tS"},"_chains":{"BVBIibKKUpy+7qV5008wMrliVqnRMYRxAKCHm1r6bu4v":{"chainKey":{"counter":0,"key":"ZxcfsE6iRUf1FiU59fnSnHcoUEJciMBvZ68XDExZ3yA="},"chainType":1,"messageKeys":{}}},"pendingPreKey":{"signedKeyId":2,"baseKey":"BRtMl0+zXHmXa6iSdoKRKSBL9up9qyC/Pm1xWYI9NJxd"}}},"version":"v1"}