{"_sessions":{"Bd4ImtjP+/XMUCPBojU7KS+XLdlvbmQKcFEdkR1uXUgL":{"registrationId":849278139,"currentRatchet":{"ephemeralKeyPair":{"pubKey":"BXdOql7Fa9nbsTMu2wpSHce3gGyt2n1xgZjJqA3p4Jlp","privKey":"wCwgUz/7XAzHVV7b4t3z/AzQT031AZ90L82gsnWdeGc="},"lastRemoteEphemeralKey":"BVQ68yROltMDwKHQegi99hccgxUU1BW+JjsUd97EbB11","previousCounter":0,"rootKey":"Zpxke6t65Re7GM640JNKFoSkQOLYAkNHrRviuSufjEA="},"indexInfo":{"baseKey":"Bd4ImtjP+/XMUCPBojU7KS+XLdlvbmQKcFEdkR1uXUgL","baseKeyType":1,"closed":-1,"used":1734398780361,"created":1734398780361,"remoteIdentityKey":"BeTppDgAMZ05l/HZJFhBarfyudIz5SytRkbb2EHNQtMQ"},"_chains":{"BXdOql7Fa9nbsTMu2wpSHce3gGyt2n1xgZjJqA3p4Jlp":{"chainKey":{"counter":0,"key":"xsvYvtrY/71U0AgORR1gC7VfbKGFPJP9hHnO5Pai1qY="},"chainType":1,"messageKeys":{}}},"pendingPreKey":{"signedKeyId":2,"baseKey":"Bd4ImtjP+/XMUCPBojU7KS+XLdlvbmQKcFEdkR1uXUgL","preKeyId":2605038}}},"version":"v1"}