{"_sessions":{"BbjcAPVmpzW5nb41+XntnPDwKy8/FqE1ByPBK1L6XnBo":{"registrationId":904284989,"currentRatchet":{"ephemeralKeyPair":{"pubKey":"BUkzLjVIp7FOzmG4Hza7NZ2D6BK4zEswr822GpkK15JQ","privKey":"GMrOgxEkqOnt5soFYzXTozDwm6QInRjbjB/DTISblFw="},"lastRemoteEphemeralKey":"BcEkJfVqNrt7r/kGcFPtaE0G3aMkRxwNn0rvRDMiBS0Q","previousCounter":0,"rootKey":"+O0r5ef/7Q7HVTEZhJ+dYB5+gxb0+H+FhFDTOxnpbZM="},"indexInfo":{"baseKey":"BbjcAPVmpzW5nb41+XntnPDwKy8/FqE1ByPBK1L6XnBo","baseKeyType":1,"closed":-1,"used":1734398778183,"created":1734398778183,"remoteIdentityKey":"BfYoxuM5lao0XIVCKr3icpdnlSr5+jdfCLCVPjYSNrJP"},"_chains":{"BUkzLjVIp7FOzmG4Hza7NZ2D6BK4zEswr822GpkK15JQ":{"chainKey":{"counter":0,"key":"cw6ZRckXl/SJr10vLk25LkGnLPftFZce9syLli4xji0="},"chainType":1,"messageKeys":{}}},"pendingPreKey":{"signedKeyId":0,"baseKey":"BbjcAPVmpzW5nb41+XntnPDwKy8/FqE1ByPBK1L6XnBo"}}},"version":"v1"}