{"_sessions":{"BeJCzmyMcA11+SCNj6IkhHsmUUmCAbxRrhJMyypl64pJ":{"registrationId":249615156,"currentRatchet":{"ephemeralKeyPair":{"pubKey":"BZIQKX+2SUpqbFP5pJRpUcoIHv6dSGmGDzmtikVQqt8u","privKey":"QMQT6o2/VVuHjXj7Fe+D5w6PzjHpmK8pEAQIzKqZzG4="},"lastRemoteEphemeralKey":"BVodxlxnObIyZFVrTgk1B8pP/6pfrCxMcYoBDtGLP7UR","previousCounter":0,"rootKey":"pFC4l+uT33Lyz2uX09xS7vJCND/T8U+rb7Ty96c5jO8="},"indexInfo":{"baseKey":"BeJCzmyMcA11+SCNj6IkhHsmUUmCAbxRrhJMyypl64pJ","baseKeyType":1,"closed":-1,"used":1734398773108,"created":1734398773108,"remoteIdentityKey":"BfsqGnU8arf+DidiEOIIDY6XNB2iiBgCucvE8sALBuoz"},"_chains":{"BZIQKX+2SUpqbFP5pJRpUcoIHv6dSGmGDzmtikVQqt8u":{"chainKey":{"counter":0,"key":"S2DBJm6T+5+rHk1bUgPT5VRHSCRwOcmhyho9nWGUr10="},"chainType":1,"messageKeys":{}}},"pendingPreKey":{"signedKeyId":5,"baseKey":"BeJCzmyMcA11+SCNj6IkhHsmUUmCAbxRrhJMyypl64pJ","preKeyId":11928512}}},"version":"v1"}