{"_sessions":{"BSnLJ3Fot9/4rEk4/KCjC6gMtJyqd+bWEdTWC8uifGEa":{"registrationId":734312766,"currentRatchet":{"ephemeralKeyPair":{"pubKey":"BaqRa6FaqNoNItq9kaFxHfvkI2D9pTHMcOkNx4dtVgBi","privKey":"IHEPnwOJBjbIHi0nPWCZ6O+ESuJl9kBtIL1zmJuPK0k="},"lastRemoteEphemeralKey":"BeCmaI4D5yi3AtYFrftv0AjVZf1S6xOtP/aNdeWtgDRr","previousCounter":0,"rootKey":"o/3wAuR+5EHY/3dwWDMRmZYwBl7Ol68Dn5S3TAso1kg="},"indexInfo":{"baseKey":"BSnLJ3Fot9/4rEk4/KCjC6gMtJyqd+bWEdTWC8uifGEa","baseKeyType":1,"closed":-1,"used":1734398771205,"created":1734398771205,"remoteIdentityKey":"BZloEDUIbAmbjv6qoO3dKbs1YhGlNPQAIia6JEmR2xhC"},"_chains":{"BaqRa6FaqNoNItq9kaFxHfvkI2D9pTHMcOkNx4dtVgBi":{"chainKey":{"counter":0,"key":"A4wbhjhUSkjDMDCixZzSpWtIIy21/sSlAbJbeVYZpos="},"chainType":1,"messageKeys":{}}},"pendingPreKey":{"signedKeyId":1,"baseKey":"BSnLJ3Fot9/4rEk4/KCjC6gMtJyqd+bWEdTWC8uifGEa"}}},"version":"v1"}