{"_sessions":{"BUBoP2wkMyifJfhrSj9A8uIiCkBthJ3wjyyk4iMaxfwk":{"registrationId":1061757502,"currentRatchet":{"ephemeralKeyPair":{"pubKey":"BdZAj+1moIE+ly72tcvwPzO8jos3KRbTR0wZq4wUPs5D","privKey":"sGn5tO5NCf2hYojrg24lQxH35S+N4izH+ko2EPhYTFw="},"lastRemoteEphemeralKey":"BYSZTQsmm3YD6WAdp5yJ6ZG05XQMSlyskgjVjFL6wttx","previousCounter":0,"rootKey":"e9vEwfF9MXwYK7vAFJw81lyeuBwly5AXvpiuyF0acPA="},"indexInfo":{"baseKey":"BUBoP2wkMyifJfhrSj9A8uIiCkBthJ3wjyyk4iMaxfwk","baseKeyType":1,"closed":-1,"used":1734398775610,"created":1734398775610,"remoteIdentityKey":"BWGC+SXzRrPjpHr4oYh1uaqevMsInvxCuf29ziMIckAH"},"_chains":{"BdZAj+1moIE+ly72tcvwPzO8jos3KRbTR0wZq4wUPs5D":{"chainKey":{"counter":0,"key":"Ba6zSnUq0JyLFQLjX6w2c7BN5z0B06KnIe0A6kL0y2Q="},"chainType":1,"messageKeys":{}}},"pendingPreKey":{"signedKeyId":3,"baseKey":"BUBoP2wkMyifJfhrSj9A8uIiCkBthJ3wjyyk4iMaxfwk","preKeyId":7338781}}},"version":"v1"}