{"_sessions":{"BZzeu9qXz8qwuUx5OeAhnvb/QXGvKVjQq8tv8Lfhs9pY":{"registrationId":1382330597,"currentRatchet":{"ephemeralKeyPair":{"pubKey":"BT7l4r/liBnjwJz+PBU5e9yBSd0T4pBFeP9hQ+hr3KsW","privKey":"gNrZn9UlV8ms/OKmgQo3onq/6vpW9FC0U50irpX1E1o="},"lastRemoteEphemeralKey":"BdGDBJOLmO4Nj44P2Jq3b1eWp+XAEViddtljatU5jVcM","previousCounter":0,"rootKey":"txzhD1tCqTpjqPrQKRtEg/5P508Vxdz+uaSXcQeoFlg="},"indexInfo":{"baseKey":"BZzeu9qXz8qwuUx5OeAhnvb/QXGvKVjQq8tv8Lfhs9pY","baseKeyType":1,"closed":-1,"used":1734398773140,"created":1734398773140,"remoteIdentityKey":"BcXUFEDksfDt1/3kN6ItuQHy3KY+iRuv6jVSY+oAvxZ0"},"_chains":{"BT7l4r/liBnjwJz+PBU5e9yBSd0T4pBFeP9hQ+hr3KsW":{"chainKey":{"counter":0,"key":"ICq9CxH9/n5AOojkI3qKLUwDn+3fDY5v3JGIDjUSC9Q="},"chainType":1,"messageKeys":{}}},"pendingPreKey":{"signedKeyId":3,"baseKey":"BZzeu9qXz8qwuUx5OeAhnvb/QXGvKVjQq8tv8Lfhs9pY","preKeyId":15492879}}},"version":"v1"}