{"_sessions":{"BbmO+lPCBQ5Hj6ic++CImCQ0i19nizfJnDRovlb1usgX":{"registrationId":2126199725,"currentRatchet":{"ephemeralKeyPair":{"pubKey":"BQ6vBwRyAaIQCctUW6tBxkkv3Kle3dHYEZXiZeDiKCFb","privKey":"iPE5+redczrHt1a2jxfhcHGBo4SPawlsfmPKOv20Hkg="},"lastRemoteEphemeralKey":"BZh9jgsDCMRfmePBRCJ0/uHAohqkEpVMxx2794r4YXZG","previousCounter":0,"rootKey":"Z6AgNTDm05iUoyPeMkbEbcpz0ptC9YZe31UOWOGXsjc="},"indexInfo":{"baseKey":"BbmO+lPCBQ5Hj6ic++CImCQ0i19nizfJnDRovlb1usgX","baseKeyType":1,"closed":-1,"used":1734398780329,"created":1734398780329,"remoteIdentityKey":"BbA9HQdkmTAWyefmacKbpraptrTqwXOgjTvSPlUDxZs+"},"_chains":{"BQ6vBwRyAaIQCctUW6tBxkkv3Kle3dHYEZXiZeDiKCFb":{"chainKey":{"counter":0,"key":"ZwV3+If9nkRujSH/iaqDn5ISAkQJ6K5hlmioXgfdp4o="},"chainType":1,"messageKeys":{}}},"pendingPreKey":{"signedKeyId":3,"baseKey":"BbmO+lPCBQ5Hj6ic++CImCQ0i19nizfJnDRovlb1usgX","preKeyId":8452450}}},"version":"v1"}