{"_sessions":{"BSpa3IaVLOYG97+btYBHA3AAv3qUZL5bpP5e3vPrx5hk":{"registrationId":309205296,"currentRatchet":{"ephemeralKeyPair":{"pubKey":"BSZAEKQTD5s/kISRLZy+8lkRc4ol5vj2rnefjE+unV57","privKey":"qBl5FTi6uJJNW6CMfj+sOtJkoGDUJhScRBHDQ44Jskc="},"lastRemoteEphemeralKey":"BS6VvX8+vTmeBoBR6lxKlk64QZIPGCgwLH4VvRc+DTtY","previousCounter":0,"rootKey":"vKXrn6tO1JYHAKJdPVah+M/ZqXioSnRHRnYfyFU3538="},"indexInfo":{"baseKey":"BSpa3IaVLOYG97+btYBHA3AAv3qUZL5bpP5e3vPrx5hk","baseKeyType":1,"closed":-1,"used":1734398780342,"created":1734398780342,"remoteIdentityKey":"BVIBz2IHCa9hWZ+0EgRv5WrK8SvmpZt6pFpQquKNZUQh"},"_chains":{"BSZAEKQTD5s/kISRLZy+8lkRc4ol5vj2rnefjE+unV57":{"chainKey":{"counter":0,"key":"s2roLc8X7+XpRhyPaXHMt0iTBdEvqde+DcZnyEcMdHI="},"chainType":1,"messageKeys":{}}},"pendingPreKey":{"signedKeyId":5,"baseKey":"BSpa3IaVLOYG97+btYBHA3AAv3qUZL5bpP5e3vPrx5hk","preKeyId":12309428}}},"version":"v1"}