{"_sessions":{"BSGe4WT/nxWGIh8shofdIABh1ej+SdEYH/dF4GgDnSVa":{"registrationId":10123,"currentRatchet":{"ephemeralKeyPair":{"pubKey":"BZ7fLrFtWJJR+n3YNKdgr+dZ1u017RTyFoXb/n/dNg9N","privKey":"GJbyukz1msubEbC1O5FN7VBakbwS9/eQYRjFuug8ykM="},"lastRemoteEphemeralKey":"BU12NANDw540ZV663FMw3q7uJbl+ixYMS1gSP8KfCopq","previousCounter":0,"rootKey":"VCmTp9pFWOnIRIwcGNTc08ATp/eMaMSe7UAOSfOS8+0="},"indexInfo":{"baseKey":"BSGe4WT/nxWGIh8shofdIABh1ej+SdEYH/dF4GgDnSVa","baseKeyType":1,"closed":-1,"used":1734398771118,"created":1734398771118,"remoteIdentityKey":"Bff3/OkRVgQzlaPkA/Zt2R2uK4rTmXd17YpHn8bizogi"},"_chains":{"BZ7fLrFtWJJR+n3YNKdgr+dZ1u017RTyFoXb/n/dNg9N":{"chainKey":{"counter":0,"key":"jjVKcEyFsbFzk/opImWfIjqZxRZAISldY2KWPFAZmic="},"chainType":1,"messageKeys":{}}},"pendingPreKey":{"signedKeyId":1,"baseKey":"BSGe4WT/nxWGIh8shofdIABh1ej+SdEYH/dF4GgDnSVa"}}},"version":"v1"}