{"_sessions":{"BaGEHdOo/Z3HKc3ytnqE3yNeAniZ6ZsrRTz954XqILAP":{"registrationId":3974,"currentRatchet":{"ephemeralKeyPair":{"pubKey":"BTSuKldmQsj4eeNJZgL00rOPXIGs7XR+NfzvCviT8s5U","privKey":"cBdnFuG0hiyuAFZ5d5ngW5FYsKx/pNXk1tvPik29eV4="},"lastRemoteEphemeralKey":"Bf0q7vdG0z3KZM0cmvNPpdKW5VDR4dfhUSk3oUBpHwAL","previousCounter":0,"rootKey":"e7nB7VYdiowx/KjK4zL4iWs/fFRGSB61eTw7wOVPap4="},"indexInfo":{"baseKey":"BaGEHdOo/Z3HKc3ytnqE3yNeAniZ6ZsrRTz954XqILAP","baseKeyType":1,"closed":-1,"used":1734398771289,"created":1734398771289,"remoteIdentityKey":"BfuCCom8XKIvgFlYmiodYig55l7axdmYHyF9vRDibxMA"},"_chains":{"BTSuKldmQsj4eeNJZgL00rOPXIGs7XR+NfzvCviT8s5U":{"chainKey":{"counter":0,"key":"fyEx8l9xU0Wxxu9g3VFJhhRdp6geqsnOFgpfhdS3ynM="},"chainType":1,"messageKeys":{}}},"pendingPreKey":{"signedKeyId":1,"baseKey":"BaGEHdOo/Z3HKc3ytnqE3yNeAniZ6ZsrRTz954XqILAP"}}},"version":"v1"}