{"_sessions":{"BfumbVA6ZOO1lZGxBjUr1PwUIQ2wKEUUhWdRt3ZS+oNj":{"registrationId":729636309,"currentRatchet":{"ephemeralKeyPair":{"pubKey":"BWzj4Mj5dU6XmkI2Q/PgIyQlznUMDVro9E2di851kmBJ","privKey":"+OVxtjDfrQtDAIZ0ox3fGYkp+J3N0iOo2xxLAfiewXw="},"lastRemoteEphemeralKey":"BXnexnrgXx65PjpuzShiE5sc5YcFRXAkOn0VLT6MuzRG","previousCounter":0,"rootKey":"gyGwefg24OuUlhLZ8KgMgnwSpIZMzKUSmoK9peRXHWs="},"indexInfo":{"baseKey":"BfumbVA6ZOO1lZGxBjUr1PwUIQ2wKEUUhWdRt3ZS+oNj","baseKeyType":1,"closed":-1,"used":1734398775724,"created":1734398775724,"remoteIdentityKey":"BQYTGez4XFRdaDbgxdiFa6gUssROgb+e/zxjT7srAPce"},"_chains":{"BWzj4Mj5dU6XmkI2Q/PgIyQlznUMDVro9E2di851kmBJ":{"chainKey":{"counter":0,"key":"sbcwpVEHzgWGrz/hu6DMGjTdB9nEfTAcAPz5g3gkhm0="},"chainType":1,"messageKeys":{}}},"pendingPreKey":{"signedKeyId":0,"baseKey":"BfumbVA6ZOO1lZGxBjUr1PwUIQ2wKEUUhWdRt3ZS+oNj","preKeyId":12792795}}},"version":"v1"}