{"_sessions":{"BW8LDpiw3cBMj8EQsd7wYBuLboa40wpPEJIQHUtZCNR7":{"registrationId":508624629,"currentRatchet":{"ephemeralKeyPair":{"pubKey":"Ba6YypQmEnl0NTJR3iaxlKMNj9fqEsfgS7yiP4+Zf1hR","privKey":"GAt9fInPR8vuFpRge/oyc2KINEcGcddhFusrCzoVJkY="},"lastRemoteEphemeralKey":"BQ6gChC2JmGQWiu9optGPvSe5KYC0ds1iS9TgTVTzyk+","previousCounter":0,"rootKey":"9ozjEjlfLw5PW64+lsSM8pLKUQGOjF5haJrEwY2DKCw="},"indexInfo":{"baseKey":"BW8LDpiw3cBMj8EQsd7wYBuLboa40wpPEJIQHUtZCNR7","baseKeyType":1,"closed":-1,"used":1734398780426,"created":1734398780426,"remoteIdentityKey":"BeGNTDaaF3zJ1qPPNs6oOCSKCMoDivZS9RYDWE3HqK9i"},"_chains":{"Ba6YypQmEnl0NTJR3iaxlKMNj9fqEsfgS7yiP4+Zf1hR":{"chainKey":{"counter":0,"key":"mSOW1IayYcp5lQHUr9C0hNdu/duJeUrjeGoEPFQX2v0="},"chainType":1,"messageKeys":{}}},"pendingPreKey":{"signedKeyId":1,"baseKey":"BW8LDpiw3cBMj8EQsd7wYBuLboa40wpPEJIQHUtZCNR7"}}},"version":"v1"}