{"_sessions":{"BYTN3nQiIrfj+zmYeLzkaZSgrW8t+ovwX6e2aKhSB11i":{"registrationId":15923170,"currentRatchet":{"ephemeralKeyPair":{"pubKey":"BXOyaRCCrWWokQvtgOSaWiUWuUBXzxBd8wxhHsAVAqdH","privKey":"yF7xBzOcdWavD1NqabB4oNdy+mqpmuMg1C50N0gYwmo="},"lastRemoteEphemeralKey":"BUSqBztR+wFjb/IQg9DSt5qU1kQ3tZNgkn4FM0MUuM1h","previousCounter":0,"rootKey":"isQMRVAm+AmQmalmqad9x1zn89w2nDKSEO3esA/5mYw="},"indexInfo":{"baseKey":"BYTN3nQiIrfj+zmYeLzkaZSgrW8t+ovwX6e2aKhSB11i","baseKeyType":1,"closed":-1,"used":1734398775744,"created":1734398775744,"remoteIdentityKey":"BSngqTY8HYXeLojg8BzYN7j8BZdgkKUOJqRNeivStnlM"},"_chains":{"BXOyaRCCrWWokQvtgOSaWiUWuUBXzxBd8wxhHsAVAqdH":{"chainKey":{"counter":0,"key":"TMa/5AS06Os03K3xMerPZNEdsNHC1UIiwtWpCP34Mg4="},"chainType":1,"messageKeys":{}}},"pendingPreKey":{"signedKeyId":10,"baseKey":"BYTN3nQiIrfj+zmYeLzkaZSgrW8t+ovwX6e2aKhSB11i","preKeyId":16756822}}},"version":"v1"}