{"_sessions":{"BbGKX/Y6Hc+CP3a4VbAx4fzjOFMLYJ3uDvnjYlHf2Vou":{"registrationId":1311327311,"currentRatchet":{"ephemeralKeyPair":{"pubKey":"BVZno7Cm1/L4iT9h8EJVNXH0ePiC8fap5PyJUqQyRfMS","privKey":"+IfemlQustYtP8s8rp4UHvfXORD/8jts/plTwPb9c1U="},"lastRemoteEphemeralKey":"BQ6MCSA22Qkf94WPRys4FiYbgD0/0Tk7xK/Z5mVtyTod","previousCounter":0,"rootKey":"YJBVoq20OdY8xa9OwAGTIOZywhUPJ7n5j3k8MOppXEo="},"indexInfo":{"baseKey":"BbGKX/Y6Hc+CP3a4VbAx4fzjOFMLYJ3uDvnjYlHf2Vou","baseKeyType":1,"closed":-1,"used":1734398778287,"created":1734398778287,"remoteIdentityKey":"Bb10bfmftqTZXh8nwGmlItnwSOGLBtXz/c19FE8h2qNx"},"_chains":{"BVZno7Cm1/L4iT9h8EJVNXH0ePiC8fap5PyJUqQyRfMS":{"chainKey":{"counter":0,"key":"Kx/MGlKCHGkQu3FmoCPBoqLYN1i5f3aHRfifPwOZ7eQ="},"chainType":1,"messageKeys":{}}},"pendingPreKey":{"signedKeyId":2,"baseKey":"BbGKX/Y6Hc+CP3a4VbAx4fzjOFMLYJ3uDvnjYlHf2Vou","preKeyId":3883210}}},"version":"v1"}