{"_sessions":{"BeUi+H9hpFDPG4fD/G2Fp7b6lZD4V5cPgTNelaQumx9y":{"registrationId":687758447,"currentRatchet":{"ephemeralKeyPair":{"pubKey":"BYu2n0UuoF6ajBWU4sgEoY61DHIFW3Jubh6JTHie4VkH","privKey":"OA7nsYCvuoJ/zVPY5BmG3ZeXW5quaXw7WKmwA2OlzWg="},"lastRemoteEphemeralKey":"BRqioPbBYFvtQQAJPzPNupcJwGwxB0HWqkIUYUASs+JG","previousCounter":0,"rootKey":"bBkfQoEe0dZGJziYBbYx1PFk9t2p4elt7v4Rae/c+Yk="},"indexInfo":{"baseKey":"BeUi+H9hpFDPG4fD/G2Fp7b6lZD4V5cPgTNelaQumx9y","baseKeyType":1,"closed":-1,"used":1734398773056,"created":1734398773056,"remoteIdentityKey":"BatVasA17d3ocIUnUMCkzudOw4xcqECpQE/UAczELogV"},"_chains":{"BYu2n0UuoF6ajBWU4sgEoY61DHIFW3Jubh6JTHie4VkH":{"chainKey":{"counter":0,"key":"jbzirbgTbFI1HzbpYKedOG9+TpmD90LVPH938JqUDCI="},"chainType":1,"messageKeys":{}}},"pendingPreKey":{"signedKeyId":0,"baseKey":"BeUi+H9hpFDPG4fD/G2Fp7b6lZD4V5cPgTNelaQumx9y","preKeyId":1954874}}},"version":"v1"}