{"_sessions":{"BV65YEnc0Sh3z1GGebgJ0pPEafslpuVhm/jg9+ctJiI4":{"registrationId":1585874366,"currentRatchet":{"ephemeralKeyPair":{"pubKey":"BZbKQtiIHk3xQRBP3/PHzFZVPE1HKnssP5DnG97CZHVB","privKey":"KDAJGWhZVeMvbz704X7EJiTBm6T7ZGNeKD25Gdjz700="},"lastRemoteEphemeralKey":"BUPyDUKs/wV5oLA1QM82gd7QMoAWkzABcJpQ6ADqedcx","previousCounter":0,"rootKey":"8c5sVHEbNIjqmpL53+8HqUOUL7tMx+UX1oLANLBC+HI="},"indexInfo":{"baseKey":"BV65YEnc0Sh3z1GGebgJ0pPEafslpuVhm/jg9+ctJiI4","baseKeyType":1,"closed":-1,"used":1734398773185,"created":1734398773185,"remoteIdentityKey":"BZssyGfrhPUC7odAYFSpgxubBaMvspXbM7ULiQAXTj02"},"_chains":{"BZbKQtiIHk3xQRBP3/PHzFZVPE1HKnssP5DnG97CZHVB":{"chainKey":{"counter":0,"key":"LqeFSxGdrUHnb3TQXP8KueTXqGWxxYlmp183KthKJpA="},"chainType":1,"messageKeys":{}}},"pendingPreKey":{"signedKeyId":7,"baseKey":"BV65YEnc0Sh3z1GGebgJ0pPEafslpuVhm/jg9+ctJiI4","preKeyId":15591004}}},"version":"v1"}