{"_sessions":{"BS3uvzFXT/xQoq09kqLuJd+QUQpaE3a4EQmAz68qgTcC":{"registrationId":97385608,"currentRatchet":{"ephemeralKeyPair":{"pubKey":"BZ34yhIfD3mEcrSew/2OSPSpToLwHRN4IktsRtOc4xYZ","privKey":"aKnyjl24PKtskHXFRX9gbUYzJofV5VjGD8wvTitZMV8="},"lastRemoteEphemeralKey":"BfOWEvkYLCgQcbY3pnJD8HbIGKjvGyc1XLASAXyJsm85","previousCounter":0,"rootKey":"b4mI/yiWDtVGgS3RNIBx3tA7tkXzvGzQOBE5jCYWWCM="},"indexInfo":{"baseKey":"BS3uvzFXT/xQoq09kqLuJd+QUQpaE3a4EQmAz68qgTcC","baseKeyType":1,"closed":-1,"used":1734398773240,"created":1734398773240,"remoteIdentityKey":"BbTiOfu3oWOBfmAJN5R28NjY+O5TiweCPP375NfZtlof"},"_chains":{"BZ34yhIfD3mEcrSew/2OSPSpToLwHRN4IktsRtOc4xYZ":{"chainKey":{"counter":0,"key":"iIbdLKFdXmXGIFlQva7c5btmmiQuWefdiwjKau0HlBA="},"chainType":1,"messageKeys":{}}},"pendingPreKey":{"signedKeyId":1,"baseKey":"BS3uvzFXT/xQoq09kqLuJd+QUQpaE3a4EQmAz68qgTcC","preKeyId":6770802}}},"version":"v1"}