{"_sessions":{"BRpqI7WEvzqYGWt4x2LqMYKJTnbcxiKb+8v7E/tovq8T":{"registrationId":330245789,"currentRatchet":{"ephemeralKeyPair":{"pubKey":"BXhAx0fYdoo9YNviNv+Rp1lwuwTmw7WzMPDaBpjDQ04c","privKey":"CDf8/MVhWkqako6e9owD+OwOPjJNiKjQrnA6uWybGXA="},"lastRemoteEphemeralKey":"BbvtIVa/Pbx4eqopffXGi0JAUmqMVkLVtzpN2yWs/P18","previousCounter":0,"rootKey":"yWmg/0yMiaoNqTsNKBXisTTZJem2laiX5qLOpy69VbI="},"indexInfo":{"baseKey":"BRpqI7WEvzqYGWt4x2LqMYKJTnbcxiKb+8v7E/tovq8T","baseKeyType":1,"closed":-1,"used":1734398780373,"created":1734398780373,"remoteIdentityKey":"BRKRlvrajr4YN2sXSMf28IlQf9Ahdo/JtDnpfVZ3kkx0"},"_chains":{"BXhAx0fYdoo9YNviNv+Rp1lwuwTmw7WzMPDaBpjDQ04c":{"chainKey":{"counter":0,"key":"2Nmywph9RMDxY54tW6cAGO9KWrB7ouJm1vqDFNd79DM="},"chainType":1,"messageKeys":{}}},"pendingPreKey":{"signedKeyId":7,"baseKey":"BRpqI7WEvzqYGWt4x2LqMYKJTnbcxiKb+8v7E/tovq8T","preKeyId":949737}}},"version":"v1"}