{"_sessions":{"BWIBcVl9cGZc7w4RV5NoQlknZZO+ozfybyybXz/7TOs7":{"registrationId":2113396156,"currentRatchet":{"ephemeralKeyPair":{"pubKey":"BSLbWYXdeXT2VXwz+zftEjyEnUlHdbLR6gKrQV7uSxVh","privKey":"WJpYE/FU6pY3/RFhWqeCHKiZjueW7eCd279a9i3+UXE="},"lastRemoteEphemeralKey":"BTKRcZMcwD4Sb8YClATCXQihiMXP6RJjJl4y4/Uvv2UT","previousCounter":0,"rootKey":"CLEeDK41fr9vF1GdKBSESeDQhUDNJOvWoj+MQtQJPSc="},"indexInfo":{"baseKey":"BWIBcVl9cGZc7w4RV5NoQlknZZO+ozfybyybXz/7TOs7","baseKeyType":1,"closed":-1,"used":1734398566846,"created":1734398566846,"remoteIdentityKey":"BQT4UIT8pdhbwTj6uMGXGdVElf5PjUTyIppDTbXqkyRw"},"_chains":{"BSLbWYXdeXT2VXwz+zftEjyEnUlHdbLR6gKrQV7uSxVh":{"chainKey":{"counter":9,"key":"bSQegjChgLnOqgaNpRDmq4KZmh/DOunZzxVajTyG7/s="},"chainType":1,"messageKeys":{}}},"pendingPreKey":{"signedKeyId":10,"baseKey":"BWIBcVl9cGZc7w4RV5NoQlknZZO+ozfybyybXz/7TOs7","preKeyId":12514379}}},"version":"v1"}