{"_sessions":{"BdKGgMKRn1vM4+zlyc9S3Refh2hJDYQmDIdmbdM08mZB":{"registrationId":171,"currentRatchet":{"ephemeralKeyPair":{"pubKey":"BcpJPwnZ6t3BfXwnGo1ryGdch1cqknUEpXMZjR9BP81y","privKey":"GErqj++nTpvq2MHShdXNbTVK9KYPBhTYT+HtZruVYUQ="},"lastRemoteEphemeralKey":"BZmpaZapHW/vH1Lu6kXKhHXryXjMzY/VaVsIcq9VqhMM","previousCounter":0,"rootKey":"7oFGtX5gNaDD+b2sppE64BO1glJ/Z4MxrawcSSC8MMA="},"indexInfo":{"baseKey":"BdKGgMKRn1vM4+zlyc9S3Refh2hJDYQmDIdmbdM08mZB","baseKeyType":1,"closed":-1,"used":1734398468004,"created":1734398468004,"remoteIdentityKey":"BQ8h34/Qm8X/zE0uAQccJoUJmpWxbgCtotX23bo0Cmsp"},"_chains":{"BcpJPwnZ6t3BfXwnGo1ryGdch1cqknUEpXMZjR9BP81y":{"chainKey":{"counter":0,"key":"k3T0u2ZM6x6oQorGZ9WaYQ9wlrfg0pGAP86d+IxB/sc="},"chainType":1,"messageKeys":{}}},"pendingPreKey":{"signedKeyId":1,"baseKey":"BdKGgMKRn1vM4+zlyc9S3Refh2hJDYQmDIdmbdM08mZB"}}},"version":"v1"}