{"_sessions":{"BXQ95Sosmu0kd65dS+57d3zYB/5xMgsn+1egRkyJdF0t":{"registrationId":1580153157,"currentRatchet":{"ephemeralKeyPair":{"pubKey":"BY4JG9wt/rW/AadSFGt3HHoz9OWnKBszXT5hNDi6FJZU","privKey":"IAHteh+3ysdGx6+jKn2F1kxxjKk0k24kqP+fdFzC9UQ="},"lastRemoteEphemeralKey":"BeSlit8gvFm3gQ5cNuWnIOL9OoMo+5Xu5/7C0jI499Q2","previousCounter":0,"rootKey":"KDMBOrAE75M3cMBiRmYAtGNX/iqS4Vb8iBDZAjulp4c="},"indexInfo":{"baseKey":"BXQ95Sosmu0kd65dS+57d3zYB/5xMgsn+1egRkyJdF0t","baseKeyType":1,"closed":-1,"used":1734398778161,"created":1734398778161,"remoteIdentityKey":"BU9IOQajPcrEN53ILY9o87jL5XhQk92gjccdremuAs1F"},"_chains":{"BY4JG9wt/rW/AadSFGt3HHoz9OWnKBszXT5hNDi6FJZU":{"chainKey":{"counter":0,"key":"AnfukPZTbrI8oq+8avIw6UFqaR/gf3PDYhopx/a//eA="},"chainType":1,"messageKeys":{}}},"pendingPreKey":{"signedKeyId":49,"baseKey":"BXQ95Sosmu0kd65dS+57d3zYB/5xMgsn+1egRkyJdF0t","preKeyId":7776108}}},"version":"v1"}