{"_sessions":{"BXmF6DzrPnIOU1NO/7B2IO+pJgxE5BNWl5ytFlBnczdF":{"registrationId":1469886668,"currentRatchet":{"ephemeralKeyPair":{"pubKey":"BUb8jpcVAEoR0Qpwbp2YYNea6dpkF0tb65yHl0TqMP5T","privKey":"aC3t/0J5JPmmR+wgnBD2UM5qdoPsdG4fUtqPlXVWrnY="},"lastRemoteEphemeralKey":"BURQLKSwtsNGHSS+6baRdZSL5WKlIiuiITC3tHRHLIVx","previousCounter":0,"rootKey":"mrmbimd1rdrv2xTUS0zYy/WRdzxmVkctcSf8E6Glo8Q="},"indexInfo":{"baseKey":"BXmF6DzrPnIOU1NO/7B2IO+pJgxE5BNWl5ytFlBnczdF","baseKeyType":1,"closed":-1,"used":1734398775715,"created":1734398775715,"remoteIdentityKey":"BXYLiVLABHAvlthQxlpDXVUls9YzfyVf94a4B3QI2b1i"},"_chains":{"BUb8jpcVAEoR0Qpwbp2YYNea6dpkF0tb65yHl0TqMP5T":{"chainKey":{"counter":0,"key":"b6TjuVVXIxF6e1+S2MCi9gDk6wZymCL7X77sUjaM1gs="},"chainType":1,"messageKeys":{}}},"pendingPreKey":{"signedKeyId":4,"baseKey":"BXmF6DzrPnIOU1NO/7B2IO+pJgxE5BNWl5ytFlBnczdF","preKeyId":1835496}}},"version":"v1"}