{"_sessions":{"BV3B2ZXGdvkBU9iD7QOv8QCQqewdqSHuj/5gaH+dT1pC":{"registrationId":998626861,"currentRatchet":{"ephemeralKeyPair":{"pubKey":"Bekrsl2lpzi610AtBJdDoSzufrN97VnJ7HS7O6FuYRVK","privKey":"sP49bp3oXxafQAkZ8Dzs/B5kJMLSAgCt/rJDHMtDxnw="},"lastRemoteEphemeralKey":"BV80HUjoWX2sw0QixUUOtNFXbPOgDR7sdnb5eoHuCgst","previousCounter":0,"rootKey":"fMp9P5U+mu9HgwBhQ/FITdEByT7Z3/DOmJ4jChKTinU="},"indexInfo":{"baseKey":"BV3B2ZXGdvkBU9iD7QOv8QCQqewdqSHuj/5gaH+dT1pC","baseKeyType":1,"closed":-1,"used":1734398775519,"created":1734398775519,"remoteIdentityKey":"Ba6bDOL4oeGVwG6WpApphhVO+1CUsLQFpkYzk8JynfhR"},"_chains":{"Bekrsl2lpzi610AtBJdDoSzufrN97VnJ7HS7O6FuYRVK":{"chainKey":{"counter":0,"key":"YUNLQzMRRjP1oA1D2OvImRcGhVGX2zisBE1NoWyhRMw="},"chainType":1,"messageKeys":{}}},"pendingPreKey":{"signedKeyId":11429480,"baseKey":"BV3B2ZXGdvkBU9iD7QOv8QCQqewdqSHuj/5gaH+dT1pC"}}},"version":"v1"}