{"_sessions":{"BXlU600ij9sQ0wLVBvx8TjAK+zChykFC6YLFNudJoBQS":{"registrationId":2037111706,"currentRatchet":{"ephemeralKeyPair":{"pubKey":"BenxnixiW6lZiPl8fDF9ROaiciaItmuDDLdqghrajwRb","privKey":"gMP3LZVRN2NcMDl/CeIMKaqQ9LSBdMF+X8alVS4oK1E="},"lastRemoteEphemeralKey":"BRE9ddilzQBS9Qo891dPHN1+20lBoqBwac65zk8cNel/","previousCounter":0,"rootKey":"A5EiLbe5oeHf7WiZvCyhMDyvUtjs/trionfDIP+Ke7A="},"indexInfo":{"baseKey":"BXlU600ij9sQ0wLVBvx8TjAK+zChykFC6YLFNudJoBQS","baseKeyType":1,"closed":-1,"used":1734398780502,"created":1734398780502,"remoteIdentityKey":"BZiJ/aF1y7rKodrIScj8g0iKYMS8j2H9xSmNiKWqcAsE"},"_chains":{"BenxnixiW6lZiPl8fDF9ROaiciaItmuDDLdqghrajwRb":{"chainKey":{"counter":0,"key":"nns0Ep2mWLddnfGnSYygs4S7qmuNrVmSnpu1Cbg/nbQ="},"chainType":1,"messageKeys":{}}},"pendingPreKey":{"signedKeyId":10,"baseKey":"BXlU600ij9sQ0wLVBvx8TjAK+zChykFC6YLFNudJoBQS"}}},"version":"v1"}