{"_sessions":{"BY9vKoc54OdZ8i4nO64iY9UcoxPLOoonLA+ICqVz7o8Q":{"registrationId":1789778367,"currentRatchet":{"ephemeralKeyPair":{"pubKey":"BdoyfWcJBLfcouF6TZDWCjVWchwzJcHiWbdvaBbEN99O","privKey":"sEhzgglqU7qXEayy0NtGTre5pVOLuzie6p9sSHG0l34="},"lastRemoteEphemeralKey":"BcRRzBr5iyfZKjOtABD9h13y2a7Mi4epNh9xODoyXKNU","previousCounter":0,"rootKey":"T30OsqA7xAV0MBuQzhyu0z9wJxWsbnEuieW641TxABA="},"indexInfo":{"baseKey":"BY9vKoc54OdZ8i4nO64iY9UcoxPLOoonLA+ICqVz7o8Q","baseKeyType":1,"closed":-1,"used":1734398773279,"created":1734398773279,"remoteIdentityKey":"BUe27EqRyHhWwzPDSOsE8Xx+vRTgIIQQX8nm9hBhqf9s"},"_chains":{"BdoyfWcJBLfcouF6TZDWCjVWchwzJcHiWbdvaBbEN99O":{"chainKey":{"counter":0,"key":"oeHLWz7awklLTXJFatLWSQaxn+ezvR1sd2pzEfTUPF0="},"chainType":1,"messageKeys":{}}},"pendingPreKey":{"signedKeyId":0,"baseKey":"BY9vKoc54OdZ8i4nO64iY9UcoxPLOoonLA+ICqVz7o8Q"}}},"version":"v1"}