{"_sessions":{"BYjfNApOnMuUKRJNuhTzx4ZQ+hVM3Exio4/ci8SChhEo":{"registrationId":55611816,"currentRatchet":{"ephemeralKeyPair":{"pubKey":"BQuFXeFiz1ls6gPCUCLiQtHHjh4w93F34WaNLpNU2d5C","privKey":"CI/ZQBfHy/SaJYv6O7FiPC59zxXyxHii9hiyIz48o3Y="},"lastRemoteEphemeralKey":"BR2EoGgPHX1m4ocEIT/GVbyHbq50EF9Q5jCbCX4/Qdl4","previousCounter":0,"rootKey":"8chMgW79ajk8ZcggF1WE6lT9NR3v3BHa/4nv6wGQDIk="},"indexInfo":{"baseKey":"BYjfNApOnMuUKRJNuhTzx4ZQ+hVM3Exio4/ci8SChhEo","baseKeyType":1,"closed":-1,"used":1734398775684,"created":1734398775684,"remoteIdentityKey":"BYyW5IKe6pS9dUt/ROpsRjAB8Osz7iqMy/l6irFFFOBN"},"_chains":{"BQuFXeFiz1ls6gPCUCLiQtHHjh4w93F34WaNLpNU2d5C":{"chainKey":{"counter":0,"key":"jYg7p1Rc9aulFMEMLT73c3hw6+kaMK7dMwxHnhLjo58="},"chainType":1,"messageKeys":{}}},"pendingPreKey":{"signedKeyId":2,"baseKey":"BYjfNApOnMuUKRJNuhTzx4ZQ+hVM3Exio4/ci8SChhEo"}}},"version":"v1"}